
> ecorutas-backend@1.0.0 dev
> ts-node-dev --respawn --transpile-only src/index.ts

[INFO] 01:40:21 ts-node-dev ver. 2.0.0 (using ts-node ver. 10.9.2, typescript ver. 5.9.3)
✅ Conectado a PostgreSQL
🚀 Backend corriendo en http://localhost:4000
   WebSocket (Socket.io) activo
   Ambiente: development
   Frontend: http://localhost:3000
prisma:query SELECT "public"."users"."id", "public"."users"."firstName", "public"."users"."isActive", "public"."users"."isVerified" FROM "public"."users" WHERE ("public"."users"."email" = $1 AND 1=1) LIMIT $2 OFFSET $3
prisma:query UPDATE "public"."users" SET "passwordResetToken" = $1, "passwordResetExpiry" = $2, "updatedAt" = $3 WHERE ("public"."users"."id" = $4 AND 1=1) RETURNING "public"."users"."id", "public"."users"."email", "public"."users"."password", "public"."users"."dni", "public"."users"."firstName", "public"."users"."lastName", "public"."users"."phone", "public"."users"."address", "public"."users"."district", "public"."users"."role"::text, "public"."users"."isActive", "public"."users"."isVerified", "public"."users"."emailVerificationToken", "public"."users"."emailVerificationExpiry", "public"."users"."passwordResetToken", "public"."users"."passwordResetExpiry", "public"."users"."failedLoginAttempts", "public"."users"."lockedUntil", "public"."users"."lastLoginAt", "public"."users"."zoneId", "public"."users"."homeLat", "public"."users"."homeLng", "public"."users"."alertRadius", "public"."users"."createdAt", "public"."users"."updatedAt"
[INFO] 01:41:32 Restarting: D:\Proyectos\Ing de Sofware\recoleccion\backend\src\config\env.ts has been modified
✅ Conectado a PostgreSQL
Error: listen EADDRINUSE: address already in use :::4000
    at Server.setupListenHandle [as _listen2] (node:net:2008:16)
    at listenInCluster (node:net:2065:12)
    at Server.listen (node:net:2170:7)
    at main (D:\Proyectos\Ing de Sofware\recoleccion\backend\src\index.ts:78:16)
[ERROR] 01:41:32 Error: listen EADDRINUSE: address already in use :::4000
[INFO] 01:41:41 Restarting: D:\Proyectos\Ing de Sofware\recoleccion\backend\src\index.ts has been modified
✅ Conectado a PostgreSQL
🚀 Backend corriendo en http://localhost:4000
   WebSocket (Socket.io) activo
   Ambiente: development
   Frontend: http://localhost:3000,http://localhost:3001
[INFO] 01:41:58 Restarting: D:\Proyectos\Ing de Sofware\recoleccion\backend\src\socket\index.ts has been modified
✅ Conectado a PostgreSQL
Error: listen EADDRINUSE: address already in use :::4000
    at Server.setupListenHandle [as _listen2] (node:net:2008:16)
    at listenInCluster (node:net:2065:12)
    at Server.listen (node:net:2170:7)
    at main (D:\Proyectos\Ing de Sofware\recoleccion\backend\src\index.ts:82:16)
[ERROR] 01:41:58 Error: listen EADDRINUSE: address already in use :::4000
[INFO] 01:50:54 Restarting: D:\Proyectos\Ing de Sofware\recoleccion\backend\src\index.ts has been modified
✅ Conectado a PostgreSQL
🚀 Backend corriendo en http://localhost:4000
   WebSocket (Socket.io) activo
   Ambiente: development
   Frontend: http://localhost:3000,http://localhost:3001
[INFO] 01:57:25 Restarting: D:\Proyectos\Ing de Sofware\recoleccion\backend\src\index.ts has been modified
✅ Conectado a PostgreSQL
🚀 Backend corriendo en http://localhost:4000
   WebSocket (Socket.io) activo
   Ambiente: development
   Frontend: http://localhost:3000,http://localhost:3001
[INFO] 02:04:37 Restarting: D:\Proyectos\Ing de Sofware\recoleccion\backend\src\index.ts has been modified
✅ Conectado a PostgreSQL
🚀 Backend corriendo en http://localhost:4000
   WebSocket (Socket.io) activo
   Ambiente: development
   Frontend: http://localhost:3000,http://localhost:3001
[INFO] 02:20:03 Restarting: D:\Proyectos\Ing de Sofware\recoleccion\backend\src\index.ts has been modified
✅ Conectado a PostgreSQL
🚀 Backend corriendo en http://localhost:4000
   WebSocket (Socket.io) activo
   Ambiente: development
   Frontend: http://localhost:3000,http://localhost:3001
[INFO] 02:27:36 Restarting: D:\Proyectos\Ing de Sofware\recoleccion\backend\src\index.ts has been modified
✅ Conectado a PostgreSQL
Error: listen EADDRINUSE: address already in use :::4000
    at Server.setupListenHandle [as _listen2] (node:net:2008:16)
    at listenInCluster (node:net:2065:12)
    at Server.listen (node:net:2170:7)
    at main (D:\Proyectos\Ing de Sofware\recoleccion\backend\src\index.ts:93:16)
[ERROR] 02:27:37 Error: listen EADDRINUSE: address already in use :::4000
[INFO] 03:35:45 Restarting: D:\Proyectos\Ing de Sofware\recoleccion\backend\src\socket\tracking.ts has been modified
✅ Conectado a PostgreSQL
Error: listen EADDRINUSE: address already in use :::4000
    at Server.setupListenHandle [as _listen2] (node:net:2008:16)
    at listenInCluster (node:net:2065:12)
    at Server.listen (node:net:2170:7)
    at main (D:\Proyectos\Ing de Sofware\recoleccion\backend\src\index.ts:93:16)
[ERROR] 03:35:45 Error: listen EADDRINUSE: address already in use :::4000
[INFO] 03:35:50 Restarting: D:\Proyectos\Ing de Sofware\recoleccion\backend\src\socket\tracking.ts has been modified
✅ Conectado a PostgreSQL
Error: listen EADDRINUSE: address already in use :::4000
    at Server.setupListenHandle [as _listen2] (node:net:2008:16)
    at listenInCluster (node:net:2065:12)
    at Server.listen (node:net:2170:7)
    at main (D:\Proyectos\Ing de Sofware\recoleccion\backend\src\index.ts:93:16)
[ERROR] 03:35:50 Error: listen EADDRINUSE: address already in use :::4000
[INFO] 04:01:22 Restarting: D:\Proyectos\Ing de Sofware\recoleccion\backend\src\validators\incident.validator.ts has been modified
✅ Conectado a PostgreSQL
Error: listen EADDRINUSE: address already in use :::4000
    at Server.setupListenHandle [as _listen2] (node:net:2008:16)
    at listenInCluster (node:net:2065:12)
    at Server.listen (node:net:2170:7)
    at main (D:\Proyectos\Ing de Sofware\recoleccion\backend\src\index.ts:93:16)
[ERROR] 04:01:22 Error: listen EADDRINUSE: address already in use :::4000
[INFO] 04:01:51 Restarting: D:\Proyectos\Ing de Sofware\recoleccion\backend\src\services\incident.service.ts has been modified
✅ Conectado a PostgreSQL
Error: listen EADDRINUSE: address already in use :::4000
    at Server.setupListenHandle [as _listen2] (node:net:2008:16)
    at listenInCluster (node:net:2065:12)
    at Server.listen (node:net:2170:7)
    at main (D:\Proyectos\Ing de Sofware\recoleccion\backend\src\index.ts:93:16)
[ERROR] 04:01:52 Error: listen EADDRINUSE: address already in use :::4000
[INFO] 04:02:16 Restarting: D:\Proyectos\Ing de Sofware\recoleccion\backend\src\controllers\incident.controller.ts has been modified
✅ Conectado a PostgreSQL
🚀 Backend corriendo en http://localhost:4000
   WebSocket (Socket.io) activo
   Ambiente: development
   Frontend: http://localhost:3000,http://localhost:3001
prisma:query SELECT "public"."refresh_tokens"."id", "public"."refresh_tokens"."token", "public"."refresh_tokens"."userId", "public"."refresh_tokens"."expiresAt", "public"."refresh_tokens"."createdAt" FROM "public"."refresh_tokens" WHERE ("public"."refresh_tokens"."token" = $1 AND 1=1) LIMIT $2 OFFSET $3
prisma:query SELECT "public"."users"."id", "public"."users"."email", "public"."users"."role"::text, "public"."users"."isActive" FROM "public"."users" WHERE "public"."users"."id" IN ($1) OFFSET $2
prisma:query BEGIN
prisma:query DELETE FROM "public"."refresh_tokens" WHERE ("public"."refresh_tokens"."token" = $1 AND 1=1) RETURNING "public"."refresh_tokens"."id", "public"."refresh_tokens"."token", "public"."refresh_tokens"."userId", "public"."refresh_tokens"."expiresAt", "public"."refresh_tokens"."createdAt"
prisma:query INSERT INTO "public"."refresh_tokens" ("id","token","userId","expiresAt","createdAt") VALUES ($1,$2,$3,$4,$5) RETURNING "public"."refresh_tokens"."id", "public"."refresh_tokens"."token", "public"."refresh_tokens"."userId", "public"."refresh_tokens"."expiresAt", "public"."refresh_tokens"."createdAt"
prisma:query COMMIT
[INFO] 04:02:36 Restarting: D:\Proyectos\Ing de Sofware\recoleccion\backend\src\routes\incident.routes.ts has been modified
✅ Conectado a PostgreSQL
Error: listen EADDRINUSE: address already in use :::4000
    at Server.setupListenHandle [as _listen2] (node:net:2008:16)
    at listenInCluster (node:net:2065:12)
    at Server.listen (node:net:2170:7)
    at main (D:\Proyectos\Ing de Sofware\recoleccion\backend\src\index.ts:93:16)
[ERROR] 04:02:37 Error: listen EADDRINUSE: address already in use :::4000
[INFO] 04:03:07 Restarting: D:\Proyectos\Ing de Sofware\recoleccion\backend\src\services\incident.service.ts has been modified
✅ Conectado a PostgreSQL
🚀 Backend corriendo en http://localhost:4000
   WebSocket (Socket.io) activo
   Ambiente: development
   Frontend: http://localhost:3000,http://localhost:3001
prisma:query SELECT 1
prisma:query SELECT "public"."zones"."id", "public"."zones"."name", "public"."zones"."description", "public"."zones"."district", "public"."zones"."color", "public"."zones"."isActive", "public"."zones"."geometry", "public"."zones"."createdById", "public"."zones"."createdAt", "public"."zones"."updatedAt", COALESCE("aggr_selection_0_User"."_aggr_count_users", 0) AS "_aggr_count_users", COALESCE("aggr_selection_1_Route"."_aggr_count_routes", 0) AS "_aggr_count_routes" FROM "public"."zones" LEFT JOIN (SELECT "public"."users"."zoneId", COUNT(*) AS "_aggr_count_users" FROM "public"."users" WHERE 1=1 GROUP BY "public"."users"."zoneId") AS "aggr_selection_0_User" ON ("public"."zones"."id" = "aggr_selection_0_User"."zoneId") LEFT JOIN (SELECT "public"."routes"."zoneId", COUNT(*) AS "_aggr_count_routes" FROM "public"."routes" WHERE 1=1 GROUP BY "public"."routes"."zoneId") AS "aggr_selection_1_Route" ON ("public"."zones"."id" = "aggr_selection_1_Route"."zoneId") WHERE 1=1 ORDER BY "public"."zones"."createdAt" DESC OFFSET $1
prisma:query SELECT "public"."users"."id", "public"."users"."firstName", "public"."users"."lastName" FROM "public"."users" WHERE "public"."users"."id" IN ($1) OFFSET $2
prisma:query SELECT "public"."zones"."id", "public"."zones"."name", "public"."zones"."description", "public"."zones"."district", "public"."zones"."color", "public"."zones"."isActive", "public"."zones"."geometry", "public"."zones"."createdById", "public"."zones"."createdAt", "public"."zones"."updatedAt", COALESCE("aggr_selection_0_User"."_aggr_count_users", 0) AS "_aggr_count_users", COALESCE("aggr_selection_1_Route"."_aggr_count_routes", 0) AS "_aggr_count_routes" FROM "public"."zones" LEFT JOIN (SELECT "public"."users"."zoneId", COUNT(*) AS "_aggr_count_users" FROM "public"."users" WHERE 1=1 GROUP BY "public"."users"."zoneId") AS "aggr_selection_0_User" ON ("public"."zones"."id" = "aggr_selection_0_User"."zoneId") LEFT JOIN (SELECT "public"."routes"."zoneId", COUNT(*) AS "_aggr_count_routes" FROM "public"."routes" WHERE 1=1 GROUP BY "public"."routes"."zoneId") AS "aggr_selection_1_Route" ON ("public"."zones"."id" = "aggr_selection_1_Route"."zoneId") WHERE 1=1 ORDER BY "public"."zones"."createdAt" DESC OFFSET $1
prisma:query SELECT "public"."users"."id", "public"."users"."firstName", "public"."users"."lastName" FROM "public"."users" WHERE "public"."users"."id" IN ($1) OFFSET $2
prisma:query SELECT "public"."zones"."id", "public"."zones"."name", "public"."zones"."description", "public"."zones"."district", "public"."zones"."color", "public"."zones"."isActive", "public"."zones"."geometry", "public"."zones"."createdById", "public"."zones"."createdAt", "public"."zones"."updatedAt", COALESCE("aggr_selection_0_User"."_aggr_count_users", 0) AS "_aggr_count_users", COALESCE("aggr_selection_1_Route"."_aggr_count_routes", 0) AS "_aggr_count_routes" FROM "public"."zones" LEFT JOIN (SELECT "public"."users"."zoneId", COUNT(*) AS "_aggr_count_users" FROM "public"."users" WHERE 1=1 GROUP BY "public"."users"."zoneId") AS "aggr_selection_0_User" ON ("public"."zones"."id" = "aggr_selection_0_User"."zoneId") LEFT JOIN (SELECT "public"."routes"."zoneId", COUNT(*) AS "_aggr_count_routes" FROM "public"."routes" WHERE 1=1 GROUP BY "public"."routes"."zoneId") AS "aggr_selection_1_Route" ON ("public"."zones"."id" = "aggr_selection_1_Route"."zoneId") WHERE 1=1 ORDER BY "public"."zones"."createdAt" DESC OFFSET $1
prisma:query SELECT "public"."users"."id", "public"."users"."firstName", "public"."users"."lastName" FROM "public"."users" WHERE "public"."users"."id" IN ($1) OFFSET $2
prisma:query SELECT "public"."zones"."id", "public"."zones"."name", "public"."zones"."description", "public"."zones"."district", "public"."zones"."color", "public"."zones"."isActive", "public"."zones"."geometry", "public"."zones"."createdById", "public"."zones"."createdAt", "public"."zones"."updatedAt", COALESCE("aggr_selection_0_User"."_aggr_count_users", 0) AS "_aggr_count_users", COALESCE("aggr_selection_1_Route"."_aggr_count_routes", 0) AS "_aggr_count_routes" FROM "public"."zones" LEFT JOIN (SELECT "public"."users"."zoneId", COUNT(*) AS "_aggr_count_users" FROM "public"."users" WHERE 1=1 GROUP BY "public"."users"."zoneId") AS "aggr_selection_0_User" ON ("public"."zones"."id" = "aggr_selection_0_User"."zoneId") LEFT JOIN (SELECT "public"."routes"."zoneId", COUNT(*) AS "_aggr_count_routes" FROM "public"."routes" WHERE 1=1 GROUP BY "public"."routes"."zoneId") AS "aggr_selection_1_Route" ON ("public"."zones"."id" = "aggr_selection_1_Route"."zoneId") WHERE 1=1 ORDER BY "public"."zones"."createdAt" DESC OFFSET $1
prisma:query SELECT "public"."users"."id", "public"."users"."firstName", "public"."users"."lastName" FROM "public"."users" WHERE "public"."users"."id" IN ($1) OFFSET $2
prisma:query SELECT 1
prisma:query DELETE FROM "public"."refresh_tokens" WHERE "public"."refresh_tokens"."token" = $1
prisma:query SELECT "public"."zones"."id", "public"."zones"."name", "public"."zones"."description", "public"."zones"."district", "public"."zones"."color", "public"."zones"."isActive", "public"."zones"."geometry", "public"."zones"."createdById", "public"."zones"."createdAt", "public"."zones"."updatedAt", COALESCE("aggr_selection_0_User"."_aggr_count_users", 0) AS "_aggr_count_users", COALESCE("aggr_selection_1_Route"."_aggr_count_routes", 0) AS "_aggr_count_routes" FROM "public"."zones" LEFT JOIN (SELECT "public"."users"."zoneId", COUNT(*) AS "_aggr_count_users" FROM "public"."users" WHERE 1=1 GROUP BY "public"."users"."zoneId") AS "aggr_selection_0_User" ON ("public"."zones"."id" = "aggr_selection_0_User"."zoneId") LEFT JOIN (SELECT "public"."routes"."zoneId", COUNT(*) AS "_aggr_count_routes" FROM "public"."routes" WHERE 1=1 GROUP BY "public"."routes"."zoneId") AS "aggr_selection_1_Route" ON ("public"."zones"."id" = "aggr_selection_1_Route"."zoneId") WHERE 1=1 ORDER BY "public"."zones"."createdAt" DESC OFFSET $1
prisma:query SELECT "public"."users"."id", "public"."users"."firstName", "public"."users"."lastName" FROM "public"."users" WHERE "public"."users"."id" IN ($1) OFFSET $2
prisma:query SELECT "public"."zones"."id", "public"."zones"."name", "public"."zones"."description", "public"."zones"."district", "public"."zones"."color", "public"."zones"."isActive", "public"."zones"."geometry", "public"."zones"."createdById", "public"."zones"."createdAt", "public"."zones"."updatedAt", COALESCE("aggr_selection_0_User"."_aggr_count_users", 0) AS "_aggr_count_users", COALESCE("aggr_selection_1_Route"."_aggr_count_routes", 0) AS "_aggr_count_routes" FROM "public"."zones" LEFT JOIN (SELECT "public"."users"."zoneId", COUNT(*) AS "_aggr_count_users" FROM "public"."users" WHERE 1=1 GROUP BY "public"."users"."zoneId") AS "aggr_selection_0_User" ON ("public"."zones"."id" = "aggr_selection_0_User"."zoneId") LEFT JOIN (SELECT "public"."routes"."zoneId", COUNT(*) AS "_aggr_count_routes" FROM "public"."routes" WHERE 1=1 GROUP BY "public"."routes"."zoneId") AS "aggr_selection_1_Route" ON ("public"."zones"."id" = "aggr_selection_1_Route"."zoneId") WHERE 1=1 ORDER BY "public"."zones"."createdAt" DESC OFFSET $1
prisma:query SELECT "public"."users"."id", "public"."users"."firstName", "public"."users"."lastName" FROM "public"."users" WHERE "public"."users"."id" IN ($1) OFFSET $2
prisma:query SELECT 1
prisma:query SELECT "public"."users"."id", "public"."users"."email", "public"."users"."password", "public"."users"."role"::text, "public"."users"."firstName", "public"."users"."lastName", "public"."users"."zoneId", "public"."users"."isActive", "public"."users"."isVerified", "public"."users"."lockedUntil", "public"."users"."failedLoginAttempts" FROM "public"."users" WHERE ("public"."users"."email" = $1 AND 1=1) LIMIT $2 OFFSET $3
prisma:query BEGIN
prisma:query UPDATE "public"."users" SET "failedLoginAttempts" = $1, "lockedUntil" = $2, "lastLoginAt" = $3, "updatedAt" = $4 WHERE ("public"."users"."id" = $5 AND 1=1) RETURNING "public"."users"."id", "public"."users"."email", "public"."users"."password", "public"."users"."dni", "public"."users"."firstName", "public"."users"."lastName", "public"."users"."phone", "public"."users"."address", "public"."users"."district", "public"."users"."role"::text, "public"."users"."isActive", "public"."users"."isVerified", "public"."users"."emailVerificationToken", "public"."users"."emailVerificationExpiry", "public"."users"."passwordResetToken", "public"."users"."passwordResetExpiry", "public"."users"."failedLoginAttempts", "public"."users"."lockedUntil", "public"."users"."lastLoginAt", "public"."users"."zoneId", "public"."users"."homeLat", "public"."users"."homeLng", "public"."users"."alertRadius", "public"."users"."createdAt", "public"."users"."updatedAt"
prisma:query INSERT INTO "public"."refresh_tokens" ("id","token","userId","expiresAt","createdAt") VALUES ($1,$2,$3,$4,$5) RETURNING "public"."refresh_tokens"."id", "public"."refresh_tokens"."token", "public"."refresh_tokens"."userId", "public"."refresh_tokens"."expiresAt", "public"."refresh_tokens"."createdAt"
prisma:query COMMIT
prisma:query SELECT "public"."zones"."id", "public"."zones"."name", "public"."zones"."description", "public"."zones"."district", "public"."zones"."color", "public"."zones"."isActive", "public"."zones"."geometry", "public"."zones"."createdById", "public"."zones"."createdAt", "public"."zones"."updatedAt", COALESCE("aggr_selection_0_User"."_aggr_count_users", 0) AS "_aggr_count_users", COALESCE("aggr_selection_1_Route"."_aggr_count_routes", 0) AS "_aggr_count_routes" FROM "public"."zones" LEFT JOIN (SELECT "public"."users"."zoneId", COUNT(*) AS "_aggr_count_users" FROM "public"."users" WHERE 1=1 GROUP BY "public"."users"."zoneId") AS "aggr_selection_0_User" ON ("public"."zones"."id" = "aggr_selection_0_User"."zoneId") LEFT JOIN (SELECT "public"."routes"."zoneId", COUNT(*) AS "_aggr_count_routes" FROM "public"."routes" WHERE 1=1 GROUP BY "public"."routes"."zoneId") AS "aggr_selection_1_Route" ON ("public"."zones"."id" = "aggr_selection_1_Route"."zoneId") WHERE 1=1 ORDER BY "public"."zones"."createdAt" DESC OFFSET $1
prisma:query SELECT "public"."users"."id", "public"."users"."firstName", "public"."users"."lastName" FROM "public"."users" WHERE "public"."users"."id" IN ($1) OFFSET $2
prisma:query SELECT "public"."zones"."id", "public"."zones"."name", "public"."zones"."description", "public"."zones"."district", "public"."zones"."color", "public"."zones"."isActive", "public"."zones"."geometry", "public"."zones"."createdById", "public"."zones"."createdAt", "public"."zones"."updatedAt", COALESCE("aggr_selection_0_User"."_aggr_count_users", 0) AS "_aggr_count_users", COALESCE("aggr_selection_1_Route"."_aggr_count_routes", 0) AS "_aggr_count_routes" FROM "public"."zones" LEFT JOIN (SELECT "public"."users"."zoneId", COUNT(*) AS "_aggr_count_users" FROM "public"."users" WHERE 1=1 GROUP BY "public"."users"."zoneId") AS "aggr_selection_0_User" ON ("public"."zones"."id" = "aggr_selection_0_User"."zoneId") LEFT JOIN (SELECT "public"."routes"."zoneId", COUNT(*) AS "_aggr_count_routes" FROM "public"."routes" WHERE 1=1 GROUP BY "public"."routes"."zoneId") AS "aggr_selection_1_Route" ON ("public"."zones"."id" = "aggr_selection_1_Route"."zoneId") WHERE 1=1 ORDER BY "public"."zones"."createdAt" DESC OFFSET $1
prisma:query SELECT "public"."users"."id", "public"."users"."firstName", "public"."users"."lastName" FROM "public"."users" WHERE "public"."users"."id" IN ($1) OFFSET $2
prisma:query SELECT "public"."routes"."id", "public"."routes"."name", "public"."routes"."status"::text, "public"."routes"."zoneId", "public"."routes"."vehicleId", "public"."routes"."operatorId", "public"."routes"."createdById", "public"."routes"."dayOfWeek", "public"."routes"."startTime", "public"."routes"."estimatedDuration", "public"."routes"."pathGeometry", "public"."routes"."createdAt", "public"."routes"."updatedAt", COALESCE("aggr_selection_0_Waypoint"."_aggr_count_waypoints", 0) AS "_aggr_count_waypoints" FROM "public"."routes" LEFT JOIN (SELECT "public"."waypoints"."routeId", COUNT(*) AS "_aggr_count_waypoints" FROM "public"."waypoints" WHERE 1=1 GROUP BY "public"."waypoints"."routeId") AS "aggr_selection_0_Waypoint" ON ("public"."routes"."id" = "aggr_selection_0_Waypoint"."routeId") WHERE 1=1 ORDER BY "public"."routes"."createdAt" DESC OFFSET $1
prisma:query SELECT "public"."zones"."id", "public"."zones"."name", "public"."zones"."color" FROM "public"."zones" WHERE "public"."zones"."id" IN ($1,$2,$3,$4,$5,$6,$7,$8,$9) OFFSET $10
prisma:query SELECT "public"."vehicles"."id", "public"."vehicles"."plate", "public"."vehicles"."type"::text FROM "public"."vehicles" WHERE "public"."vehicles"."id" IN ($1,$2) OFFSET $3
prisma:query SELECT "public"."users"."id", "public"."users"."firstName", "public"."users"."lastName" FROM "public"."users" WHERE "public"."users"."id" IN ($1,$2,$3,$4,$5,$6,$7,$8,$9) OFFSET $10
prisma:query SELECT "public"."routes"."id", "public"."routes"."name", "public"."routes"."status"::text, "public"."routes"."zoneId", "public"."routes"."vehicleId", "public"."routes"."operatorId", "public"."routes"."createdById", "public"."routes"."dayOfWeek", "public"."routes"."startTime", "public"."routes"."estimatedDuration", "public"."routes"."pathGeometry", "public"."routes"."createdAt", "public"."routes"."updatedAt", COALESCE("aggr_selection_0_Waypoint"."_aggr_count_waypoints", 0) AS "_aggr_count_waypoints" FROM "public"."routes" LEFT JOIN (SELECT "public"."waypoints"."routeId", COUNT(*) AS "_aggr_count_waypoints" FROM "public"."waypoints" WHERE 1=1 GROUP BY "public"."waypoints"."routeId") AS "aggr_selection_0_Waypoint" ON ("public"."routes"."id" = "aggr_selection_0_Waypoint"."routeId") WHERE 1=1 ORDER BY "public"."routes"."createdAt" DESC OFFSET $1
prisma:query SELECT "public"."zones"."id", "public"."zones"."name", "public"."zones"."color" FROM "public"."zones" WHERE "public"."zones"."id" IN ($1,$2,$3,$4,$5,$6,$7,$8,$9) OFFSET $10
prisma:query SELECT "public"."vehicles"."id", "public"."vehicles"."plate", "public"."vehicles"."type"::text FROM "public"."vehicles" WHERE "public"."vehicles"."id" IN ($1,$2) OFFSET $3
prisma:query SELECT "public"."users"."id", "public"."users"."firstName", "public"."users"."lastName" FROM "public"."users" WHERE "public"."users"."id" IN ($1,$2,$3,$4,$5,$6,$7,$8,$9) OFFSET $10
prisma:query SELECT "public"."zones"."id", "public"."zones"."name", "public"."zones"."description", "public"."zones"."district", "public"."zones"."color", "public"."zones"."isActive", "public"."zones"."geometry", "public"."zones"."createdById", "public"."zones"."createdAt", "public"."zones"."updatedAt", COALESCE("aggr_selection_0_User"."_aggr_count_users", 0) AS "_aggr_count_users", COALESCE("aggr_selection_1_Route"."_aggr_count_routes", 0) AS "_aggr_count_routes" FROM "public"."zones" LEFT JOIN (SELECT "public"."users"."zoneId", COUNT(*) AS "_aggr_count_users" FROM "public"."users" WHERE 1=1 GROUP BY "public"."users"."zoneId") AS "aggr_selection_0_User" ON ("public"."zones"."id" = "aggr_selection_0_User"."zoneId") LEFT JOIN (SELECT "public"."routes"."zoneId", COUNT(*) AS "_aggr_count_routes" FROM "public"."routes" WHERE 1=1 GROUP BY "public"."routes"."zoneId") AS "aggr_selection_1_Route" ON ("public"."zones"."id" = "aggr_selection_1_Route"."zoneId") WHERE 1=1 ORDER BY "public"."zones"."createdAt" DESC OFFSET $1
prisma:query SELECT "public"."routes"."id", "public"."routes"."name", "public"."routes"."status"::text, "public"."routes"."zoneId", "public"."routes"."vehicleId", "public"."routes"."operatorId", "public"."routes"."createdById", "public"."routes"."dayOfWeek", "public"."routes"."startTime", "public"."routes"."estimatedDuration", "public"."routes"."pathGeometry", "public"."routes"."createdAt", "public"."routes"."updatedAt", COALESCE("aggr_selection_0_Waypoint"."_aggr_count_waypoints", 0) AS "_aggr_count_waypoints" FROM "public"."routes" LEFT JOIN (SELECT "public"."waypoints"."routeId", COUNT(*) AS "_aggr_count_waypoints" FROM "public"."waypoints" WHERE 1=1 GROUP BY "public"."waypoints"."routeId") AS "aggr_selection_0_Waypoint" ON ("public"."routes"."id" = "aggr_selection_0_Waypoint"."routeId") WHERE 1=1 ORDER BY "public"."routes"."createdAt" DESC OFFSET $1
prisma:query SELECT "public"."users"."id", "public"."users"."firstName", "public"."users"."lastName" FROM "public"."users" WHERE "public"."users"."id" IN ($1) OFFSET $2
prisma:query SELECT "public"."zones"."id", "public"."zones"."name", "public"."zones"."color" FROM "public"."zones" WHERE "public"."zones"."id" IN ($1,$2,$3,$4,$5,$6,$7,$8,$9) OFFSET $10
prisma:query SELECT "public"."vehicles"."id", "public"."vehicles"."plate", "public"."vehicles"."type"::text FROM "public"."vehicles" WHERE "public"."vehicles"."id" IN ($1,$2) OFFSET $3
prisma:query SELECT "public"."users"."id", "public"."users"."firstName", "public"."users"."lastName" FROM "public"."users" WHERE "public"."users"."id" IN ($1,$2,$3,$4,$5,$6,$7,$8,$9) OFFSET $10
prisma:query SELECT "public"."zones"."id", "public"."zones"."name", "public"."zones"."description", "public"."zones"."district", "public"."zones"."color", "public"."zones"."isActive", "public"."zones"."geometry", "public"."zones"."createdById", "public"."zones"."createdAt", "public"."zones"."updatedAt", COALESCE("aggr_selection_0_User"."_aggr_count_users", 0) AS "_aggr_count_users", COALESCE("aggr_selection_1_Route"."_aggr_count_routes", 0) AS "_aggr_count_routes" FROM "public"."zones" LEFT JOIN (SELECT "public"."users"."zoneId", COUNT(*) AS "_aggr_count_users" FROM "public"."users" WHERE 1=1 GROUP BY "public"."users"."zoneId") AS "aggr_selection_0_User" ON ("public"."zones"."id" = "aggr_selection_0_User"."zoneId") LEFT JOIN (SELECT "public"."routes"."zoneId", COUNT(*) AS "_aggr_count_routes" FROM "public"."routes" WHERE 1=1 GROUP BY "public"."routes"."zoneId") AS "aggr_selection_1_Route" ON ("public"."zones"."id" = "aggr_selection_1_Route"."zoneId") WHERE 1=1 ORDER BY "public"."zones"."createdAt" DESC OFFSET $1
prisma:query SELECT "public"."users"."id", "public"."users"."firstName", "public"."users"."lastName" FROM "public"."users" WHERE "public"."users"."id" IN ($1) OFFSET $2
prisma:query SELECT "public"."routes"."id", "public"."routes"."name", "public"."routes"."status"::text, "public"."routes"."zoneId", "public"."routes"."vehicleId", "public"."routes"."operatorId", "public"."routes"."createdById", "public"."routes"."dayOfWeek", "public"."routes"."startTime", "public"."routes"."estimatedDuration", "public"."routes"."pathGeometry", "public"."routes"."createdAt", "public"."routes"."updatedAt", COALESCE("aggr_selection_0_Waypoint"."_aggr_count_waypoints", 0) AS "_aggr_count_waypoints" FROM "public"."routes" LEFT JOIN (SELECT "public"."waypoints"."routeId", COUNT(*) AS "_aggr_count_waypoints" FROM "public"."waypoints" WHERE 1=1 GROUP BY "public"."waypoints"."routeId") AS "aggr_selection_0_Waypoint" ON ("public"."routes"."id" = "aggr_selection_0_Waypoint"."routeId") WHERE 1=1 ORDER BY "public"."routes"."createdAt" DESC OFFSET $1
prisma:query SELECT "public"."zones"."id", "public"."zones"."name", "public"."zones"."color" FROM "public"."zones" WHERE "public"."zones"."id" IN ($1,$2,$3,$4,$5,$6,$7,$8,$9) OFFSET $10
prisma:query SELECT "public"."vehicles"."id", "public"."vehicles"."plate", "public"."vehicles"."type"::text FROM "public"."vehicles" WHERE "public"."vehicles"."id" IN ($1,$2) OFFSET $3
prisma:query SELECT "public"."users"."id", "public"."users"."firstName", "public"."users"."lastName" FROM "public"."users" WHERE "public"."users"."id" IN ($1,$2,$3,$4,$5,$6,$7,$8,$9) OFFSET $10
prisma:query SELECT 1
prisma:query DELETE FROM "public"."refresh_tokens" WHERE "public"."refresh_tokens"."token" = $1
prisma:query SELECT "public"."zones"."id", "public"."zones"."name", "public"."zones"."description", "public"."zones"."district", "public"."zones"."color", "public"."zones"."isActive", "public"."zones"."geometry", "public"."zones"."createdById", "public"."zones"."createdAt", "public"."zones"."updatedAt", COALESCE("aggr_selection_0_User"."_aggr_count_users", 0) AS "_aggr_count_users", COALESCE("aggr_selection_1_Route"."_aggr_count_routes", 0) AS "_aggr_count_routes" FROM "public"."zones" LEFT JOIN (SELECT "public"."users"."zoneId", COUNT(*) AS "_aggr_count_users" FROM "public"."users" WHERE 1=1 GROUP BY "public"."users"."zoneId") AS "aggr_selection_0_User" ON ("public"."zones"."id" = "aggr_selection_0_User"."zoneId") LEFT JOIN (SELECT "public"."routes"."zoneId", COUNT(*) AS "_aggr_count_routes" FROM "public"."routes" WHERE 1=1 GROUP BY "public"."routes"."zoneId") AS "aggr_selection_1_Route" ON ("public"."zones"."id" = "aggr_selection_1_Route"."zoneId") WHERE 1=1 ORDER BY "public"."zones"."createdAt" DESC OFFSET $1
prisma:query SELECT "public"."users"."id", "public"."users"."firstName", "public"."users"."lastName" FROM "public"."users" WHERE "public"."users"."id" IN ($1) OFFSET $2
prisma:query SELECT "public"."zones"."id", "public"."zones"."name", "public"."zones"."description", "public"."zones"."district", "public"."zones"."color", "public"."zones"."isActive", "public"."zones"."geometry", "public"."zones"."createdById", "public"."zones"."createdAt", "public"."zones"."updatedAt", COALESCE("aggr_selection_0_User"."_aggr_count_users", 0) AS "_aggr_count_users", COALESCE("aggr_selection_1_Route"."_aggr_count_routes", 0) AS "_aggr_count_routes" FROM "public"."zones" LEFT JOIN (SELECT "public"."users"."zoneId", COUNT(*) AS "_aggr_count_users" FROM "public"."users" WHERE 1=1 GROUP BY "public"."users"."zoneId") AS "aggr_selection_0_User" ON ("public"."zones"."id" = "aggr_selection_0_User"."zoneId") LEFT JOIN (SELECT "public"."routes"."zoneId", COUNT(*) AS "_aggr_count_routes" FROM "public"."routes" WHERE 1=1 GROUP BY "public"."routes"."zoneId") AS "aggr_selection_1_Route" ON ("public"."zones"."id" = "aggr_selection_1_Route"."zoneId") WHERE 1=1 ORDER BY "public"."zones"."createdAt" DESC OFFSET $1
prisma:query SELECT "public"."users"."id", "public"."users"."firstName", "public"."users"."lastName" FROM "public"."users" WHERE "public"."users"."id" IN ($1) OFFSET $2
prisma:query SELECT 1
prisma:query SELECT "public"."zones"."id", "public"."zones"."name", "public"."zones"."description", "public"."zones"."district", "public"."zones"."color", "public"."zones"."isActive", "public"."zones"."geometry", "public"."zones"."createdById", "public"."zones"."createdAt", "public"."zones"."updatedAt", COALESCE("aggr_selection_0_User"."_aggr_count_users", 0) AS "_aggr_count_users", COALESCE("aggr_selection_1_Route"."_aggr_count_routes", 0) AS "_aggr_count_routes" FROM "public"."zones" LEFT JOIN (SELECT "public"."users"."zoneId", COUNT(*) AS "_aggr_count_users" FROM "public"."users" WHERE 1=1 GROUP BY "public"."users"."zoneId") AS "aggr_selection_0_User" ON ("public"."zones"."id" = "aggr_selection_0_User"."zoneId") LEFT JOIN (SELECT "public"."routes"."zoneId", COUNT(*) AS "_aggr_count_routes" FROM "public"."routes" WHERE 1=1 GROUP BY "public"."routes"."zoneId") AS "aggr_selection_1_Route" ON ("public"."zones"."id" = "aggr_selection_1_Route"."zoneId") WHERE 1=1 ORDER BY "public"."zones"."createdAt" DESC OFFSET $1
prisma:query SELECT "public"."users"."id", "public"."users"."firstName", "public"."users"."lastName" FROM "public"."users" WHERE "public"."users"."id" IN ($1) OFFSET $2
prisma:query SELECT "public"."zones"."id", "public"."zones"."name", "public"."zones"."description", "public"."zones"."district", "public"."zones"."color", "public"."zones"."isActive", "public"."zones"."geometry", "public"."zones"."createdById", "public"."zones"."createdAt", "public"."zones"."updatedAt", COALESCE("aggr_selection_0_User"."_aggr_count_users", 0) AS "_aggr_count_users", COALESCE("aggr_selection_1_Route"."_aggr_count_routes", 0) AS "_aggr_count_routes" FROM "public"."zones" LEFT JOIN (SELECT "public"."users"."zoneId", COUNT(*) AS "_aggr_count_users" FROM "public"."users" WHERE 1=1 GROUP BY "public"."users"."zoneId") AS "aggr_selection_0_User" ON ("public"."zones"."id" = "aggr_selection_0_User"."zoneId") LEFT JOIN (SELECT "public"."routes"."zoneId", COUNT(*) AS "_aggr_count_routes" FROM "public"."routes" WHERE 1=1 GROUP BY "public"."routes"."zoneId") AS "aggr_selection_1_Route" ON ("public"."zones"."id" = "aggr_selection_1_Route"."zoneId") WHERE 1=1 ORDER BY "public"."zones"."createdAt" DESC OFFSET $1
prisma:query SELECT "public"."users"."id", "public"."users"."firstName", "public"."users"."lastName" FROM "public"."users" WHERE "public"."users"."id" IN ($1) OFFSET $2
prisma:query SELECT 1
prisma:query SELECT "public"."zones"."id", "public"."zones"."name", "public"."zones"."description", "public"."zones"."district", "public"."zones"."color", "public"."zones"."isActive", "public"."zones"."geometry", "public"."zones"."createdById", "public"."zones"."createdAt", "public"."zones"."updatedAt", COALESCE("aggr_selection_0_User"."_aggr_count_users", 0) AS "_aggr_count_users", COALESCE("aggr_selection_1_Route"."_aggr_count_routes", 0) AS "_aggr_count_routes" FROM "public"."zones" LEFT JOIN (SELECT "public"."users"."zoneId", COUNT(*) AS "_aggr_count_users" FROM "public"."users" WHERE 1=1 GROUP BY "public"."users"."zoneId") AS "aggr_selection_0_User" ON ("public"."zones"."id" = "aggr_selection_0_User"."zoneId") LEFT JOIN (SELECT "public"."routes"."zoneId", COUNT(*) AS "_aggr_count_routes" FROM "public"."routes" WHERE 1=1 GROUP BY "public"."routes"."zoneId") AS "aggr_selection_1_Route" ON ("public"."zones"."id" = "aggr_selection_1_Route"."zoneId") WHERE 1=1 ORDER BY "public"."zones"."createdAt" DESC OFFSET $1
prisma:query SELECT "public"."users"."id", "public"."users"."firstName", "public"."users"."lastName" FROM "public"."users" WHERE "public"."users"."id" IN ($1) OFFSET $2
prisma:query SELECT "public"."zones"."id", "public"."zones"."name", "public"."zones"."description", "public"."zones"."district", "public"."zones"."color", "public"."zones"."isActive", "public"."zones"."geometry", "public"."zones"."createdById", "public"."zones"."createdAt", "public"."zones"."updatedAt", COALESCE("aggr_selection_0_User"."_aggr_count_users", 0) AS "_aggr_count_users", COALESCE("aggr_selection_1_Route"."_aggr_count_routes", 0) AS "_aggr_count_routes" FROM "public"."zones" LEFT JOIN (SELECT "public"."users"."zoneId", COUNT(*) AS "_aggr_count_users" FROM "public"."users" WHERE 1=1 GROUP BY "public"."users"."zoneId") AS "aggr_selection_0_User" ON ("public"."zones"."id" = "aggr_selection_0_User"."zoneId") LEFT JOIN (SELECT "public"."routes"."zoneId", COUNT(*) AS "_aggr_count_routes" FROM "public"."routes" WHERE 1=1 GROUP BY "public"."routes"."zoneId") AS "aggr_selection_1_Route" ON ("public"."zones"."id" = "aggr_selection_1_Route"."zoneId") WHERE 1=1 ORDER BY "public"."zones"."createdAt" DESC OFFSET $1
prisma:query SELECT "public"."users"."id", "public"."users"."firstName", "public"."users"."lastName" FROM "public"."users" WHERE "public"."users"."id" IN ($1) OFFSET $2
prisma:query SELECT 1
prisma:query SELECT "public"."users"."id", "public"."users"."email", "public"."users"."password", "public"."users"."role"::text, "public"."users"."firstName", "public"."users"."lastName", "public"."users"."zoneId", "public"."users"."isActive", "public"."users"."isVerified", "public"."users"."lockedUntil", "public"."users"."failedLoginAttempts" FROM "public"."users" WHERE ("public"."users"."email" = $1 AND 1=1) LIMIT $2 OFFSET $3
prisma:query BEGIN
prisma:query UPDATE "public"."users" SET "failedLoginAttempts" = $1, "lockedUntil" = $2, "lastLoginAt" = $3, "updatedAt" = $4 WHERE ("public"."users"."id" = $5 AND 1=1) RETURNING "public"."users"."id", "public"."users"."email", "public"."users"."password", "public"."users"."dni", "public"."users"."firstName", "public"."users"."lastName", "public"."users"."phone", "public"."users"."address", "public"."users"."district", "public"."users"."role"::text, "public"."users"."isActive", "public"."users"."isVerified", "public"."users"."emailVerificationToken", "public"."users"."emailVerificationExpiry", "public"."users"."passwordResetToken", "public"."users"."passwordResetExpiry", "public"."users"."failedLoginAttempts", "public"."users"."lockedUntil", "public"."users"."lastLoginAt", "public"."users"."zoneId", "public"."users"."homeLat", "public"."users"."homeLng", "public"."users"."alertRadius", "public"."users"."createdAt", "public"."users"."updatedAt"
prisma:query INSERT INTO "public"."refresh_tokens" ("id","token","userId","expiresAt","createdAt") VALUES ($1,$2,$3,$4,$5) RETURNING "public"."refresh_tokens"."id", "public"."refresh_tokens"."token", "public"."refresh_tokens"."userId", "public"."refresh_tokens"."expiresAt", "public"."refresh_tokens"."createdAt"
prisma:query COMMIT
prisma:query SELECT "public"."zones"."id", "public"."zones"."name", "public"."zones"."description", "public"."zones"."district", "public"."zones"."color", "public"."zones"."isActive", "public"."zones"."geometry", "public"."zones"."createdById", "public"."zones"."createdAt", "public"."zones"."updatedAt", COALESCE("aggr_selection_0_User"."_aggr_count_users", 0) AS "_aggr_count_users", COALESCE("aggr_selection_1_Route"."_aggr_count_routes", 0) AS "_aggr_count_routes" FROM "public"."zones" LEFT JOIN (SELECT "public"."users"."zoneId", COUNT(*) AS "_aggr_count_users" FROM "public"."users" WHERE 1=1 GROUP BY "public"."users"."zoneId") AS "aggr_selection_0_User" ON ("public"."zones"."id" = "aggr_selection_0_User"."zoneId") LEFT JOIN (SELECT "public"."routes"."zoneId", COUNT(*) AS "_aggr_count_routes" FROM "public"."routes" WHERE 1=1 GROUP BY "public"."routes"."zoneId") AS "aggr_selection_1_Route" ON ("public"."zones"."id" = "aggr_selection_1_Route"."zoneId") WHERE 1=1 ORDER BY "public"."zones"."createdAt" DESC OFFSET $1
prisma:query SELECT "public"."users"."id", "public"."users"."firstName", "public"."users"."lastName" FROM "public"."users" WHERE "public"."users"."id" IN ($1) OFFSET $2
prisma:query SELECT "public"."zones"."id", "public"."zones"."name", "public"."zones"."description", "public"."zones"."district", "public"."zones"."color", "public"."zones"."isActive", "public"."zones"."geometry", "public"."zones"."createdById", "public"."zones"."createdAt", "public"."zones"."updatedAt", COALESCE("aggr_selection_0_User"."_aggr_count_users", 0) AS "_aggr_count_users", COALESCE("aggr_selection_1_Route"."_aggr_count_routes", 0) AS "_aggr_count_routes" FROM "public"."zones" LEFT JOIN (SELECT "public"."users"."zoneId", COUNT(*) AS "_aggr_count_users" FROM "public"."users" WHERE 1=1 GROUP BY "public"."users"."zoneId") AS "aggr_selection_0_User" ON ("public"."zones"."id" = "aggr_selection_0_User"."zoneId") LEFT JOIN (SELECT "public"."routes"."zoneId", COUNT(*) AS "_aggr_count_routes" FROM "public"."routes" WHERE 1=1 GROUP BY "public"."routes"."zoneId") AS "aggr_selection_1_Route" ON ("public"."zones"."id" = "aggr_selection_1_Route"."zoneId") WHERE 1=1 ORDER BY "public"."zones"."createdAt" DESC OFFSET $1
prisma:query SELECT "public"."users"."id", "public"."users"."firstName", "public"."users"."lastName" FROM "public"."users" WHERE "public"."users"."id" IN ($1) OFFSET $2
prisma:query SELECT "public"."routes"."id", "public"."routes"."name", "public"."routes"."status"::text, "public"."routes"."zoneId", "public"."routes"."vehicleId", "public"."routes"."operatorId", "public"."routes"."createdById", "public"."routes"."dayOfWeek", "public"."routes"."startTime", "public"."routes"."estimatedDuration", "public"."routes"."pathGeometry", "public"."routes"."createdAt", "public"."routes"."updatedAt", COALESCE("aggr_selection_0_Waypoint"."_aggr_count_waypoints", 0) AS "_aggr_count_waypoints" FROM "public"."routes" LEFT JOIN (SELECT "public"."waypoints"."routeId", COUNT(*) AS "_aggr_count_waypoints" FROM "public"."waypoints" WHERE 1=1 GROUP BY "public"."waypoints"."routeId") AS "aggr_selection_0_Waypoint" ON ("public"."routes"."id" = "aggr_selection_0_Waypoint"."routeId") WHERE 1=1 ORDER BY "public"."routes"."createdAt" DESC OFFSET $1
prisma:query SELECT "public"."zones"."id", "public"."zones"."name", "public"."zones"."color" FROM "public"."zones" WHERE "public"."zones"."id" IN ($1,$2,$3,$4,$5,$6,$7,$8,$9) OFFSET $10
prisma:query SELECT "public"."vehicles"."id", "public"."vehicles"."plate", "public"."vehicles"."type"::text FROM "public"."vehicles" WHERE "public"."vehicles"."id" IN ($1,$2) OFFSET $3
prisma:query SELECT "public"."users"."id", "public"."users"."firstName", "public"."users"."lastName" FROM "public"."users" WHERE "public"."users"."id" IN ($1,$2,$3,$4,$5,$6,$7,$8,$9) OFFSET $10
prisma:query SELECT "public"."routes"."id", "public"."routes"."name", "public"."routes"."status"::text, "public"."routes"."zoneId", "public"."routes"."vehicleId", "public"."routes"."operatorId", "public"."routes"."createdById", "public"."routes"."dayOfWeek", "public"."routes"."startTime", "public"."routes"."estimatedDuration", "public"."routes"."pathGeometry", "public"."routes"."createdAt", "public"."routes"."updatedAt", COALESCE("aggr_selection_0_Waypoint"."_aggr_count_waypoints", 0) AS "_aggr_count_waypoints" FROM "public"."routes" LEFT JOIN (SELECT "public"."waypoints"."routeId", COUNT(*) AS "_aggr_count_waypoints" FROM "public"."waypoints" WHERE 1=1 GROUP BY "public"."waypoints"."routeId") AS "aggr_selection_0_Waypoint" ON ("public"."routes"."id" = "aggr_selection_0_Waypoint"."routeId") WHERE 1=1 ORDER BY "public"."routes"."createdAt" DESC OFFSET $1
prisma:query SELECT "public"."zones"."id", "public"."zones"."name", "public"."zones"."color" FROM "public"."zones" WHERE "public"."zones"."id" IN ($1,$2,$3,$4,$5,$6,$7,$8,$9) OFFSET $10
prisma:query SELECT "public"."vehicles"."id", "public"."vehicles"."plate", "public"."vehicles"."type"::text FROM "public"."vehicles" WHERE "public"."vehicles"."id" IN ($1,$2) OFFSET $3
prisma:query SELECT "public"."users"."id", "public"."users"."firstName", "public"."users"."lastName" FROM "public"."users" WHERE "public"."users"."id" IN ($1,$2,$3,$4,$5,$6,$7,$8,$9) OFFSET $10
prisma:query SELECT "public"."zones"."id", "public"."zones"."name", "public"."zones"."description", "public"."zones"."district", "public"."zones"."color", "public"."zones"."isActive", "public"."zones"."geometry", "public"."zones"."createdById", "public"."zones"."createdAt", "public"."zones"."updatedAt", COALESCE("aggr_selection_0_User"."_aggr_count_users", 0) AS "_aggr_count_users", COALESCE("aggr_selection_1_Route"."_aggr_count_routes", 0) AS "_aggr_count_routes" FROM "public"."zones" LEFT JOIN (SELECT "public"."users"."zoneId", COUNT(*) AS "_aggr_count_users" FROM "public"."users" WHERE 1=1 GROUP BY "public"."users"."zoneId") AS "aggr_selection_0_User" ON ("public"."zones"."id" = "aggr_selection_0_User"."zoneId") LEFT JOIN (SELECT "public"."routes"."zoneId", COUNT(*) AS "_aggr_count_routes" FROM "public"."routes" WHERE 1=1 GROUP BY "public"."routes"."zoneId") AS "aggr_selection_1_Route" ON ("public"."zones"."id" = "aggr_selection_1_Route"."zoneId") WHERE 1=1 ORDER BY "public"."zones"."createdAt" DESC OFFSET $1
prisma:query SELECT "public"."users"."id", "public"."users"."firstName", "public"."users"."lastName" FROM "public"."users" WHERE "public"."users"."id" IN ($1) OFFSET $2
prisma:query SELECT "public"."zones"."id", "public"."zones"."name", "public"."zones"."description", "public"."zones"."district", "public"."zones"."color", "public"."zones"."isActive", "public"."zones"."geometry", "public"."zones"."createdById", "public"."zones"."createdAt", "public"."zones"."updatedAt", COALESCE("aggr_selection_0_User"."_aggr_count_users", 0) AS "_aggr_count_users", COALESCE("aggr_selection_1_Route"."_aggr_count_routes", 0) AS "_aggr_count_routes" FROM "public"."zones" LEFT JOIN (SELECT "public"."users"."zoneId", COUNT(*) AS "_aggr_count_users" FROM "public"."users" WHERE 1=1 GROUP BY "public"."users"."zoneId") AS "aggr_selection_0_User" ON ("public"."zones"."id" = "aggr_selection_0_User"."zoneId") LEFT JOIN (SELECT "public"."routes"."zoneId", COUNT(*) AS "_aggr_count_routes" FROM "public"."routes" WHERE 1=1 GROUP BY "public"."routes"."zoneId") AS "aggr_selection_1_Route" ON ("public"."zones"."id" = "aggr_selection_1_Route"."zoneId") WHERE 1=1 ORDER BY "public"."zones"."createdAt" DESC OFFSET $1
prisma:query SELECT "public"."users"."id", "public"."users"."firstName", "public"."users"."lastName" FROM "public"."users" WHERE "public"."users"."id" IN ($1) OFFSET $2
prisma:query SELECT "public"."users"."id", "public"."users"."email", "public"."users"."role"::text, "public"."users"."firstName", "public"."users"."lastName" FROM "public"."users" WHERE ("public"."users"."id" = $1 AND 1=1) LIMIT $2 OFFSET $3
prisma:query SELECT "public"."zones"."id", "public"."zones"."name", "public"."zones"."description", "public"."zones"."district", "public"."zones"."color", "public"."zones"."isActive", "public"."zones"."geometry", "public"."zones"."createdById", "public"."zones"."createdAt", "public"."zones"."updatedAt", COALESCE("aggr_selection_0_User"."_aggr_count_users", 0) AS "_aggr_count_users", COALESCE("aggr_selection_1_Route"."_aggr_count_routes", 0) AS "_aggr_count_routes" FROM "public"."zones" LEFT JOIN (SELECT "public"."users"."zoneId", COUNT(*) AS "_aggr_count_users" FROM "public"."users" WHERE 1=1 GROUP BY "public"."users"."zoneId") AS "aggr_selection_0_User" ON ("public"."zones"."id" = "aggr_selection_0_User"."zoneId") LEFT JOIN (SELECT "public"."routes"."zoneId", COUNT(*) AS "_aggr_count_routes" FROM "public"."routes" WHERE 1=1 GROUP BY "public"."routes"."zoneId") AS "aggr_selection_1_Route" ON ("public"."zones"."id" = "aggr_selection_1_Route"."zoneId") WHERE 1=1 ORDER BY "public"."zones"."createdAt" DESC OFFSET $1
prisma:query SELECT "public"."routes"."id", "public"."routes"."name", "public"."routes"."status"::text, "public"."routes"."zoneId", "public"."routes"."vehicleId", "public"."routes"."operatorId", "public"."routes"."createdById", "public"."routes"."dayOfWeek", "public"."routes"."startTime", "public"."routes"."estimatedDuration", "public"."routes"."pathGeometry", "public"."routes"."createdAt", "public"."routes"."updatedAt", COALESCE("aggr_selection_0_Waypoint"."_aggr_count_waypoints", 0) AS "_aggr_count_waypoints" FROM "public"."routes" LEFT JOIN (SELECT "public"."waypoints"."routeId", COUNT(*) AS "_aggr_count_waypoints" FROM "public"."waypoints" WHERE 1=1 GROUP BY "public"."waypoints"."routeId") AS "aggr_selection_0_Waypoint" ON ("public"."routes"."id" = "aggr_selection_0_Waypoint"."routeId") WHERE 1=1 ORDER BY "public"."routes"."createdAt" DESC OFFSET $1
prisma:query SELECT "public"."users"."id", "public"."users"."firstName", "public"."users"."lastName" FROM "public"."users" WHERE "public"."users"."id" IN ($1) OFFSET $2
prisma:query SELECT "public"."zones"."id", "public"."zones"."name", "public"."zones"."color" FROM "public"."zones" WHERE "public"."zones"."id" IN ($1,$2,$3,$4,$5,$6,$7,$8,$9) OFFSET $10
prisma:query SELECT "public"."vehicles"."id", "public"."vehicles"."plate", "public"."vehicles"."type"::text FROM "public"."vehicles" WHERE "public"."vehicles"."id" IN ($1,$2) OFFSET $3
prisma:query SELECT "public"."users"."id", "public"."users"."firstName", "public"."users"."lastName" FROM "public"."users" WHERE "public"."users"."id" IN ($1,$2,$3,$4,$5,$6,$7,$8,$9) OFFSET $10
prisma:query SELECT "public"."zones"."id", "public"."zones"."name", "public"."zones"."description", "public"."zones"."district", "public"."zones"."color", "public"."zones"."isActive", "public"."zones"."geometry", "public"."zones"."createdById", "public"."zones"."createdAt", "public"."zones"."updatedAt", COALESCE("aggr_selection_0_User"."_aggr_count_users", 0) AS "_aggr_count_users", COALESCE("aggr_selection_1_Route"."_aggr_count_routes", 0) AS "_aggr_count_routes" FROM "public"."zones" LEFT JOIN (SELECT "public"."users"."zoneId", COUNT(*) AS "_aggr_count_users" FROM "public"."users" WHERE 1=1 GROUP BY "public"."users"."zoneId") AS "aggr_selection_0_User" ON ("public"."zones"."id" = "aggr_selection_0_User"."zoneId") LEFT JOIN (SELECT "public"."routes"."zoneId", COUNT(*) AS "_aggr_count_routes" FROM "public"."routes" WHERE 1=1 GROUP BY "public"."routes"."zoneId") AS "aggr_selection_1_Route" ON ("public"."zones"."id" = "aggr_selection_1_Route"."zoneId") WHERE 1=1 ORDER BY "public"."zones"."createdAt" DESC OFFSET $1
prisma:query SELECT "public"."users"."id", "public"."users"."firstName", "public"."users"."lastName" FROM "public"."users" WHERE "public"."users"."id" IN ($1) OFFSET $2
prisma:query SELECT "public"."routes"."id", "public"."routes"."name", "public"."routes"."status"::text, "public"."routes"."zoneId", "public"."routes"."vehicleId", "public"."routes"."operatorId", "public"."routes"."createdById", "public"."routes"."dayOfWeek", "public"."routes"."startTime", "public"."routes"."estimatedDuration", "public"."routes"."pathGeometry", "public"."routes"."createdAt", "public"."routes"."updatedAt", COALESCE("aggr_selection_0_Waypoint"."_aggr_count_waypoints", 0) AS "_aggr_count_waypoints" FROM "public"."routes" LEFT JOIN (SELECT "public"."waypoints"."routeId", COUNT(*) AS "_aggr_count_waypoints" FROM "public"."waypoints" WHERE 1=1 GROUP BY "public"."waypoints"."routeId") AS "aggr_selection_0_Waypoint" ON ("public"."routes"."id" = "aggr_selection_0_Waypoint"."routeId") WHERE 1=1 ORDER BY "public"."routes"."createdAt" DESC OFFSET $1
prisma:query SELECT "public"."zones"."id", "public"."zones"."name", "public"."zones"."color" FROM "public"."zones" WHERE "public"."zones"."id" IN ($1,$2,$3,$4,$5,$6,$7,$8,$9) OFFSET $10
prisma:query SELECT "public"."vehicles"."id", "public"."vehicles"."plate", "public"."vehicles"."type"::text FROM "public"."vehicles" WHERE "public"."vehicles"."id" IN ($1,$2) OFFSET $3
prisma:query SELECT "public"."users"."id", "public"."users"."firstName", "public"."users"."lastName" FROM "public"."users" WHERE "public"."users"."id" IN ($1,$2,$3,$4,$5,$6,$7,$8,$9) OFFSET $10
prisma:query SELECT "public"."routes"."id", "public"."routes"."name", "public"."routes"."status"::text, "public"."routes"."zoneId", "public"."routes"."vehicleId", "public"."routes"."operatorId", "public"."routes"."createdById", "public"."routes"."dayOfWeek", "public"."routes"."startTime", "public"."routes"."estimatedDuration", "public"."routes"."pathGeometry", "public"."routes"."createdAt", "public"."routes"."updatedAt", COALESCE("aggr_selection_0_Waypoint"."_aggr_count_waypoints", 0) AS "_aggr_count_waypoints" FROM "public"."routes" LEFT JOIN (SELECT "public"."waypoints"."routeId", COUNT(*) AS "_aggr_count_waypoints" FROM "public"."waypoints" WHERE 1=1 GROUP BY "public"."waypoints"."routeId") AS "aggr_selection_0_Waypoint" ON ("public"."routes"."id" = "aggr_selection_0_Waypoint"."routeId") WHERE "public"."routes"."zoneId" = $1 ORDER BY "public"."routes"."createdAt" DESC OFFSET $2
prisma:query SELECT "public"."zones"."id", "public"."zones"."name", "public"."zones"."color" FROM "public"."zones" WHERE "public"."zones"."id" IN ($1) OFFSET $2
prisma:query SELECT "public"."vehicles"."id", "public"."vehicles"."plate", "public"."vehicles"."type"::text FROM "public"."vehicles" WHERE "public"."vehicles"."id" IN ($1) OFFSET $2
prisma:query SELECT "public"."users"."id", "public"."users"."firstName", "public"."users"."lastName" FROM "public"."users" WHERE "public"."users"."id" IN ($1) OFFSET $2
prisma:query SELECT "public"."routes"."id", "public"."routes"."name", "public"."routes"."status"::text, "public"."routes"."zoneId", "public"."routes"."vehicleId", "public"."routes"."operatorId", "public"."routes"."createdById", "public"."routes"."dayOfWeek", "public"."routes"."startTime", "public"."routes"."estimatedDuration", "public"."routes"."pathGeometry", "public"."routes"."createdAt", "public"."routes"."updatedAt", COALESCE("aggr_selection_0_Waypoint"."_aggr_count_waypoints", 0) AS "_aggr_count_waypoints" FROM "public"."routes" LEFT JOIN (SELECT "public"."waypoints"."routeId", COUNT(*) AS "_aggr_count_waypoints" FROM "public"."waypoints" WHERE 1=1 GROUP BY "public"."waypoints"."routeId") AS "aggr_selection_0_Waypoint" ON ("public"."routes"."id" = "aggr_selection_0_Waypoint"."routeId") WHERE "public"."routes"."zoneId" = $1 ORDER BY "public"."routes"."createdAt" DESC OFFSET $2
prisma:query SELECT "public"."zones"."id", "public"."zones"."name", "public"."zones"."color" FROM "public"."zones" WHERE "public"."zones"."id" IN ($1) OFFSET $2
prisma:query SELECT "public"."vehicles"."id", "public"."vehicles"."plate", "public"."vehicles"."type"::text FROM "public"."vehicles" WHERE "public"."vehicles"."id" IN ($1) OFFSET $2
prisma:query SELECT "public"."users"."id", "public"."users"."firstName", "public"."users"."lastName" FROM "public"."users" WHERE "public"."users"."id" IN ($1) OFFSET $2
prisma:query SELECT "public"."routes"."id", "public"."routes"."name", "public"."routes"."status"::text, "public"."routes"."zoneId", "public"."routes"."vehicleId", "public"."routes"."operatorId", "public"."routes"."createdById", "public"."routes"."dayOfWeek", "public"."routes"."startTime", "public"."routes"."estimatedDuration", "public"."routes"."pathGeometry", "public"."routes"."createdAt", "public"."routes"."updatedAt", COALESCE("aggr_selection_0_Waypoint"."_aggr_count_waypoints", 0) AS "_aggr_count_waypoints" FROM "public"."routes" LEFT JOIN (SELECT "public"."waypoints"."routeId", COUNT(*) AS "_aggr_count_waypoints" FROM "public"."waypoints" WHERE 1=1 GROUP BY "public"."waypoints"."routeId") AS "aggr_selection_0_Waypoint" ON ("public"."routes"."id" = "aggr_selection_0_Waypoint"."routeId") WHERE "public"."routes"."zoneId" = $1 ORDER BY "public"."routes"."createdAt" DESC OFFSET $2
prisma:query SELECT "public"."zones"."id", "public"."zones"."name", "public"."zones"."color" FROM "public"."zones" WHERE "public"."zones"."id" IN ($1) OFFSET $2
prisma:query SELECT "public"."vehicles"."id", "public"."vehicles"."plate", "public"."vehicles"."type"::text FROM "public"."vehicles" WHERE "public"."vehicles"."id" IN ($1) OFFSET $2
prisma:query SELECT "public"."users"."id", "public"."users"."firstName", "public"."users"."lastName" FROM "public"."users" WHERE "public"."users"."id" IN ($1) OFFSET $2
prisma:query SELECT "public"."routes"."id", "public"."routes"."name", "public"."routes"."status"::text, "public"."routes"."zoneId", "public"."routes"."vehicleId", "public"."routes"."operatorId", "public"."routes"."createdById", "public"."routes"."dayOfWeek", "public"."routes"."startTime", "public"."routes"."estimatedDuration", "public"."routes"."pathGeometry", "public"."routes"."createdAt", "public"."routes"."updatedAt", COALESCE("aggr_selection_0_Waypoint"."_aggr_count_waypoints", 0) AS "_aggr_count_waypoints" FROM "public"."routes" LEFT JOIN (SELECT "public"."waypoints"."routeId", COUNT(*) AS "_aggr_count_waypoints" FROM "public"."waypoints" WHERE 1=1 GROUP BY "public"."waypoints"."routeId") AS "aggr_selection_0_Waypoint" ON ("public"."routes"."id" = "aggr_selection_0_Waypoint"."routeId") WHERE "public"."routes"."zoneId" = $1 ORDER BY "public"."routes"."createdAt" DESC OFFSET $2
prisma:query SELECT "public"."zones"."id", "public"."zones"."name", "public"."zones"."color" FROM "public"."zones" WHERE "public"."zones"."id" IN ($1) OFFSET $2
prisma:query SELECT "public"."vehicles"."id", "public"."vehicles"."plate", "public"."vehicles"."type"::text FROM "public"."vehicles" WHERE "public"."vehicles"."id" IN ($1) OFFSET $2
prisma:query SELECT "public"."users"."id", "public"."users"."firstName", "public"."users"."lastName" FROM "public"."users" WHERE "public"."users"."id" IN ($1) OFFSET $2
prisma:query SELECT "public"."routes"."id", "public"."routes"."name", "public"."routes"."status"::text, "public"."routes"."zoneId", "public"."routes"."vehicleId", "public"."routes"."operatorId", "public"."routes"."createdById", "public"."routes"."dayOfWeek", "public"."routes"."startTime", "public"."routes"."estimatedDuration", "public"."routes"."pathGeometry", "public"."routes"."createdAt", "public"."routes"."updatedAt", COALESCE("aggr_selection_0_Waypoint"."_aggr_count_waypoints", 0) AS "_aggr_count_waypoints" FROM "public"."routes" LEFT JOIN (SELECT "public"."waypoints"."routeId", COUNT(*) AS "_aggr_count_waypoints" FROM "public"."waypoints" WHERE 1=1 GROUP BY "public"."waypoints"."routeId") AS "aggr_selection_0_Waypoint" ON ("public"."routes"."id" = "aggr_selection_0_Waypoint"."routeId") WHERE "public"."routes"."zoneId" = $1 ORDER BY "public"."routes"."createdAt" DESC OFFSET $2
prisma:query SELECT "public"."zones"."id", "public"."zones"."name", "public"."zones"."color" FROM "public"."zones" WHERE "public"."zones"."id" IN ($1) OFFSET $2
prisma:query SELECT "public"."vehicles"."id", "public"."vehicles"."plate", "public"."vehicles"."type"::text FROM "public"."vehicles" WHERE "public"."vehicles"."id" IN ($1) OFFSET $2
prisma:query SELECT "public"."users"."id", "public"."users"."firstName", "public"."users"."lastName" FROM "public"."users" WHERE "public"."users"."id" IN ($1) OFFSET $2
prisma:query SELECT "public"."routes"."id", "public"."routes"."name", "public"."routes"."status"::text, "public"."routes"."zoneId", "public"."routes"."vehicleId", "public"."routes"."operatorId", "public"."routes"."createdById", "public"."routes"."dayOfWeek", "public"."routes"."startTime", "public"."routes"."estimatedDuration", "public"."routes"."pathGeometry", "public"."routes"."createdAt", "public"."routes"."updatedAt", COALESCE("aggr_selection_0_Waypoint"."_aggr_count_waypoints", 0) AS "_aggr_count_waypoints" FROM "public"."routes" LEFT JOIN (SELECT "public"."waypoints"."routeId", COUNT(*) AS "_aggr_count_waypoints" FROM "public"."waypoints" WHERE 1=1 GROUP BY "public"."waypoints"."routeId") AS "aggr_selection_0_Waypoint" ON ("public"."routes"."id" = "aggr_selection_0_Waypoint"."routeId") WHERE "public"."routes"."zoneId" = $1 ORDER BY "public"."routes"."createdAt" DESC OFFSET $2
prisma:query SELECT "public"."zones"."id", "public"."zones"."name", "public"."zones"."color" FROM "public"."zones" WHERE "public"."zones"."id" IN ($1) OFFSET $2
prisma:query SELECT "public"."vehicles"."id", "public"."vehicles"."plate", "public"."vehicles"."type"::text FROM "public"."vehicles" WHERE "public"."vehicles"."id" IN ($1) OFFSET $2
prisma:query SELECT "public"."users"."id", "public"."users"."firstName", "public"."users"."lastName" FROM "public"."users" WHERE "public"."users"."id" IN ($1) OFFSET $2
prisma:query SELECT "public"."routes"."id", "public"."routes"."name", "public"."routes"."status"::text, "public"."routes"."zoneId", "public"."routes"."vehicleId", "public"."routes"."operatorId", "public"."routes"."createdById", "public"."routes"."dayOfWeek", "public"."routes"."startTime", "public"."routes"."estimatedDuration", "public"."routes"."pathGeometry", "public"."routes"."createdAt", "public"."routes"."updatedAt", COALESCE("aggr_selection_0_Waypoint"."_aggr_count_waypoints", 0) AS "_aggr_count_waypoints" FROM "public"."routes" LEFT JOIN (SELECT "public"."waypoints"."routeId", COUNT(*) AS "_aggr_count_waypoints" FROM "public"."waypoints" WHERE 1=1 GROUP BY "public"."waypoints"."routeId") AS "aggr_selection_0_Waypoint" ON ("public"."routes"."id" = "aggr_selection_0_Waypoint"."routeId") WHERE 1=1 ORDER BY "public"."routes"."createdAt" DESC OFFSET $1
prisma:query SELECT "public"."zones"."id", "public"."zones"."name", "public"."zones"."color" FROM "public"."zones" WHERE "public"."zones"."id" IN ($1,$2,$3,$4,$5,$6,$7,$8,$9) OFFSET $10
prisma:query SELECT "public"."vehicles"."id", "public"."vehicles"."plate", "public"."vehicles"."type"::text FROM "public"."vehicles" WHERE "public"."vehicles"."id" IN ($1,$2) OFFSET $3
prisma:query SELECT "public"."users"."id", "public"."users"."firstName", "public"."users"."lastName" FROM "public"."users" WHERE "public"."users"."id" IN ($1,$2,$3,$4,$5,$6,$7,$8,$9) OFFSET $10
prisma:query SELECT "public"."routes"."id", "public"."routes"."name", "public"."routes"."status"::text, "public"."routes"."zoneId", "public"."routes"."vehicleId", "public"."routes"."operatorId", "public"."routes"."createdById", "public"."routes"."dayOfWeek", "public"."routes"."startTime", "public"."routes"."estimatedDuration", "public"."routes"."pathGeometry", "public"."routes"."createdAt", "public"."routes"."updatedAt", COALESCE("aggr_selection_0_Waypoint"."_aggr_count_waypoints", 0) AS "_aggr_count_waypoints" FROM "public"."routes" LEFT JOIN (SELECT "public"."waypoints"."routeId", COUNT(*) AS "_aggr_count_waypoints" FROM "public"."waypoints" WHERE 1=1 GROUP BY "public"."waypoints"."routeId") AS "aggr_selection_0_Waypoint" ON ("public"."routes"."id" = "aggr_selection_0_Waypoint"."routeId") WHERE "public"."routes"."zoneId" = $1 ORDER BY "public"."routes"."createdAt" DESC OFFSET $2
prisma:query SELECT "public"."zones"."id", "public"."zones"."name", "public"."zones"."color" FROM "public"."zones" WHERE "public"."zones"."id" IN ($1) OFFSET $2
prisma:query SELECT "public"."vehicles"."id", "public"."vehicles"."plate", "public"."vehicles"."type"::text FROM "public"."vehicles" WHERE "public"."vehicles"."id" IN ($1) OFFSET $2
prisma:query SELECT "public"."users"."id", "public"."users"."firstName", "public"."users"."lastName" FROM "public"."users" WHERE "public"."users"."id" IN ($1) OFFSET $2
prisma:query SELECT "public"."routes"."id", "public"."routes"."name", "public"."routes"."status"::text, "public"."routes"."zoneId", "public"."routes"."vehicleId", "public"."routes"."operatorId", "public"."routes"."createdById", "public"."routes"."dayOfWeek", "public"."routes"."startTime", "public"."routes"."estimatedDuration", "public"."routes"."pathGeometry", "public"."routes"."createdAt", "public"."routes"."updatedAt", COALESCE("aggr_selection_0_Waypoint"."_aggr_count_waypoints", 0) AS "_aggr_count_waypoints" FROM "public"."routes" LEFT JOIN (SELECT "public"."waypoints"."routeId", COUNT(*) AS "_aggr_count_waypoints" FROM "public"."waypoints" WHERE 1=1 GROUP BY "public"."waypoints"."routeId") AS "aggr_selection_0_Waypoint" ON ("public"."routes"."id" = "aggr_selection_0_Waypoint"."routeId") WHERE "public"."routes"."zoneId" = $1 ORDER BY "public"."routes"."createdAt" DESC OFFSET $2
prisma:query SELECT "public"."zones"."id", "public"."zones"."name", "public"."zones"."color" FROM "public"."zones" WHERE "public"."zones"."id" IN ($1) OFFSET $2
prisma:query SELECT "public"."vehicles"."id", "public"."vehicles"."plate", "public"."vehicles"."type"::text FROM "public"."vehicles" WHERE "public"."vehicles"."id" IN ($1) OFFSET $2
prisma:query SELECT "public"."users"."id", "public"."users"."firstName", "public"."users"."lastName" FROM "public"."users" WHERE "public"."users"."id" IN ($1) OFFSET $2
prisma:query SELECT "public"."routes"."id", "public"."routes"."name", "public"."routes"."status"::text, "public"."routes"."zoneId", "public"."routes"."vehicleId", "public"."routes"."operatorId", "public"."routes"."createdById", "public"."routes"."dayOfWeek", "public"."routes"."startTime", "public"."routes"."estimatedDuration", "public"."routes"."pathGeometry", "public"."routes"."createdAt", "public"."routes"."updatedAt", COALESCE("aggr_selection_0_Waypoint"."_aggr_count_waypoints", 0) AS "_aggr_count_waypoints" FROM "public"."routes" LEFT JOIN (SELECT "public"."waypoints"."routeId", COUNT(*) AS "_aggr_count_waypoints" FROM "public"."waypoints" WHERE 1=1 GROUP BY "public"."waypoints"."routeId") AS "aggr_selection_0_Waypoint" ON ("public"."routes"."id" = "aggr_selection_0_Waypoint"."routeId") WHERE "public"."routes"."zoneId" = $1 ORDER BY "public"."routes"."createdAt" DESC OFFSET $2
prisma:query SELECT "public"."zones"."id", "public"."zones"."name", "public"."zones"."color" FROM "public"."zones" WHERE "public"."zones"."id" IN ($1) OFFSET $2
prisma:query SELECT "public"."vehicles"."id", "public"."vehicles"."plate", "public"."vehicles"."type"::text FROM "public"."vehicles" WHERE "public"."vehicles"."id" IN ($1) OFFSET $2
prisma:query SELECT "public"."users"."id", "public"."users"."firstName", "public"."users"."lastName" FROM "public"."users" WHERE "public"."users"."id" IN ($1) OFFSET $2
prisma:query SELECT "public"."routes"."id", "public"."routes"."name", "public"."routes"."status"::text, "public"."routes"."zoneId", "public"."routes"."vehicleId", "public"."routes"."operatorId", "public"."routes"."createdById", "public"."routes"."dayOfWeek", "public"."routes"."startTime", "public"."routes"."estimatedDuration", "public"."routes"."pathGeometry", "public"."routes"."createdAt", "public"."routes"."updatedAt", COALESCE("aggr_selection_0_Waypoint"."_aggr_count_waypoints", 0) AS "_aggr_count_waypoints" FROM "public"."routes" LEFT JOIN (SELECT "public"."waypoints"."routeId", COUNT(*) AS "_aggr_count_waypoints" FROM "public"."waypoints" WHERE 1=1 GROUP BY "public"."waypoints"."routeId") AS "aggr_selection_0_Waypoint" ON ("public"."routes"."id" = "aggr_selection_0_Waypoint"."routeId") WHERE "public"."routes"."zoneId" = $1 ORDER BY "public"."routes"."createdAt" DESC OFFSET $2
prisma:query SELECT "public"."zones"."id", "public"."zones"."name", "public"."zones"."color" FROM "public"."zones" WHERE "public"."zones"."id" IN ($1) OFFSET $2
prisma:query SELECT "public"."vehicles"."id", "public"."vehicles"."plate", "public"."vehicles"."type"::text FROM "public"."vehicles" WHERE "public"."vehicles"."id" IN ($1) OFFSET $2
prisma:query SELECT "public"."users"."id", "public"."users"."firstName", "public"."users"."lastName" FROM "public"."users" WHERE "public"."users"."id" IN ($1) OFFSET $2
prisma:query SELECT "public"."routes"."id", "public"."routes"."name", "public"."routes"."status"::text, "public"."routes"."zoneId", "public"."routes"."vehicleId", "public"."routes"."operatorId", "public"."routes"."createdById", "public"."routes"."dayOfWeek", "public"."routes"."startTime", "public"."routes"."estimatedDuration", "public"."routes"."pathGeometry", "public"."routes"."createdAt", "public"."routes"."updatedAt", COALESCE("aggr_selection_0_Waypoint"."_aggr_count_waypoints", 0) AS "_aggr_count_waypoints" FROM "public"."routes" LEFT JOIN (SELECT "public"."waypoints"."routeId", COUNT(*) AS "_aggr_count_waypoints" FROM "public"."waypoints" WHERE 1=1 GROUP BY "public"."waypoints"."routeId") AS "aggr_selection_0_Waypoint" ON ("public"."routes"."id" = "aggr_selection_0_Waypoint"."routeId") WHERE "public"."routes"."zoneId" = $1 ORDER BY "public"."routes"."createdAt" DESC OFFSET $2
prisma:query SELECT "public"."zones"."id", "public"."zones"."name", "public"."zones"."color" FROM "public"."zones" WHERE "public"."zones"."id" IN ($1) OFFSET $2
prisma:query SELECT "public"."vehicles"."id", "public"."vehicles"."plate", "public"."vehicles"."type"::text FROM "public"."vehicles" WHERE "public"."vehicles"."id" IN ($1) OFFSET $2
prisma:query SELECT "public"."users"."id", "public"."users"."firstName", "public"."users"."lastName" FROM "public"."users" WHERE "public"."users"."id" IN ($1) OFFSET $2
prisma:query SELECT "public"."routes"."id", "public"."routes"."name", "public"."routes"."status"::text, "public"."routes"."zoneId", "public"."routes"."vehicleId", "public"."routes"."operatorId", "public"."routes"."createdById", "public"."routes"."dayOfWeek", "public"."routes"."startTime", "public"."routes"."estimatedDuration", "public"."routes"."pathGeometry", "public"."routes"."createdAt", "public"."routes"."updatedAt", COALESCE("aggr_selection_0_Waypoint"."_aggr_count_waypoints", 0) AS "_aggr_count_waypoints" FROM "public"."routes" LEFT JOIN (SELECT "public"."waypoints"."routeId", COUNT(*) AS "_aggr_count_waypoints" FROM "public"."waypoints" WHERE 1=1 GROUP BY "public"."waypoints"."routeId") AS "aggr_selection_0_Waypoint" ON ("public"."routes"."id" = "aggr_selection_0_Waypoint"."routeId") WHERE "public"."routes"."zoneId" = $1 ORDER BY "public"."routes"."createdAt" DESC OFFSET $2
prisma:query SELECT "public"."zones"."id", "public"."zones"."name", "public"."zones"."color" FROM "public"."zones" WHERE "public"."zones"."id" IN ($1) OFFSET $2
prisma:query SELECT "public"."vehicles"."id", "public"."vehicles"."plate", "public"."vehicles"."type"::text FROM "public"."vehicles" WHERE "public"."vehicles"."id" IN ($1) OFFSET $2
prisma:query SELECT "public"."users"."id", "public"."users"."firstName", "public"."users"."lastName" FROM "public"."users" WHERE "public"."users"."id" IN ($1) OFFSET $2
prisma:query SELECT "public"."routes"."id", "public"."routes"."name", "public"."routes"."status"::text, "public"."routes"."zoneId", "public"."routes"."vehicleId", "public"."routes"."operatorId", "public"."routes"."createdById", "public"."routes"."dayOfWeek", "public"."routes"."startTime", "public"."routes"."estimatedDuration", "public"."routes"."pathGeometry", "public"."routes"."createdAt", "public"."routes"."updatedAt", COALESCE("aggr_selection_0_Waypoint"."_aggr_count_waypoints", 0) AS "_aggr_count_waypoints" FROM "public"."routes" LEFT JOIN (SELECT "public"."waypoints"."routeId", COUNT(*) AS "_aggr_count_waypoints" FROM "public"."waypoints" WHERE 1=1 GROUP BY "public"."waypoints"."routeId") AS "aggr_selection_0_Waypoint" ON ("public"."routes"."id" = "aggr_selection_0_Waypoint"."routeId") WHERE "public"."routes"."zoneId" = $1 ORDER BY "public"."routes"."createdAt" DESC OFFSET $2
prisma:query SELECT "public"."zones"."id", "public"."zones"."name", "public"."zones"."color" FROM "public"."zones" WHERE "public"."zones"."id" IN ($1) OFFSET $2
prisma:query SELECT "public"."vehicles"."id", "public"."vehicles"."plate", "public"."vehicles"."type"::text FROM "public"."vehicles" WHERE "public"."vehicles"."id" IN ($1) OFFSET $2
prisma:query SELECT "public"."users"."id", "public"."users"."firstName", "public"."users"."lastName" FROM "public"."users" WHERE "public"."users"."id" IN ($1) OFFSET $2
prisma:query SELECT "public"."routes"."id", "public"."routes"."name", "public"."routes"."status"::text, "public"."routes"."zoneId", "public"."routes"."vehicleId", "public"."routes"."operatorId", "public"."routes"."createdById", "public"."routes"."dayOfWeek", "public"."routes"."startTime", "public"."routes"."estimatedDuration", "public"."routes"."pathGeometry", "public"."routes"."createdAt", "public"."routes"."updatedAt", COALESCE("aggr_selection_0_Waypoint"."_aggr_count_waypoints", 0) AS "_aggr_count_waypoints" FROM "public"."routes" LEFT JOIN (SELECT "public"."waypoints"."routeId", COUNT(*) AS "_aggr_count_waypoints" FROM "public"."waypoints" WHERE 1=1 GROUP BY "public"."waypoints"."routeId") AS "aggr_selection_0_Waypoint" ON ("public"."routes"."id" = "aggr_selection_0_Waypoint"."routeId") WHERE "public"."routes"."zoneId" = $1 ORDER BY "public"."routes"."createdAt" DESC OFFSET $2
prisma:query SELECT "public"."zones"."id", "public"."zones"."name", "public"."zones"."color" FROM "public"."zones" WHERE "public"."zones"."id" IN ($1) OFFSET $2
prisma:query SELECT "public"."vehicles"."id", "public"."vehicles"."plate", "public"."vehicles"."type"::text FROM "public"."vehicles" WHERE "public"."vehicles"."id" IN ($1) OFFSET $2
prisma:query SELECT "public"."users"."id", "public"."users"."firstName", "public"."users"."lastName" FROM "public"."users" WHERE "public"."users"."id" IN ($1) OFFSET $2
prisma:query SELECT "public"."routes"."id", "public"."routes"."name", "public"."routes"."status"::text, "public"."routes"."zoneId", "public"."routes"."vehicleId", "public"."routes"."operatorId", "public"."routes"."createdById", "public"."routes"."dayOfWeek", "public"."routes"."startTime", "public"."routes"."estimatedDuration", "public"."routes"."pathGeometry", "public"."routes"."createdAt", "public"."routes"."updatedAt", COALESCE("aggr_selection_0_Waypoint"."_aggr_count_waypoints", 0) AS "_aggr_count_waypoints" FROM "public"."routes" LEFT JOIN (SELECT "public"."waypoints"."routeId", COUNT(*) AS "_aggr_count_waypoints" FROM "public"."waypoints" WHERE 1=1 GROUP BY "public"."waypoints"."routeId") AS "aggr_selection_0_Waypoint" ON ("public"."routes"."id" = "aggr_selection_0_Waypoint"."routeId") WHERE "public"."routes"."zoneId" = $1 ORDER BY "public"."routes"."createdAt" DESC OFFSET $2
prisma:query SELECT "public"."zones"."id", "public"."zones"."name", "public"."zones"."color" FROM "public"."zones" WHERE "public"."zones"."id" IN ($1) OFFSET $2
prisma:query SELECT "public"."vehicles"."id", "public"."vehicles"."plate", "public"."vehicles"."type"::text FROM "public"."vehicles" WHERE "public"."vehicles"."id" IN ($1) OFFSET $2
prisma:query SELECT "public"."users"."id", "public"."users"."firstName", "public"."users"."lastName" FROM "public"."users" WHERE "public"."users"."id" IN ($1) OFFSET $2
prisma:query SELECT "public"."routes"."id", "public"."routes"."name", "public"."routes"."status"::text, "public"."routes"."zoneId", "public"."routes"."vehicleId", "public"."routes"."operatorId", "public"."routes"."createdById", "public"."routes"."dayOfWeek", "public"."routes"."startTime", "public"."routes"."estimatedDuration", "public"."routes"."pathGeometry", "public"."routes"."createdAt", "public"."routes"."updatedAt", COALESCE("aggr_selection_0_Waypoint"."_aggr_count_waypoints", 0) AS "_aggr_count_waypoints" FROM "public"."routes" LEFT JOIN (SELECT "public"."waypoints"."routeId", COUNT(*) AS "_aggr_count_waypoints" FROM "public"."waypoints" WHERE 1=1 GROUP BY "public"."waypoints"."routeId") AS "aggr_selection_0_Waypoint" ON ("public"."routes"."id" = "aggr_selection_0_Waypoint"."routeId") WHERE 1=1 ORDER BY "public"."routes"."createdAt" DESC OFFSET $1
prisma:query SELECT "public"."zones"."id", "public"."zones"."name", "public"."zones"."color" FROM "public"."zones" WHERE "public"."zones"."id" IN ($1,$2,$3,$4,$5,$6,$7,$8,$9) OFFSET $10
prisma:query SELECT "public"."vehicles"."id", "public"."vehicles"."plate", "public"."vehicles"."type"::text FROM "public"."vehicles" WHERE "public"."vehicles"."id" IN ($1,$2) OFFSET $3
prisma:query SELECT "public"."users"."id", "public"."users"."firstName", "public"."users"."lastName" FROM "public"."users" WHERE "public"."users"."id" IN ($1,$2,$3,$4,$5,$6,$7,$8,$9) OFFSET $10
prisma:query SELECT 1
prisma:query SELECT 1
prisma:query SELECT "public"."zones"."id", "public"."zones"."name", "public"."zones"."description", "public"."zones"."district", "public"."zones"."color", "public"."zones"."isActive", "public"."zones"."geometry", "public"."zones"."createdById", "public"."zones"."createdAt", "public"."zones"."updatedAt", COALESCE("aggr_selection_0_User"."_aggr_count_users", 0) AS "_aggr_count_users", COALESCE("aggr_selection_1_Route"."_aggr_count_routes", 0) AS "_aggr_count_routes" FROM "public"."zones" LEFT JOIN (SELECT "public"."users"."zoneId", COUNT(*) AS "_aggr_count_users" FROM "public"."users" WHERE 1=1 GROUP BY "public"."users"."zoneId") AS "aggr_selection_0_User" ON ("public"."zones"."id" = "aggr_selection_0_User"."zoneId") LEFT JOIN (SELECT "public"."routes"."zoneId", COUNT(*) AS "_aggr_count_routes" FROM "public"."routes" WHERE 1=1 GROUP BY "public"."routes"."zoneId") AS "aggr_selection_1_Route" ON ("public"."zones"."id" = "aggr_selection_1_Route"."zoneId") WHERE 1=1 ORDER BY "public"."zones"."createdAt" DESC OFFSET $1
prisma:query SELECT "public"."users"."id", "public"."users"."firstName", "public"."users"."lastName" FROM "public"."users" WHERE "public"."users"."id" IN ($1) OFFSET $2
prisma:query SELECT "public"."incidents"."id", "public"."incidents"."type"::text, "public"."incidents"."description", "public"."incidents"."status"::text, "public"."incidents"."imageUrl", "public"."incidents"."lat", "public"."incidents"."lng", "public"."incidents"."address", "public"."incidents"."citizenId", "public"."incidents"."trackingCode", "public"."incidents"."createdAt", "public"."incidents"."updatedAt" FROM "public"."incidents" WHERE 1=1 ORDER BY "public"."incidents"."createdAt" DESC OFFSET $1
prisma:query SELECT "public"."zones"."id", "public"."zones"."name", "public"."zones"."description", "public"."zones"."district", "public"."zones"."color", "public"."zones"."isActive", "public"."zones"."geometry", "public"."zones"."createdById", "public"."zones"."createdAt", "public"."zones"."updatedAt", COALESCE("aggr_selection_0_User"."_aggr_count_users", 0) AS "_aggr_count_users", COALESCE("aggr_selection_1_Route"."_aggr_count_routes", 0) AS "_aggr_count_routes" FROM "public"."zones" LEFT JOIN (SELECT "public"."users"."zoneId", COUNT(*) AS "_aggr_count_users" FROM "public"."users" WHERE 1=1 GROUP BY "public"."users"."zoneId") AS "aggr_selection_0_User" ON ("public"."zones"."id" = "aggr_selection_0_User"."zoneId") LEFT JOIN (SELECT "public"."routes"."zoneId", COUNT(*) AS "_aggr_count_routes" FROM "public"."routes" WHERE 1=1 GROUP BY "public"."routes"."zoneId") AS "aggr_selection_1_Route" ON ("public"."zones"."id" = "aggr_selection_1_Route"."zoneId") WHERE 1=1 ORDER BY "public"."zones"."createdAt" DESC OFFSET $1
prisma:query SELECT "public"."users"."id", "public"."users"."firstName", "public"."users"."lastName" FROM "public"."users" WHERE "public"."users"."id" IN ($1) OFFSET $2
prisma:query SELECT "public"."incidents"."id", "public"."incidents"."type"::text, "public"."incidents"."description", "public"."incidents"."status"::text, "public"."incidents"."imageUrl", "public"."incidents"."lat", "public"."incidents"."lng", "public"."incidents"."address", "public"."incidents"."citizenId", "public"."incidents"."trackingCode", "public"."incidents"."createdAt", "public"."incidents"."updatedAt" FROM "public"."incidents" WHERE 1=1 ORDER BY "public"."incidents"."createdAt" DESC OFFSET $1
prisma:query SELECT "public"."users"."id", "public"."users"."zoneId" FROM "public"."users" WHERE ("public"."users"."id" = $1 AND 1=1) LIMIT $2 OFFSET $3
prisma:query SELECT "public"."waste_types"."id", "public"."waste_types"."name", "public"."waste_types"."category"::text, "public"."waste_types"."description", "public"."waste_types"."colorCode", "public"."waste_types"."examples", "public"."waste_types"."instructions", "public"."waste_types"."isActive", "public"."waste_types"."createdAt", "public"."waste_types"."updatedAt" FROM "public"."waste_types" WHERE 1=1 ORDER BY "public"."waste_types"."category" ASC, "public"."waste_types"."name" ASC OFFSET $1
prisma:query INSERT INTO "public"."learn_visits" ("id","userId","zoneId","createdAt") VALUES ($1,$2,$3,$4) RETURNING "public"."learn_visits"."id", "public"."learn_visits"."userId", "public"."learn_visits"."zoneId", "public"."learn_visits"."createdAt"
prisma:query SELECT "public"."waste_types"."id", "public"."waste_types"."name", "public"."waste_types"."category"::text, "public"."waste_types"."description", "public"."waste_types"."colorCode", "public"."waste_types"."examples", "public"."waste_types"."instructions", "public"."waste_types"."isActive", "public"."waste_types"."createdAt", "public"."waste_types"."updatedAt" FROM "public"."waste_types" WHERE 1=1 ORDER BY "public"."waste_types"."category" ASC, "public"."waste_types"."name" ASC OFFSET $1
prisma:query SELECT "public"."users"."id", "public"."users"."zoneId" FROM "public"."users" WHERE ("public"."users"."id" = $1 AND 1=1) LIMIT $2 OFFSET $3
prisma:query INSERT INTO "public"."learn_visits" ("id","userId","zoneId","createdAt") VALUES ($1,$2,$3,$4) RETURNING "public"."learn_visits"."id", "public"."learn_visits"."userId", "public"."learn_visits"."zoneId", "public"."learn_visits"."createdAt"
prisma:query SELECT "public"."waste_types"."id", "public"."waste_types"."name", "public"."waste_types"."category"::text, "public"."waste_types"."description", "public"."waste_types"."colorCode", "public"."waste_types"."examples", "public"."waste_types"."instructions", "public"."waste_types"."isActive", "public"."waste_types"."createdAt", "public"."waste_types"."updatedAt" FROM "public"."waste_types" WHERE 1=1 ORDER BY "public"."waste_types"."category" ASC, "public"."waste_types"."name" ASC OFFSET $1
prisma:query SELECT "public"."waste_types"."id", "public"."waste_types"."name", "public"."waste_types"."category"::text, "public"."waste_types"."description", "public"."waste_types"."colorCode", "public"."waste_types"."examples", "public"."waste_types"."instructions", "public"."waste_types"."isActive", "public"."waste_types"."createdAt", "public"."waste_types"."updatedAt" FROM "public"."waste_types" WHERE 1=1 ORDER BY "public"."waste_types"."category" ASC, "public"."waste_types"."name" ASC OFFSET $1
prisma:query SELECT 1
prisma:query SELECT "public"."vehicles"."id", "public"."vehicles"."plate", "public"."vehicles"."type"::text, "public"."vehicles"."brand", "public"."vehicles"."model", "public"."vehicles"."year", "public"."vehicles"."capacity", "public"."vehicles"."status"::text, "public"."vehicles"."isActive", "public"."vehicles"."currentLat", "public"."vehicles"."currentLng", "public"."vehicles"."createdAt", "public"."vehicles"."updatedAt" FROM "public"."vehicles" WHERE 1=1 ORDER BY "public"."vehicles"."createdAt" DESC OFFSET $1
prisma:query SELECT "public"."vehicles"."id", "public"."vehicles"."plate", "public"."vehicles"."type"::text, "public"."vehicles"."brand", "public"."vehicles"."model", "public"."vehicles"."year", "public"."vehicles"."capacity", "public"."vehicles"."status"::text, "public"."vehicles"."isActive", "public"."vehicles"."currentLat", "public"."vehicles"."currentLng", "public"."vehicles"."createdAt", "public"."vehicles"."updatedAt" FROM "public"."vehicles" WHERE 1=1 ORDER BY "public"."vehicles"."createdAt" DESC OFFSET $1
prisma:query SELECT "public"."vehicles"."id", "public"."vehicles"."plate", "public"."vehicles"."type"::text, "public"."vehicles"."brand", "public"."vehicles"."model", "public"."vehicles"."year", "public"."vehicles"."capacity", "public"."vehicles"."status"::text, "public"."vehicles"."isActive", "public"."vehicles"."currentLat", "public"."vehicles"."currentLng", "public"."vehicles"."createdAt", "public"."vehicles"."updatedAt" FROM "public"."vehicles" WHERE 1=1 ORDER BY "public"."vehicles"."createdAt" DESC OFFSET $1
prisma:query SELECT 1
prisma:query SELECT "public"."routes"."id", "public"."routes"."name", "public"."routes"."status"::text, "public"."routes"."zoneId", "public"."routes"."vehicleId", "public"."routes"."operatorId", "public"."routes"."createdById", "public"."routes"."dayOfWeek", "public"."routes"."startTime", "public"."routes"."estimatedDuration", "public"."routes"."pathGeometry", "public"."routes"."createdAt", "public"."routes"."updatedAt", COALESCE("aggr_selection_0_Waypoint"."_aggr_count_waypoints", 0) AS "_aggr_count_waypoints" FROM "public"."routes" LEFT JOIN (SELECT "public"."waypoints"."routeId", COUNT(*) AS "_aggr_count_waypoints" FROM "public"."waypoints" WHERE 1=1 GROUP BY "public"."waypoints"."routeId") AS "aggr_selection_0_Waypoint" ON ("public"."routes"."id" = "aggr_selection_0_Waypoint"."routeId") WHERE 1=1 ORDER BY "public"."routes"."createdAt" DESC OFFSET $1
prisma:query SELECT "public"."zones"."id", "public"."zones"."name", "public"."zones"."color" FROM "public"."zones" WHERE "public"."zones"."id" IN ($1,$2,$3,$4,$5,$6,$7,$8,$9) OFFSET $10
prisma:query SELECT "public"."vehicles"."id", "public"."vehicles"."plate", "public"."vehicles"."type"::text FROM "public"."vehicles" WHERE "public"."vehicles"."id" IN ($1,$2) OFFSET $3
prisma:query SELECT "public"."users"."id", "public"."users"."firstName", "public"."users"."lastName" FROM "public"."users" WHERE "public"."users"."id" IN ($1,$2,$3,$4,$5,$6,$7,$8,$9) OFFSET $10
prisma:query SELECT "public"."zones"."id", "public"."zones"."name", "public"."zones"."description", "public"."zones"."district", "public"."zones"."color", "public"."zones"."isActive", "public"."zones"."geometry", "public"."zones"."createdById", "public"."zones"."createdAt", "public"."zones"."updatedAt", COALESCE("aggr_selection_0_User"."_aggr_count_users", 0) AS "_aggr_count_users", COALESCE("aggr_selection_1_Route"."_aggr_count_routes", 0) AS "_aggr_count_routes" FROM "public"."zones" LEFT JOIN (SELECT "public"."users"."zoneId", COUNT(*) AS "_aggr_count_users" FROM "public"."users" WHERE 1=1 GROUP BY "public"."users"."zoneId") AS "aggr_selection_0_User" ON ("public"."zones"."id" = "aggr_selection_0_User"."zoneId") LEFT JOIN (SELECT "public"."routes"."zoneId", COUNT(*) AS "_aggr_count_routes" FROM "public"."routes" WHERE 1=1 GROUP BY "public"."routes"."zoneId") AS "aggr_selection_1_Route" ON ("public"."zones"."id" = "aggr_selection_1_Route"."zoneId") WHERE 1=1 ORDER BY "public"."zones"."createdAt" DESC OFFSET $1
prisma:query SELECT "public"."users"."id", "public"."users"."firstName", "public"."users"."lastName" FROM "public"."users" WHERE "public"."users"."id" IN ($1) OFFSET $2
prisma:query SELECT "public"."users"."id", "public"."users"."firstName", "public"."users"."lastName", "public"."users"."email" FROM "public"."users" WHERE ("public"."users"."role" = CAST($1::text AS "public"."Role") AND "public"."users"."isActive" = $2) ORDER BY "public"."users"."firstName" ASC OFFSET $3
prisma:query SELECT "public"."zones"."id", "public"."zones"."name", "public"."zones"."description", "public"."zones"."district", "public"."zones"."color", "public"."zones"."isActive", "public"."zones"."geometry", "public"."zones"."createdById", "public"."zones"."createdAt", "public"."zones"."updatedAt", COALESCE("aggr_selection_0_User"."_aggr_count_users", 0) AS "_aggr_count_users", COALESCE("aggr_selection_1_Route"."_aggr_count_routes", 0) AS "_aggr_count_routes" FROM "public"."zones" LEFT JOIN (SELECT "public"."users"."zoneId", COUNT(*) AS "_aggr_count_users" FROM "public"."users" WHERE 1=1 GROUP BY "public"."users"."zoneId") AS "aggr_selection_0_User" ON ("public"."zones"."id" = "aggr_selection_0_User"."zoneId") LEFT JOIN (SELECT "public"."routes"."zoneId", COUNT(*) AS "_aggr_count_routes" FROM "public"."routes" WHERE 1=1 GROUP BY "public"."routes"."zoneId") AS "aggr_selection_1_Route" ON ("public"."zones"."id" = "aggr_selection_1_Route"."zoneId") WHERE 1=1 ORDER BY "public"."zones"."createdAt" DESC OFFSET $1
prisma:query SELECT "public"."users"."id", "public"."users"."firstName", "public"."users"."lastName" FROM "public"."users" WHERE "public"."users"."id" IN ($1) OFFSET $2
prisma:query SELECT "public"."zones"."id", "public"."zones"."name", "public"."zones"."description", "public"."zones"."district", "public"."zones"."color", "public"."zones"."isActive", "public"."zones"."geometry", "public"."zones"."createdById", "public"."zones"."createdAt", "public"."zones"."updatedAt", COALESCE("aggr_selection_0_User"."_aggr_count_users", 0) AS "_aggr_count_users", COALESCE("aggr_selection_1_Route"."_aggr_count_routes", 0) AS "_aggr_count_routes" FROM "public"."zones" LEFT JOIN (SELECT "public"."users"."zoneId", COUNT(*) AS "_aggr_count_users" FROM "public"."users" WHERE 1=1 GROUP BY "public"."users"."zoneId") AS "aggr_selection_0_User" ON ("public"."zones"."id" = "aggr_selection_0_User"."zoneId") LEFT JOIN (SELECT "public"."routes"."zoneId", COUNT(*) AS "_aggr_count_routes" FROM "public"."routes" WHERE 1=1 GROUP BY "public"."routes"."zoneId") AS "aggr_selection_1_Route" ON ("public"."zones"."id" = "aggr_selection_1_Route"."zoneId") WHERE 1=1 ORDER BY "public"."zones"."createdAt" DESC OFFSET $1
prisma:query SELECT "public"."users"."id", "public"."users"."firstName", "public"."users"."lastName" FROM "public"."users" WHERE "public"."users"."id" IN ($1) OFFSET $2
prisma:query SELECT 1
prisma:query SELECT 1
prisma:query SELECT "public"."zones"."id", "public"."zones"."name", "public"."zones"."description", "public"."zones"."district", "public"."zones"."color", "public"."zones"."isActive", "public"."zones"."geometry", "public"."zones"."createdById", "public"."zones"."createdAt", "public"."zones"."updatedAt", COALESCE("aggr_selection_0_User"."_aggr_count_users", 0) AS "_aggr_count_users", COALESCE("aggr_selection_1_Route"."_aggr_count_routes", 0) AS "_aggr_count_routes" FROM "public"."zones" LEFT JOIN (SELECT "public"."users"."zoneId", COUNT(*) AS "_aggr_count_users" FROM "public"."users" WHERE 1=1 GROUP BY "public"."users"."zoneId") AS "aggr_selection_0_User" ON ("public"."zones"."id" = "aggr_selection_0_User"."zoneId") LEFT JOIN (SELECT "public"."routes"."zoneId", COUNT(*) AS "_aggr_count_routes" FROM "public"."routes" WHERE 1=1 GROUP BY "public"."routes"."zoneId") AS "aggr_selection_1_Route" ON ("public"."zones"."id" = "aggr_selection_1_Route"."zoneId") WHERE 1=1 ORDER BY "public"."zones"."createdAt" DESC OFFSET $1
prisma:query SELECT "public"."incidents"."id", "public"."incidents"."type"::text, "public"."incidents"."description", "public"."incidents"."status"::text, "public"."incidents"."imageUrl", "public"."incidents"."lat", "public"."incidents"."lng", "public"."incidents"."address", "public"."incidents"."citizenId", "public"."incidents"."trackingCode", "public"."incidents"."createdAt", "public"."incidents"."updatedAt" FROM "public"."incidents" WHERE 1=1 ORDER BY "public"."incidents"."createdAt" DESC OFFSET $1
prisma:query SELECT "public"."users"."id", "public"."users"."firstName", "public"."users"."lastName" FROM "public"."users" WHERE "public"."users"."id" IN ($1) OFFSET $2
prisma:query SELECT "public"."incidents"."id", "public"."incidents"."type"::text, "public"."incidents"."description", "public"."incidents"."status"::text, "public"."incidents"."imageUrl", "public"."incidents"."lat", "public"."incidents"."lng", "public"."incidents"."address", "public"."incidents"."citizenId", "public"."incidents"."trackingCode", "public"."incidents"."createdAt", "public"."incidents"."updatedAt" FROM "public"."incidents" WHERE 1=1 ORDER BY "public"."incidents"."createdAt" DESC OFFSET $1
prisma:query SELECT "public"."zones"."id", "public"."zones"."name", "public"."zones"."description", "public"."zones"."district", "public"."zones"."color", "public"."zones"."isActive", "public"."zones"."geometry", "public"."zones"."createdById", "public"."zones"."createdAt", "public"."zones"."updatedAt", COALESCE("aggr_selection_0_User"."_aggr_count_users", 0) AS "_aggr_count_users", COALESCE("aggr_selection_1_Route"."_aggr_count_routes", 0) AS "_aggr_count_routes" FROM "public"."zones" LEFT JOIN (SELECT "public"."users"."zoneId", COUNT(*) AS "_aggr_count_users" FROM "public"."users" WHERE 1=1 GROUP BY "public"."users"."zoneId") AS "aggr_selection_0_User" ON ("public"."zones"."id" = "aggr_selection_0_User"."zoneId") LEFT JOIN (SELECT "public"."routes"."zoneId", COUNT(*) AS "_aggr_count_routes" FROM "public"."routes" WHERE 1=1 GROUP BY "public"."routes"."zoneId") AS "aggr_selection_1_Route" ON ("public"."zones"."id" = "aggr_selection_1_Route"."zoneId") WHERE 1=1 ORDER BY "public"."zones"."createdAt" DESC OFFSET $1
prisma:query SELECT "public"."users"."id", "public"."users"."firstName", "public"."users"."lastName" FROM "public"."users" WHERE "public"."users"."id" IN ($1) OFFSET $2
prisma:query SELECT "public"."zones"."id", "public"."zones"."name", "public"."zones"."description", "public"."zones"."district", "public"."zones"."color", "public"."zones"."isActive", "public"."zones"."geometry", "public"."zones"."createdById", "public"."zones"."createdAt", "public"."zones"."updatedAt", COALESCE("aggr_selection_0_User"."_aggr_count_users", 0) AS "_aggr_count_users", COALESCE("aggr_selection_1_Route"."_aggr_count_routes", 0) AS "_aggr_count_routes" FROM "public"."zones" LEFT JOIN (SELECT "public"."users"."zoneId", COUNT(*) AS "_aggr_count_users" FROM "public"."users" WHERE 1=1 GROUP BY "public"."users"."zoneId") AS "aggr_selection_0_User" ON ("public"."zones"."id" = "aggr_selection_0_User"."zoneId") LEFT JOIN (SELECT "public"."routes"."zoneId", COUNT(*) AS "_aggr_count_routes" FROM "public"."routes" WHERE 1=1 GROUP BY "public"."routes"."zoneId") AS "aggr_selection_1_Route" ON ("public"."zones"."id" = "aggr_selection_1_Route"."zoneId") WHERE 1=1 ORDER BY "public"."zones"."createdAt" DESC OFFSET $1
prisma:query SELECT "public"."users"."id", "public"."users"."firstName", "public"."users"."lastName" FROM "public"."users" WHERE "public"."users"."id" IN ($1) OFFSET $2
prisma:query SELECT "public"."zones"."id", "public"."zones"."name", "public"."zones"."description", "public"."zones"."district", "public"."zones"."color", "public"."zones"."isActive", "public"."zones"."geometry", "public"."zones"."createdById", "public"."zones"."createdAt", "public"."zones"."updatedAt", COALESCE("aggr_selection_0_User"."_aggr_count_users", 0) AS "_aggr_count_users", COALESCE("aggr_selection_1_Route"."_aggr_count_routes", 0) AS "_aggr_count_routes" FROM "public"."zones" LEFT JOIN (SELECT "public"."users"."zoneId", COUNT(*) AS "_aggr_count_users" FROM "public"."users" WHERE 1=1 GROUP BY "public"."users"."zoneId") AS "aggr_selection_0_User" ON ("public"."zones"."id" = "aggr_selection_0_User"."zoneId") LEFT JOIN (SELECT "public"."routes"."zoneId", COUNT(*) AS "_aggr_count_routes" FROM "public"."routes" WHERE 1=1 GROUP BY "public"."routes"."zoneId") AS "aggr_selection_1_Route" ON ("public"."zones"."id" = "aggr_selection_1_Route"."zoneId") WHERE 1=1 ORDER BY "public"."zones"."createdAt" DESC OFFSET $1
prisma:query SELECT "public"."route_executions"."id", "public"."route_executions"."routeId", "public"."route_executions"."operatorId", "public"."route_executions"."vehicleId", "public"."route_executions"."date", "public"."route_executions"."startedAt", "public"."route_executions"."endedAt", "public"."route_executions"."status"::text, "public"."route_executions"."delayMinutes", "public"."route_executions"."notes", "public"."route_executions"."createdAt", "public"."route_executions"."updatedAt" FROM "public"."route_executions" WHERE ("public"."route_executions"."date" >= $1 AND "public"."route_executions"."date" <= $2) OFFSET $3
prisma:query SELECT "public"."users"."id", "public"."users"."firstName", "public"."users"."lastName" FROM "public"."users" WHERE "public"."users"."id" IN ($1) OFFSET $2
prisma:query SELECT "public"."zones"."id", "public"."zones"."name", "public"."zones"."district", "public"."zones"."color" FROM "public"."zones" WHERE "public"."zones"."isActive" = $1 OFFSET $2
prisma:query SELECT "public"."zones"."id", "public"."zones"."name", "public"."zones"."description", "public"."zones"."district", "public"."zones"."color", "public"."zones"."isActive", "public"."zones"."geometry", "public"."zones"."createdById", "public"."zones"."createdAt", "public"."zones"."updatedAt", COALESCE("aggr_selection_0_User"."_aggr_count_users", 0) AS "_aggr_count_users", COALESCE("aggr_selection_1_Route"."_aggr_count_routes", 0) AS "_aggr_count_routes" FROM "public"."zones" LEFT JOIN (SELECT "public"."users"."zoneId", COUNT(*) AS "_aggr_count_users" FROM "public"."users" WHERE 1=1 GROUP BY "public"."users"."zoneId") AS "aggr_selection_0_User" ON ("public"."zones"."id" = "aggr_selection_0_User"."zoneId") LEFT JOIN (SELECT "public"."routes"."zoneId", COUNT(*) AS "_aggr_count_routes" FROM "public"."routes" WHERE 1=1 GROUP BY "public"."routes"."zoneId") AS "aggr_selection_1_Route" ON ("public"."zones"."id" = "aggr_selection_1_Route"."zoneId") WHERE 1=1 ORDER BY "public"."zones"."createdAt" DESC OFFSET $1
prisma:query SELECT "public"."users"."id", "public"."users"."firstName", "public"."users"."lastName" FROM "public"."users" WHERE "public"."users"."id" IN ($1) OFFSET $2
prisma:query SELECT "public"."users"."id", "public"."users"."email", "public"."users"."firstName", "public"."users"."lastName", "public"."users"."dni", "public"."users"."phone", "public"."users"."address", "public"."users"."district", "public"."users"."role"::text, "public"."users"."isActive", "public"."users"."isVerified", "public"."users"."zoneId", "public"."users"."createdAt" FROM "public"."users" WHERE "public"."users"."role" = CAST($1::text AS "public"."Role") ORDER BY "public"."users"."createdAt" DESC OFFSET $2
prisma:query SELECT "public"."zones"."id", "public"."zones"."name", "public"."zones"."description", "public"."zones"."district", "public"."zones"."color", "public"."zones"."isActive", "public"."zones"."geometry", "public"."zones"."createdById", "public"."zones"."createdAt", "public"."zones"."updatedAt", COALESCE("aggr_selection_0_User"."_aggr_count_users", 0) AS "_aggr_count_users", COALESCE("aggr_selection_1_Route"."_aggr_count_routes", 0) AS "_aggr_count_routes" FROM "public"."zones" LEFT JOIN (SELECT "public"."users"."zoneId", COUNT(*) AS "_aggr_count_users" FROM "public"."users" WHERE 1=1 GROUP BY "public"."users"."zoneId") AS "aggr_selection_0_User" ON ("public"."zones"."id" = "aggr_selection_0_User"."zoneId") LEFT JOIN (SELECT "public"."routes"."zoneId", COUNT(*) AS "_aggr_count_routes" FROM "public"."routes" WHERE 1=1 GROUP BY "public"."routes"."zoneId") AS "aggr_selection_1_Route" ON ("public"."zones"."id" = "aggr_selection_1_Route"."zoneId") WHERE 1=1 ORDER BY "public"."zones"."createdAt" DESC OFFSET $1
prisma:query SELECT "public"."users"."id", "public"."users"."firstName", "public"."users"."lastName" FROM "public"."users" WHERE "public"."users"."id" IN ($1) OFFSET $2
prisma:query SELECT "public"."users"."id", "public"."users"."email", "public"."users"."firstName", "public"."users"."lastName", "public"."users"."dni", "public"."users"."phone", "public"."users"."address", "public"."users"."district", "public"."users"."role"::text, "public"."users"."isActive", "public"."users"."isVerified", "public"."users"."zoneId", "public"."users"."createdAt" FROM "public"."users" WHERE "public"."users"."role" = CAST($1::text AS "public"."Role") ORDER BY "public"."users"."createdAt" DESC OFFSET $2
prisma:query SELECT "public"."users"."id", "public"."users"."email", "public"."users"."firstName" FROM "public"."users" WHERE ("public"."users"."id" = $1 AND 1=1) LIMIT $2 OFFSET $3
prisma:query SELECT "public"."zones"."id", "public"."zones"."name", "public"."zones"."description", "public"."zones"."district", "public"."zones"."color", "public"."zones"."isActive", "public"."zones"."geometry", "public"."zones"."createdById", "public"."zones"."createdAt", "public"."zones"."updatedAt" FROM "public"."zones" WHERE ("public"."zones"."id" = $1 AND 1=1) LIMIT $2 OFFSET $3
prisma:query BEGIN
prisma:query UPDATE "public"."users" SET "zoneId" = $1, "updatedAt" = $2 WHERE ("public"."users"."id" = $3 AND 1=1) RETURNING "public"."users"."id", "public"."users"."email", "public"."users"."firstName", "public"."users"."lastName", "public"."users"."zoneId"
prisma:query SELECT "public"."users"."id", "public"."users"."email", "public"."users"."firstName", "public"."users"."lastName", "public"."users"."zoneId" FROM "public"."users" WHERE "public"."users"."id" = $1 LIMIT $2 OFFSET $3
prisma:query SELECT "public"."zones"."id", "public"."zones"."name", "public"."zones"."district", "public"."zones"."color" FROM "public"."zones" WHERE "public"."zones"."id" IN ($1) OFFSET $2
prisma:query COMMIT
prisma:query SELECT "public"."users"."id", "public"."users"."email", "public"."users"."firstName", "public"."users"."lastName", "public"."users"."dni", "public"."users"."phone", "public"."users"."address", "public"."users"."district", "public"."users"."role"::text, "public"."users"."isActive", "public"."users"."isVerified", "public"."users"."zoneId", "public"."users"."createdAt" FROM "public"."users" WHERE "public"."users"."role" = CAST($1::text AS "public"."Role") ORDER BY "public"."users"."createdAt" DESC OFFSET $2
prisma:query SELECT "public"."zones"."id", "public"."zones"."name", "public"."zones"."district", "public"."zones"."color" FROM "public"."zones" WHERE "public"."zones"."id" IN ($1) OFFSET $2
prisma:query SELECT 1
prisma:query SELECT "public"."users"."id", "public"."users"."isActive" FROM "public"."users" WHERE ("public"."users"."id" = $1 AND 1=1) LIMIT $2 OFFSET $3
prisma:query UPDATE "public"."users" SET "isActive" = $1, "updatedAt" = $2 WHERE ("public"."users"."id" = $3 AND 1=1) RETURNING "public"."users"."id", "public"."users"."isActive"
prisma:query SELECT "public"."users"."id", "public"."users"."email", "public"."users"."firstName", "public"."users"."lastName", "public"."users"."dni", "public"."users"."phone", "public"."users"."address", "public"."users"."district", "public"."users"."role"::text, "public"."users"."isActive", "public"."users"."isVerified", "public"."users"."zoneId", "public"."users"."createdAt" FROM "public"."users" WHERE "public"."users"."role" = CAST($1::text AS "public"."Role") ORDER BY "public"."users"."createdAt" DESC OFFSET $2
prisma:query SELECT "public"."zones"."id", "public"."zones"."name", "public"."zones"."district", "public"."zones"."color" FROM "public"."zones" WHERE "public"."zones"."id" IN ($1) OFFSET $2
prisma:query SELECT "public"."users"."id", "public"."users"."isActive" FROM "public"."users" WHERE ("public"."users"."id" = $1 AND 1=1) LIMIT $2 OFFSET $3
prisma:query UPDATE "public"."users" SET "isActive" = $1, "updatedAt" = $2 WHERE ("public"."users"."id" = $3 AND 1=1) RETURNING "public"."users"."id", "public"."users"."isActive"
prisma:query SELECT "public"."users"."id", "public"."users"."email", "public"."users"."firstName", "public"."users"."lastName", "public"."users"."dni", "public"."users"."phone", "public"."users"."address", "public"."users"."district", "public"."users"."role"::text, "public"."users"."isActive", "public"."users"."isVerified", "public"."users"."zoneId", "public"."users"."createdAt" FROM "public"."users" WHERE "public"."users"."role" = CAST($1::text AS "public"."Role") ORDER BY "public"."users"."createdAt" DESC OFFSET $2
prisma:query SELECT "public"."zones"."id", "public"."zones"."name", "public"."zones"."district", "public"."zones"."color" FROM "public"."zones" WHERE "public"."zones"."id" IN ($1) OFFSET $2
prisma:query SELECT 1
prisma:query SELECT "public"."users"."id", "public"."users"."email", "public"."users"."firstName" FROM "public"."users" WHERE ("public"."users"."id" = $1 AND 1=1) LIMIT $2 OFFSET $3
prisma:query SELECT "public"."zones"."id", "public"."zones"."name", "public"."zones"."description", "public"."zones"."district", "public"."zones"."color", "public"."zones"."isActive", "public"."zones"."geometry", "public"."zones"."createdById", "public"."zones"."createdAt", "public"."zones"."updatedAt" FROM "public"."zones" WHERE ("public"."zones"."id" = $1 AND 1=1) LIMIT $2 OFFSET $3
prisma:query BEGIN
prisma:query UPDATE "public"."users" SET "zoneId" = $1, "updatedAt" = $2 WHERE ("public"."users"."id" = $3 AND 1=1) RETURNING "public"."users"."id", "public"."users"."email", "public"."users"."firstName", "public"."users"."lastName", "public"."users"."zoneId"
prisma:query SELECT "public"."users"."id", "public"."users"."email", "public"."users"."firstName", "public"."users"."lastName", "public"."users"."zoneId" FROM "public"."users" WHERE "public"."users"."id" = $1 LIMIT $2 OFFSET $3
prisma:query SELECT "public"."zones"."id", "public"."zones"."name", "public"."zones"."district", "public"."zones"."color" FROM "public"."zones" WHERE "public"."zones"."id" IN ($1) OFFSET $2
prisma:query COMMIT
prisma:query SELECT "public"."users"."id", "public"."users"."email", "public"."users"."firstName", "public"."users"."lastName", "public"."users"."dni", "public"."users"."phone", "public"."users"."address", "public"."users"."district", "public"."users"."role"::text, "public"."users"."isActive", "public"."users"."isVerified", "public"."users"."zoneId", "public"."users"."createdAt" FROM "public"."users" WHERE "public"."users"."role" = CAST($1::text AS "public"."Role") ORDER BY "public"."users"."createdAt" DESC OFFSET $2
prisma:query SELECT "public"."zones"."id", "public"."zones"."name", "public"."zones"."district", "public"."zones"."color" FROM "public"."zones" WHERE "public"."zones"."id" IN ($1,$2) OFFSET $3
prisma:query SELECT 1
prisma:query SELECT 1
prisma:query SELECT "public"."zones"."id", "public"."zones"."name", "public"."zones"."description", "public"."zones"."district", "public"."zones"."color", "public"."zones"."isActive", "public"."zones"."geometry", "public"."zones"."createdById", "public"."zones"."createdAt", "public"."zones"."updatedAt", COALESCE("aggr_selection_0_User"."_aggr_count_users", 0) AS "_aggr_count_users", COALESCE("aggr_selection_1_Route"."_aggr_count_routes", 0) AS "_aggr_count_routes" FROM "public"."zones" LEFT JOIN (SELECT "public"."users"."zoneId", COUNT(*) AS "_aggr_count_users" FROM "public"."users" WHERE 1=1 GROUP BY "public"."users"."zoneId") AS "aggr_selection_0_User" ON ("public"."zones"."id" = "aggr_selection_0_User"."zoneId") LEFT JOIN (SELECT "public"."routes"."zoneId", COUNT(*) AS "_aggr_count_routes" FROM "public"."routes" WHERE 1=1 GROUP BY "public"."routes"."zoneId") AS "aggr_selection_1_Route" ON ("public"."zones"."id" = "aggr_selection_1_Route"."zoneId") WHERE 1=1 ORDER BY "public"."zones"."createdAt" DESC OFFSET $1
prisma:query SELECT "public"."users"."id", "public"."users"."email", "public"."users"."firstName", "public"."users"."lastName", "public"."users"."dni", "public"."users"."phone", "public"."users"."address", "public"."users"."district", "public"."users"."role"::text, "public"."users"."isActive", "public"."users"."isVerified", "public"."users"."zoneId", "public"."users"."createdAt" FROM "public"."users" WHERE "public"."users"."role" = CAST($1::text AS "public"."Role") ORDER BY "public"."users"."createdAt" DESC OFFSET $2
prisma:query SELECT "public"."users"."id", "public"."users"."firstName", "public"."users"."lastName" FROM "public"."users" WHERE "public"."users"."id" IN ($1) OFFSET $2
prisma:query SELECT "public"."zones"."id", "public"."zones"."name", "public"."zones"."district", "public"."zones"."color" FROM "public"."zones" WHERE "public"."zones"."id" IN ($1,$2) OFFSET $3
prisma:query SELECT "public"."users"."id", "public"."users"."email", "public"."users"."firstName", "public"."users"."lastName", "public"."users"."dni", "public"."users"."phone", "public"."users"."address", "public"."users"."district", "public"."users"."role"::text, "public"."users"."isActive", "public"."users"."isVerified", "public"."users"."zoneId", "public"."users"."createdAt" FROM "public"."users" WHERE "public"."users"."role" = CAST($1::text AS "public"."Role") ORDER BY "public"."users"."createdAt" DESC OFFSET $2
prisma:query SELECT "public"."zones"."id", "public"."zones"."name", "public"."zones"."district", "public"."zones"."color" FROM "public"."zones" WHERE "public"."zones"."id" IN ($1,$2) OFFSET $3
prisma:query SELECT 1
prisma:query SELECT "public"."users"."id", "public"."users"."email", "public"."users"."firstName", "public"."users"."lastName", "public"."users"."dni", "public"."users"."phone", "public"."users"."address", "public"."users"."district", "public"."users"."role"::text, "public"."users"."isActive", "public"."users"."isVerified", "public"."users"."zoneId", "public"."users"."createdAt" FROM "public"."users" WHERE "public"."users"."role" = CAST($1::text AS "public"."Role") ORDER BY "public"."users"."createdAt" DESC OFFSET $2
prisma:query SELECT "public"."zones"."id", "public"."zones"."name", "public"."zones"."district", "public"."zones"."color" FROM "public"."zones" WHERE "public"."zones"."id" IN ($1,$2) OFFSET $3
prisma:query DELETE FROM "public"."refresh_tokens" WHERE "public"."refresh_tokens"."token" = $1
prisma:query SELECT "public"."users"."id", "public"."users"."email", "public"."users"."password", "public"."users"."role"::text, "public"."users"."firstName", "public"."users"."lastName", "public"."users"."zoneId", "public"."users"."isActive", "public"."users"."isVerified", "public"."users"."lockedUntil", "public"."users"."failedLoginAttempts" FROM "public"."users" WHERE ("public"."users"."email" = $1 AND 1=1) LIMIT $2 OFFSET $3
prisma:query BEGIN
prisma:query UPDATE "public"."users" SET "failedLoginAttempts" = $1, "lockedUntil" = $2, "lastLoginAt" = $3, "updatedAt" = $4 WHERE ("public"."users"."id" = $5 AND 1=1) RETURNING "public"."users"."id", "public"."users"."email", "public"."users"."password", "public"."users"."dni", "public"."users"."firstName", "public"."users"."lastName", "public"."users"."phone", "public"."users"."address", "public"."users"."district", "public"."users"."role"::text, "public"."users"."isActive", "public"."users"."isVerified", "public"."users"."emailVerificationToken", "public"."users"."emailVerificationExpiry", "public"."users"."passwordResetToken", "public"."users"."passwordResetExpiry", "public"."users"."failedLoginAttempts", "public"."users"."lockedUntil", "public"."users"."lastLoginAt", "public"."users"."zoneId", "public"."users"."homeLat", "public"."users"."homeLng", "public"."users"."alertRadius", "public"."users"."createdAt", "public"."users"."updatedAt"
prisma:query INSERT INTO "public"."refresh_tokens" ("id","token","userId","expiresAt","createdAt") VALUES ($1,$2,$3,$4,$5) RETURNING "public"."refresh_tokens"."id", "public"."refresh_tokens"."token", "public"."refresh_tokens"."userId", "public"."refresh_tokens"."expiresAt", "public"."refresh_tokens"."createdAt"
prisma:query COMMIT
prisma:query SELECT 1
prisma:query SELECT "public"."zones"."id", "public"."zones"."name", "public"."zones"."description", "public"."zones"."district", "public"."zones"."color", "public"."zones"."isActive", "public"."zones"."geometry", "public"."zones"."createdById", "public"."zones"."createdAt", "public"."zones"."updatedAt", COALESCE("aggr_selection_0_User"."_aggr_count_users", 0) AS "_aggr_count_users", COALESCE("aggr_selection_1_Route"."_aggr_count_routes", 0) AS "_aggr_count_routes" FROM "public"."zones" LEFT JOIN (SELECT "public"."users"."zoneId", COUNT(*) AS "_aggr_count_users" FROM "public"."users" WHERE 1=1 GROUP BY "public"."users"."zoneId") AS "aggr_selection_0_User" ON ("public"."zones"."id" = "aggr_selection_0_User"."zoneId") LEFT JOIN (SELECT "public"."routes"."zoneId", COUNT(*) AS "_aggr_count_routes" FROM "public"."routes" WHERE 1=1 GROUP BY "public"."routes"."zoneId") AS "aggr_selection_1_Route" ON ("public"."zones"."id" = "aggr_selection_1_Route"."zoneId") WHERE 1=1 ORDER BY "public"."zones"."createdAt" DESC OFFSET $1
prisma:query SELECT "public"."users"."id", "public"."users"."firstName", "public"."users"."lastName" FROM "public"."users" WHERE "public"."users"."id" IN ($1) OFFSET $2
prisma:query SELECT "public"."routes"."id", "public"."routes"."name", "public"."routes"."status"::text, "public"."routes"."zoneId", "public"."routes"."vehicleId", "public"."routes"."operatorId", "public"."routes"."createdById", "public"."routes"."dayOfWeek", "public"."routes"."startTime", "public"."routes"."estimatedDuration", "public"."routes"."pathGeometry", "public"."routes"."createdAt", "public"."routes"."updatedAt", COALESCE("aggr_selection_0_Waypoint"."_aggr_count_waypoints", 0) AS "_aggr_count_waypoints" FROM "public"."routes" LEFT JOIN (SELECT "public"."waypoints"."routeId", COUNT(*) AS "_aggr_count_waypoints" FROM "public"."waypoints" WHERE 1=1 GROUP BY "public"."waypoints"."routeId") AS "aggr_selection_0_Waypoint" ON ("public"."routes"."id" = "aggr_selection_0_Waypoint"."routeId") WHERE 1=1 ORDER BY "public"."routes"."createdAt" DESC OFFSET $1
prisma:query SELECT "public"."zones"."id", "public"."zones"."name", "public"."zones"."color" FROM "public"."zones" WHERE "public"."zones"."id" IN ($1,$2,$3,$4,$5,$6,$7,$8,$9) OFFSET $10
prisma:query SELECT "public"."zones"."id", "public"."zones"."name", "public"."zones"."description", "public"."zones"."district", "public"."zones"."color", "public"."zones"."isActive", "public"."zones"."geometry", "public"."zones"."createdById", "public"."zones"."createdAt", "public"."zones"."updatedAt", COALESCE("aggr_selection_0_User"."_aggr_count_users", 0) AS "_aggr_count_users", COALESCE("aggr_selection_1_Route"."_aggr_count_routes", 0) AS "_aggr_count_routes" FROM "public"."zones" LEFT JOIN (SELECT "public"."users"."zoneId", COUNT(*) AS "_aggr_count_users" FROM "public"."users" WHERE 1=1 GROUP BY "public"."users"."zoneId") AS "aggr_selection_0_User" ON ("public"."zones"."id" = "aggr_selection_0_User"."zoneId") LEFT JOIN (SELECT "public"."routes"."zoneId", COUNT(*) AS "_aggr_count_routes" FROM "public"."routes" WHERE 1=1 GROUP BY "public"."routes"."zoneId") AS "aggr_selection_1_Route" ON ("public"."zones"."id" = "aggr_selection_1_Route"."zoneId") WHERE 1=1 ORDER BY "public"."zones"."createdAt" DESC OFFSET $1
prisma:query SELECT "public"."vehicles"."id", "public"."vehicles"."plate", "public"."vehicles"."type"::text FROM "public"."vehicles" WHERE "public"."vehicles"."id" IN ($1,$2) OFFSET $3
prisma:query SELECT "public"."users"."id", "public"."users"."firstName", "public"."users"."lastName" FROM "public"."users" WHERE "public"."users"."id" IN ($1) OFFSET $2
prisma:query SELECT "public"."users"."id", "public"."users"."firstName", "public"."users"."lastName" FROM "public"."users" WHERE "public"."users"."id" IN ($1,$2,$3,$4,$5,$6,$7,$8,$9) OFFSET $10
prisma:query SELECT "public"."routes"."id", "public"."routes"."name", "public"."routes"."status"::text, "public"."routes"."zoneId", "public"."routes"."vehicleId", "public"."routes"."operatorId", "public"."routes"."createdById", "public"."routes"."dayOfWeek", "public"."routes"."startTime", "public"."routes"."estimatedDuration", "public"."routes"."pathGeometry", "public"."routes"."createdAt", "public"."routes"."updatedAt", COALESCE("aggr_selection_0_Waypoint"."_aggr_count_waypoints", 0) AS "_aggr_count_waypoints" FROM "public"."routes" LEFT JOIN (SELECT "public"."waypoints"."routeId", COUNT(*) AS "_aggr_count_waypoints" FROM "public"."waypoints" WHERE 1=1 GROUP BY "public"."waypoints"."routeId") AS "aggr_selection_0_Waypoint" ON ("public"."routes"."id" = "aggr_selection_0_Waypoint"."routeId") WHERE 1=1 ORDER BY "public"."routes"."createdAt" DESC OFFSET $1
prisma:query SELECT "public"."zones"."id", "public"."zones"."name", "public"."zones"."color" FROM "public"."zones" WHERE "public"."zones"."id" IN ($1,$2,$3,$4,$5,$6,$7,$8,$9) OFFSET $10
prisma:query SELECT "public"."vehicles"."id", "public"."vehicles"."plate", "public"."vehicles"."type"::text FROM "public"."vehicles" WHERE "public"."vehicles"."id" IN ($1,$2) OFFSET $3
prisma:query SELECT "public"."users"."id", "public"."users"."firstName", "public"."users"."lastName" FROM "public"."users" WHERE "public"."users"."id" IN ($1,$2,$3,$4,$5,$6,$7,$8,$9) OFFSET $10
prisma:query SELECT "public"."zones"."id", "public"."zones"."name", "public"."zones"."description", "public"."zones"."district", "public"."zones"."color", "public"."zones"."isActive", "public"."zones"."geometry", "public"."zones"."createdById", "public"."zones"."createdAt", "public"."zones"."updatedAt", COALESCE("aggr_selection_0_User"."_aggr_count_users", 0) AS "_aggr_count_users", COALESCE("aggr_selection_1_Route"."_aggr_count_routes", 0) AS "_aggr_count_routes" FROM "public"."zones" LEFT JOIN (SELECT "public"."users"."zoneId", COUNT(*) AS "_aggr_count_users" FROM "public"."users" WHERE 1=1 GROUP BY "public"."users"."zoneId") AS "aggr_selection_0_User" ON ("public"."zones"."id" = "aggr_selection_0_User"."zoneId") LEFT JOIN (SELECT "public"."routes"."zoneId", COUNT(*) AS "_aggr_count_routes" FROM "public"."routes" WHERE 1=1 GROUP BY "public"."routes"."zoneId") AS "aggr_selection_1_Route" ON ("public"."zones"."id" = "aggr_selection_1_Route"."zoneId") WHERE 1=1 ORDER BY "public"."zones"."createdAt" DESC OFFSET $1
prisma:query SELECT "public"."users"."id", "public"."users"."firstName", "public"."users"."lastName" FROM "public"."users" WHERE "public"."users"."id" IN ($1) OFFSET $2
prisma:query SELECT "public"."zones"."id", "public"."zones"."name", "public"."zones"."description", "public"."zones"."district", "public"."zones"."color", "public"."zones"."isActive", "public"."zones"."geometry", "public"."zones"."createdById", "public"."zones"."createdAt", "public"."zones"."updatedAt", COALESCE("aggr_selection_0_User"."_aggr_count_users", 0) AS "_aggr_count_users", COALESCE("aggr_selection_1_Route"."_aggr_count_routes", 0) AS "_aggr_count_routes" FROM "public"."zones" LEFT JOIN (SELECT "public"."users"."zoneId", COUNT(*) AS "_aggr_count_users" FROM "public"."users" WHERE 1=1 GROUP BY "public"."users"."zoneId") AS "aggr_selection_0_User" ON ("public"."zones"."id" = "aggr_selection_0_User"."zoneId") LEFT JOIN (SELECT "public"."routes"."zoneId", COUNT(*) AS "_aggr_count_routes" FROM "public"."routes" WHERE 1=1 GROUP BY "public"."routes"."zoneId") AS "aggr_selection_1_Route" ON ("public"."zones"."id" = "aggr_selection_1_Route"."zoneId") WHERE 1=1 ORDER BY "public"."zones"."createdAt" DESC OFFSET $1
prisma:query SELECT "public"."users"."id", "public"."users"."firstName", "public"."users"."lastName" FROM "public"."users" WHERE "public"."users"."id" IN ($1) OFFSET $2
prisma:query SELECT "public"."zones"."id", "public"."zones"."name", "public"."zones"."description", "public"."zones"."district", "public"."zones"."color", "public"."zones"."isActive", "public"."zones"."geometry", "public"."zones"."createdById", "public"."zones"."createdAt", "public"."zones"."updatedAt", COALESCE("aggr_selection_0_User"."_aggr_count_users", 0) AS "_aggr_count_users", COALESCE("aggr_selection_1_Route"."_aggr_count_routes", 0) AS "_aggr_count_routes" FROM "public"."zones" LEFT JOIN (SELECT "public"."users"."zoneId", COUNT(*) AS "_aggr_count_users" FROM "public"."users" WHERE 1=1 GROUP BY "public"."users"."zoneId") AS "aggr_selection_0_User" ON ("public"."zones"."id" = "aggr_selection_0_User"."zoneId") LEFT JOIN (SELECT "public"."routes"."zoneId", COUNT(*) AS "_aggr_count_routes" FROM "public"."routes" WHERE 1=1 GROUP BY "public"."routes"."zoneId") AS "aggr_selection_1_Route" ON ("public"."zones"."id" = "aggr_selection_1_Route"."zoneId") WHERE 1=1 ORDER BY "public"."zones"."createdAt" DESC OFFSET $1
prisma:query SELECT 1
prisma:query SELECT "public"."users"."id", "public"."users"."firstName", "public"."users"."lastName" FROM "public"."users" WHERE "public"."users"."id" IN ($1) OFFSET $2
prisma:query SELECT "public"."users"."id", "public"."users"."email", "public"."users"."firstName", "public"."users"."lastName", "public"."users"."dni", "public"."users"."phone", "public"."users"."address", "public"."users"."district", "public"."users"."role"::text, "public"."users"."isActive", "public"."users"."isVerified", "public"."users"."zoneId", "public"."users"."alertRadius" FROM "public"."users" WHERE ("public"."users"."id" = $1 AND 1=1) LIMIT $2 OFFSET $3
prisma:query SELECT "public"."zones"."id", "public"."zones"."name", "public"."zones"."district", "public"."zones"."color" FROM "public"."zones" WHERE "public"."zones"."id" IN ($1) OFFSET $2
prisma:query SELECT "public"."zones"."id", "public"."zones"."name", "public"."zones"."description", "public"."zones"."district", "public"."zones"."color", "public"."zones"."isActive", "public"."zones"."geometry", "public"."zones"."createdById", "public"."zones"."createdAt", "public"."zones"."updatedAt", COALESCE("aggr_selection_0_User"."_aggr_count_users", 0) AS "_aggr_count_users", COALESCE("aggr_selection_1_Route"."_aggr_count_routes", 0) AS "_aggr_count_routes" FROM "public"."zones" LEFT JOIN (SELECT "public"."users"."zoneId", COUNT(*) AS "_aggr_count_users" FROM "public"."users" WHERE 1=1 GROUP BY "public"."users"."zoneId") AS "aggr_selection_0_User" ON ("public"."zones"."id" = "aggr_selection_0_User"."zoneId") LEFT JOIN (SELECT "public"."routes"."zoneId", COUNT(*) AS "_aggr_count_routes" FROM "public"."routes" WHERE 1=1 GROUP BY "public"."routes"."zoneId") AS "aggr_selection_1_Route" ON ("public"."zones"."id" = "aggr_selection_1_Route"."zoneId") WHERE 1=1 ORDER BY "public"."zones"."createdAt" DESC OFFSET $1
prisma:query SELECT "public"."users"."id", "public"."users"."firstName", "public"."users"."lastName" FROM "public"."users" WHERE "public"."users"."id" IN ($1) OFFSET $2
prisma:query SELECT "public"."users"."id", "public"."users"."email", "public"."users"."firstName", "public"."users"."lastName", "public"."users"."dni", "public"."users"."phone", "public"."users"."address", "public"."users"."district", "public"."users"."role"::text, "public"."users"."isActive", "public"."users"."isVerified", "public"."users"."zoneId", "public"."users"."alertRadius" FROM "public"."users" WHERE ("public"."users"."id" = $1 AND 1=1) LIMIT $2 OFFSET $3
prisma:query SELECT "public"."zones"."id", "public"."zones"."name", "public"."zones"."district", "public"."zones"."color" FROM "public"."zones" WHERE "public"."zones"."id" IN ($1) OFFSET $2
prisma:query SELECT "public"."zones"."id", "public"."zones"."name", "public"."zones"."description", "public"."zones"."district", "public"."zones"."color", "public"."zones"."isActive", "public"."zones"."geometry", "public"."zones"."createdById", "public"."zones"."createdAt", "public"."zones"."updatedAt", COALESCE("aggr_selection_0_User"."_aggr_count_users", 0) AS "_aggr_count_users", COALESCE("aggr_selection_1_Route"."_aggr_count_routes", 0) AS "_aggr_count_routes" FROM "public"."zones" LEFT JOIN (SELECT "public"."users"."zoneId", COUNT(*) AS "_aggr_count_users" FROM "public"."users" WHERE 1=1 GROUP BY "public"."users"."zoneId") AS "aggr_selection_0_User" ON ("public"."zones"."id" = "aggr_selection_0_User"."zoneId") LEFT JOIN (SELECT "public"."routes"."zoneId", COUNT(*) AS "_aggr_count_routes" FROM "public"."routes" WHERE 1=1 GROUP BY "public"."routes"."zoneId") AS "aggr_selection_1_Route" ON ("public"."zones"."id" = "aggr_selection_1_Route"."zoneId") WHERE 1=1 ORDER BY "public"."zones"."createdAt" DESC OFFSET $1
prisma:query SELECT "public"."users"."id", "public"."users"."firstName", "public"."users"."lastName" FROM "public"."users" WHERE "public"."users"."id" IN ($1) OFFSET $2
prisma:query SELECT "public"."zones"."id", "public"."zones"."name", "public"."zones"."description", "public"."zones"."district", "public"."zones"."color", "public"."zones"."isActive", "public"."zones"."geometry", "public"."zones"."createdById", "public"."zones"."createdAt", "public"."zones"."updatedAt", COALESCE("aggr_selection_0_User"."_aggr_count_users", 0) AS "_aggr_count_users", COALESCE("aggr_selection_1_Route"."_aggr_count_routes", 0) AS "_aggr_count_routes" FROM "public"."zones" LEFT JOIN (SELECT "public"."users"."zoneId", COUNT(*) AS "_aggr_count_users" FROM "public"."users" WHERE 1=1 GROUP BY "public"."users"."zoneId") AS "aggr_selection_0_User" ON ("public"."zones"."id" = "aggr_selection_0_User"."zoneId") LEFT JOIN (SELECT "public"."routes"."zoneId", COUNT(*) AS "_aggr_count_routes" FROM "public"."routes" WHERE 1=1 GROUP BY "public"."routes"."zoneId") AS "aggr_selection_1_Route" ON ("public"."zones"."id" = "aggr_selection_1_Route"."zoneId") WHERE 1=1 ORDER BY "public"."zones"."createdAt" DESC OFFSET $1
prisma:query SELECT "public"."users"."id", "public"."users"."firstName", "public"."users"."lastName" FROM "public"."users" WHERE "public"."users"."id" IN ($1) OFFSET $2
prisma:query SELECT 1
prisma:query SELECT 1
prisma:query SELECT 1
prisma:query SELECT "public"."zones"."id", "public"."zones"."name", "public"."zones"."description", "public"."zones"."district", "public"."zones"."color", "public"."zones"."isActive", "public"."zones"."geometry", "public"."zones"."createdById", "public"."zones"."createdAt", "public"."zones"."updatedAt", COALESCE("aggr_selection_0_User"."_aggr_count_users", 0) AS "_aggr_count_users", COALESCE("aggr_selection_1_Route"."_aggr_count_routes", 0) AS "_aggr_count_routes" FROM "public"."zones" LEFT JOIN (SELECT "public"."users"."zoneId", COUNT(*) AS "_aggr_count_users" FROM "public"."users" WHERE 1=1 GROUP BY "public"."users"."zoneId") AS "aggr_selection_0_User" ON ("public"."zones"."id" = "aggr_selection_0_User"."zoneId") LEFT JOIN (SELECT "public"."routes"."zoneId", COUNT(*) AS "_aggr_count_routes" FROM "public"."routes" WHERE 1=1 GROUP BY "public"."routes"."zoneId") AS "aggr_selection_1_Route" ON ("public"."zones"."id" = "aggr_selection_1_Route"."zoneId") WHERE 1=1 ORDER BY "public"."zones"."createdAt" DESC OFFSET $1
prisma:query SELECT "public"."vehicles"."id", "public"."vehicles"."plate", "public"."vehicles"."type"::text, "public"."vehicles"."brand", "public"."vehicles"."model", "public"."vehicles"."year", "public"."vehicles"."capacity", "public"."vehicles"."status"::text, "public"."vehicles"."isActive", "public"."vehicles"."currentLat", "public"."vehicles"."currentLng", "public"."vehicles"."createdAt", "public"."vehicles"."updatedAt" FROM "public"."vehicles" WHERE 1=1 ORDER BY "public"."vehicles"."createdAt" DESC OFFSET $1
prisma:query SELECT "public"."users"."id", "public"."users"."firstName", "public"."users"."lastName" FROM "public"."users" WHERE "public"."users"."id" IN ($1) OFFSET $2
prisma:query SELECT "public"."routes"."id", "public"."routes"."name", "public"."routes"."status"::text, "public"."routes"."zoneId", "public"."routes"."vehicleId", "public"."routes"."operatorId", "public"."routes"."createdById", "public"."routes"."dayOfWeek", "public"."routes"."startTime", "public"."routes"."estimatedDuration", "public"."routes"."pathGeometry", "public"."routes"."createdAt", "public"."routes"."updatedAt", COALESCE("aggr_selection_0_Waypoint"."_aggr_count_waypoints", 0) AS "_aggr_count_waypoints" FROM "public"."routes" LEFT JOIN (SELECT "public"."waypoints"."routeId", COUNT(*) AS "_aggr_count_waypoints" FROM "public"."waypoints" WHERE 1=1 GROUP BY "public"."waypoints"."routeId") AS "aggr_selection_0_Waypoint" ON ("public"."routes"."id" = "aggr_selection_0_Waypoint"."routeId") WHERE 1=1 ORDER BY "public"."routes"."createdAt" DESC OFFSET $1
prisma:query SELECT "public"."zones"."id", "public"."zones"."name", "public"."zones"."color" FROM "public"."zones" WHERE "public"."zones"."id" IN ($1,$2,$3,$4,$5,$6,$7,$8,$9) OFFSET $10
prisma:query SELECT "public"."vehicles"."id", "public"."vehicles"."plate", "public"."vehicles"."type"::text FROM "public"."vehicles" WHERE "public"."vehicles"."id" IN ($1,$2) OFFSET $3
prisma:query SELECT "public"."users"."id", "public"."users"."firstName", "public"."users"."lastName" FROM "public"."users" WHERE "public"."users"."id" IN ($1,$2,$3,$4,$5,$6,$7,$8,$9) OFFSET $10
prisma:query SELECT "public"."routes"."id", "public"."routes"."name", "public"."routes"."status"::text, "public"."routes"."zoneId", "public"."routes"."vehicleId", "public"."routes"."operatorId", "public"."routes"."createdById", "public"."routes"."dayOfWeek", "public"."routes"."startTime", "public"."routes"."estimatedDuration", "public"."routes"."pathGeometry", "public"."routes"."createdAt", "public"."routes"."updatedAt" FROM "public"."routes" WHERE ("public"."routes"."id" = $1 AND 1=1) LIMIT $2 OFFSET $3
prisma:query SELECT "public"."zones"."id", "public"."zones"."name", "public"."zones"."color", "public"."zones"."district" FROM "public"."zones" WHERE "public"."zones"."id" IN ($1) OFFSET $2
prisma:query SELECT "public"."vehicles"."id", "public"."vehicles"."plate", "public"."vehicles"."type"::text, "public"."vehicles"."brand" FROM "public"."vehicles" WHERE "public"."vehicles"."id" IN ($1) OFFSET $2
prisma:query SELECT "public"."users"."id", "public"."users"."firstName", "public"."users"."lastName" FROM "public"."users" WHERE "public"."users"."id" IN ($1) OFFSET $2
prisma:query SELECT "public"."waypoints"."id", "public"."waypoints"."routeId", "public"."waypoints"."order", "public"."waypoints"."name", "public"."waypoints"."description", "public"."waypoints"."lat", "public"."waypoints"."lng", "public"."waypoints"."estimatedTime" FROM "public"."waypoints" WHERE "public"."waypoints"."routeId" IN ($1) ORDER BY "public"."waypoints"."order" ASC OFFSET $2
prisma:query SELECT "public"."route_waste_types"."routeId", "public"."route_waste_types"."wasteTypeId" FROM "public"."route_waste_types" WHERE "public"."route_waste_types"."routeId" IN ($1) OFFSET $2
prisma:query SELECT "public"."waste_types"."id", "public"."waste_types"."name", "public"."waste_types"."category"::text, "public"."waste_types"."colorCode" FROM "public"."waste_types" WHERE "public"."waste_types"."id" IN ($1,$2) OFFSET $3
prisma:query SELECT "public"."routes"."id", "public"."routes"."name", "public"."routes"."status"::text, "public"."routes"."zoneId", "public"."routes"."vehicleId", "public"."routes"."operatorId", "public"."routes"."createdById", "public"."routes"."dayOfWeek", "public"."routes"."startTime", "public"."routes"."estimatedDuration", "public"."routes"."pathGeometry", "public"."routes"."createdAt", "public"."routes"."updatedAt" FROM "public"."routes" WHERE ("public"."routes"."id" = $1 AND 1=1) LIMIT $2 OFFSET $3
prisma:query SELECT "public"."zones"."id", "public"."zones"."name", "public"."zones"."color", "public"."zones"."district" FROM "public"."zones" WHERE "public"."zones"."id" IN ($1) OFFSET $2
prisma:query SELECT "public"."vehicles"."id", "public"."vehicles"."plate", "public"."vehicles"."type"::text, "public"."vehicles"."brand" FROM "public"."vehicles" WHERE "public"."vehicles"."id" IN ($1) OFFSET $2
prisma:query SELECT "public"."users"."id", "public"."users"."firstName", "public"."users"."lastName" FROM "public"."users" WHERE "public"."users"."id" IN ($1) OFFSET $2
prisma:query SELECT "public"."waypoints"."id", "public"."waypoints"."routeId", "public"."waypoints"."order", "public"."waypoints"."name", "public"."waypoints"."description", "public"."waypoints"."lat", "public"."waypoints"."lng", "public"."waypoints"."estimatedTime" FROM "public"."waypoints" WHERE "public"."waypoints"."routeId" IN ($1) ORDER BY "public"."waypoints"."order" ASC OFFSET $2
prisma:query SELECT "public"."route_waste_types"."routeId", "public"."route_waste_types"."wasteTypeId" FROM "public"."route_waste_types" WHERE "public"."route_waste_types"."routeId" IN ($1) OFFSET $2
prisma:query SELECT "public"."waste_types"."id", "public"."waste_types"."name", "public"."waste_types"."category"::text, "public"."waste_types"."colorCode" FROM "public"."waste_types" WHERE "public"."waste_types"."id" IN ($1,$2) OFFSET $3
prisma:query SELECT 1
prisma:query SELECT 1
prisma:query SELECT 1
prisma:query SELECT "public"."routes"."id", "public"."routes"."name", "public"."routes"."status"::text, "public"."routes"."zoneId", "public"."routes"."vehicleId", "public"."routes"."operatorId", "public"."routes"."createdById", "public"."routes"."dayOfWeek", "public"."routes"."startTime", "public"."routes"."estimatedDuration", "public"."routes"."pathGeometry", "public"."routes"."createdAt", "public"."routes"."updatedAt", COALESCE("aggr_selection_0_Waypoint"."_aggr_count_waypoints", 0) AS "_aggr_count_waypoints" FROM "public"."routes" LEFT JOIN (SELECT "public"."waypoints"."routeId", COUNT(*) AS "_aggr_count_waypoints" FROM "public"."waypoints" WHERE 1=1 GROUP BY "public"."waypoints"."routeId") AS "aggr_selection_0_Waypoint" ON ("public"."routes"."id" = "aggr_selection_0_Waypoint"."routeId") WHERE 1=1 ORDER BY "public"."routes"."createdAt" DESC OFFSET $1
prisma:query SELECT "public"."vehicles"."id", "public"."vehicles"."plate", "public"."vehicles"."type"::text, "public"."vehicles"."brand", "public"."vehicles"."model", "public"."vehicles"."year", "public"."vehicles"."capacity", "public"."vehicles"."status"::text, "public"."vehicles"."isActive", "public"."vehicles"."currentLat", "public"."vehicles"."currentLng", "public"."vehicles"."createdAt", "public"."vehicles"."updatedAt" FROM "public"."vehicles" WHERE 1=1 ORDER BY "public"."vehicles"."createdAt" DESC OFFSET $1
prisma:query SELECT "public"."zones"."id", "public"."zones"."name", "public"."zones"."description", "public"."zones"."district", "public"."zones"."color", "public"."zones"."isActive", "public"."zones"."geometry", "public"."zones"."createdById", "public"."zones"."createdAt", "public"."zones"."updatedAt", COALESCE("aggr_selection_0_User"."_aggr_count_users", 0) AS "_aggr_count_users", COALESCE("aggr_selection_1_Route"."_aggr_count_routes", 0) AS "_aggr_count_routes" FROM "public"."zones" LEFT JOIN (SELECT "public"."users"."zoneId", COUNT(*) AS "_aggr_count_users" FROM "public"."users" WHERE 1=1 GROUP BY "public"."users"."zoneId") AS "aggr_selection_0_User" ON ("public"."zones"."id" = "aggr_selection_0_User"."zoneId") LEFT JOIN (SELECT "public"."routes"."zoneId", COUNT(*) AS "_aggr_count_routes" FROM "public"."routes" WHERE 1=1 GROUP BY "public"."routes"."zoneId") AS "aggr_selection_1_Route" ON ("public"."zones"."id" = "aggr_selection_1_Route"."zoneId") WHERE 1=1 ORDER BY "public"."zones"."createdAt" DESC OFFSET $1
prisma:query SELECT "public"."zones"."id", "public"."zones"."name", "public"."zones"."color" FROM "public"."zones" WHERE "public"."zones"."id" IN ($1,$2,$3,$4,$5,$6,$7,$8,$9) OFFSET $10
prisma:query SELECT "public"."users"."id", "public"."users"."firstName", "public"."users"."lastName" FROM "public"."users" WHERE "public"."users"."id" IN ($1) OFFSET $2
prisma:query SELECT "public"."vehicles"."id", "public"."vehicles"."plate", "public"."vehicles"."type"::text FROM "public"."vehicles" WHERE "public"."vehicles"."id" IN ($1,$2) OFFSET $3
prisma:query SELECT "public"."users"."id", "public"."users"."firstName", "public"."users"."lastName" FROM "public"."users" WHERE "public"."users"."id" IN ($1,$2,$3,$4,$5,$6,$7,$8,$9) OFFSET $10
prisma:query SELECT "public"."waste_types"."id", "public"."waste_types"."name", "public"."waste_types"."category"::text, "public"."waste_types"."description", "public"."waste_types"."colorCode", "public"."waste_types"."examples", "public"."waste_types"."instructions", "public"."waste_types"."isActive", "public"."waste_types"."createdAt", "public"."waste_types"."updatedAt" FROM "public"."waste_types" WHERE "public"."waste_types"."isActive" = $1 ORDER BY "public"."waste_types"."category" ASC, "public"."waste_types"."name" ASC OFFSET $2
prisma:query SELECT "public"."waste_types"."id", "public"."waste_types"."name", "public"."waste_types"."category"::text, "public"."waste_types"."description", "public"."waste_types"."colorCode", "public"."waste_types"."examples", "public"."waste_types"."instructions", "public"."waste_types"."isActive", "public"."waste_types"."createdAt", "public"."waste_types"."updatedAt" FROM "public"."waste_types" WHERE "public"."waste_types"."isActive" = $1 ORDER BY "public"."waste_types"."category" ASC, "public"."waste_types"."name" ASC OFFSET $2
prisma:query SELECT "public"."waste_types"."id", "public"."waste_types"."name", "public"."waste_types"."category"::text, "public"."waste_types"."description", "public"."waste_types"."colorCode", "public"."waste_types"."examples", "public"."waste_types"."instructions", "public"."waste_types"."isActive", "public"."waste_types"."createdAt", "public"."waste_types"."updatedAt" FROM "public"."waste_types" WHERE "public"."waste_types"."isActive" = $1 ORDER BY "public"."waste_types"."category" ASC, "public"."waste_types"."name" ASC OFFSET $2
prisma:query SELECT "public"."users"."id", "public"."users"."zoneId" FROM "public"."users" WHERE ("public"."users"."id" = $1 AND 1=1) LIMIT $2 OFFSET $3
prisma:query SELECT "public"."users"."id", "public"."users"."zoneId" FROM "public"."users" WHERE ("public"."users"."id" = $1 AND 1=1) LIMIT $2 OFFSET $3
prisma:query SELECT "public"."waste_types"."id", "public"."waste_types"."name", "public"."waste_types"."category"::text, "public"."waste_types"."description", "public"."waste_types"."colorCode", "public"."waste_types"."examples", "public"."waste_types"."instructions", "public"."waste_types"."isActive", "public"."waste_types"."createdAt", "public"."waste_types"."updatedAt" FROM "public"."waste_types" WHERE "public"."waste_types"."isActive" = $1 ORDER BY "public"."waste_types"."category" ASC, "public"."waste_types"."name" ASC OFFSET $2
prisma:query INSERT INTO "public"."learn_visits" ("id","userId","zoneId","createdAt") VALUES ($1,$2,$3,$4) RETURNING "public"."learn_visits"."id", "public"."learn_visits"."userId", "public"."learn_visits"."zoneId", "public"."learn_visits"."createdAt"
prisma:query INSERT INTO "public"."learn_visits" ("id","userId","zoneId","createdAt") VALUES ($1,$2,$3,$4) RETURNING "public"."learn_visits"."id", "public"."learn_visits"."userId", "public"."learn_visits"."zoneId", "public"."learn_visits"."createdAt"
prisma:query SELECT "public"."zones"."id", "public"."zones"."name", "public"."zones"."description", "public"."zones"."district", "public"."zones"."color", "public"."zones"."isActive", "public"."zones"."geometry", "public"."zones"."createdById", "public"."zones"."createdAt", "public"."zones"."updatedAt", COALESCE("aggr_selection_0_User"."_aggr_count_users", 0) AS "_aggr_count_users", COALESCE("aggr_selection_1_Route"."_aggr_count_routes", 0) AS "_aggr_count_routes" FROM "public"."zones" LEFT JOIN (SELECT "public"."users"."zoneId", COUNT(*) AS "_aggr_count_users" FROM "public"."users" WHERE 1=1 GROUP BY "public"."users"."zoneId") AS "aggr_selection_0_User" ON ("public"."zones"."id" = "aggr_selection_0_User"."zoneId") LEFT JOIN (SELECT "public"."routes"."zoneId", COUNT(*) AS "_aggr_count_routes" FROM "public"."routes" WHERE 1=1 GROUP BY "public"."routes"."zoneId") AS "aggr_selection_1_Route" ON ("public"."zones"."id" = "aggr_selection_1_Route"."zoneId") WHERE 1=1 ORDER BY "public"."zones"."createdAt" DESC OFFSET $1
prisma:query SELECT "public"."users"."id", "public"."users"."firstName", "public"."users"."lastName" FROM "public"."users" WHERE "public"."users"."id" IN ($1) OFFSET $2
prisma:query SELECT "public"."routes"."id", "public"."routes"."name", "public"."routes"."status"::text, "public"."routes"."zoneId", "public"."routes"."vehicleId", "public"."routes"."operatorId", "public"."routes"."createdById", "public"."routes"."dayOfWeek", "public"."routes"."startTime", "public"."routes"."estimatedDuration", "public"."routes"."pathGeometry", "public"."routes"."createdAt", "public"."routes"."updatedAt", COALESCE("aggr_selection_0_Waypoint"."_aggr_count_waypoints", 0) AS "_aggr_count_waypoints" FROM "public"."routes" LEFT JOIN (SELECT "public"."waypoints"."routeId", COUNT(*) AS "_aggr_count_waypoints" FROM "public"."waypoints" WHERE 1=1 GROUP BY "public"."waypoints"."routeId") AS "aggr_selection_0_Waypoint" ON ("public"."routes"."id" = "aggr_selection_0_Waypoint"."routeId") WHERE 1=1 ORDER BY "public"."routes"."createdAt" DESC OFFSET $1
prisma:query SELECT "public"."zones"."id", "public"."zones"."name", "public"."zones"."description", "public"."zones"."district", "public"."zones"."color", "public"."zones"."isActive", "public"."zones"."geometry", "public"."zones"."createdById", "public"."zones"."createdAt", "public"."zones"."updatedAt", COALESCE("aggr_selection_0_User"."_aggr_count_users", 0) AS "_aggr_count_users", COALESCE("aggr_selection_1_Route"."_aggr_count_routes", 0) AS "_aggr_count_routes" FROM "public"."zones" LEFT JOIN (SELECT "public"."users"."zoneId", COUNT(*) AS "_aggr_count_users" FROM "public"."users" WHERE 1=1 GROUP BY "public"."users"."zoneId") AS "aggr_selection_0_User" ON ("public"."zones"."id" = "aggr_selection_0_User"."zoneId") LEFT JOIN (SELECT "public"."routes"."zoneId", COUNT(*) AS "_aggr_count_routes" FROM "public"."routes" WHERE 1=1 GROUP BY "public"."routes"."zoneId") AS "aggr_selection_1_Route" ON ("public"."zones"."id" = "aggr_selection_1_Route"."zoneId") WHERE 1=1 ORDER BY "public"."zones"."createdAt" DESC OFFSET $1
prisma:query SELECT "public"."users"."id", "public"."users"."firstName", "public"."users"."lastName" FROM "public"."users" WHERE "public"."users"."id" IN ($1) OFFSET $2
prisma:query SELECT "public"."zones"."id", "public"."zones"."name", "public"."zones"."color" FROM "public"."zones" WHERE "public"."zones"."id" IN ($1,$2,$3,$4,$5,$6,$7,$8,$9) OFFSET $10
prisma:query SELECT "public"."vehicles"."id", "public"."vehicles"."plate", "public"."vehicles"."type"::text FROM "public"."vehicles" WHERE "public"."vehicles"."id" IN ($1,$2) OFFSET $3
prisma:query SELECT "public"."users"."id", "public"."users"."firstName", "public"."users"."lastName" FROM "public"."users" WHERE "public"."users"."id" IN ($1,$2,$3,$4,$5,$6,$7,$8,$9) OFFSET $10
prisma:query SELECT "public"."users"."id", "public"."users"."email", "public"."users"."role"::text, "public"."users"."firstName", "public"."users"."lastName" FROM "public"."users" WHERE ("public"."users"."id" = $1 AND 1=1) LIMIT $2 OFFSET $3
prisma:query SELECT "public"."routes"."id", "public"."routes"."name", "public"."routes"."status"::text, "public"."routes"."zoneId", "public"."routes"."vehicleId", "public"."routes"."operatorId", "public"."routes"."createdById", "public"."routes"."dayOfWeek", "public"."routes"."startTime", "public"."routes"."estimatedDuration", "public"."routes"."pathGeometry", "public"."routes"."createdAt", "public"."routes"."updatedAt", COALESCE("aggr_selection_0_Waypoint"."_aggr_count_waypoints", 0) AS "_aggr_count_waypoints" FROM "public"."routes" LEFT JOIN (SELECT "public"."waypoints"."routeId", COUNT(*) AS "_aggr_count_waypoints" FROM "public"."waypoints" WHERE 1=1 GROUP BY "public"."waypoints"."routeId") AS "aggr_selection_0_Waypoint" ON ("public"."routes"."id" = "aggr_selection_0_Waypoint"."routeId") WHERE 1=1 ORDER BY "public"."routes"."createdAt" DESC OFFSET $1
prisma:query SELECT "public"."zones"."id", "public"."zones"."name", "public"."zones"."color" FROM "public"."zones" WHERE "public"."zones"."id" IN ($1,$2,$3,$4,$5,$6,$7,$8,$9) OFFSET $10
prisma:query SELECT "public"."vehicles"."id", "public"."vehicles"."plate", "public"."vehicles"."type"::text FROM "public"."vehicles" WHERE "public"."vehicles"."id" IN ($1,$2) OFFSET $3
prisma:query SELECT "public"."users"."id", "public"."users"."firstName", "public"."users"."lastName" FROM "public"."users" WHERE "public"."users"."id" IN ($1,$2,$3,$4,$5,$6,$7,$8,$9) OFFSET $10
prisma:query SELECT "public"."zones"."id", "public"."zones"."name", "public"."zones"."description", "public"."zones"."district", "public"."zones"."color", "public"."zones"."isActive", "public"."zones"."geometry", "public"."zones"."createdById", "public"."zones"."createdAt", "public"."zones"."updatedAt", COALESCE("aggr_selection_0_User"."_aggr_count_users", 0) AS "_aggr_count_users", COALESCE("aggr_selection_1_Route"."_aggr_count_routes", 0) AS "_aggr_count_routes" FROM "public"."zones" LEFT JOIN (SELECT "public"."users"."zoneId", COUNT(*) AS "_aggr_count_users" FROM "public"."users" WHERE 1=1 GROUP BY "public"."users"."zoneId") AS "aggr_selection_0_User" ON ("public"."zones"."id" = "aggr_selection_0_User"."zoneId") LEFT JOIN (SELECT "public"."routes"."zoneId", COUNT(*) AS "_aggr_count_routes" FROM "public"."routes" WHERE 1=1 GROUP BY "public"."routes"."zoneId") AS "aggr_selection_1_Route" ON ("public"."zones"."id" = "aggr_selection_1_Route"."zoneId") WHERE 1=1 ORDER BY "public"."zones"."createdAt" DESC OFFSET $1
prisma:query SELECT "public"."routes"."id", "public"."routes"."name", "public"."routes"."status"::text, "public"."routes"."zoneId", "public"."routes"."vehicleId", "public"."routes"."operatorId", "public"."routes"."createdById", "public"."routes"."dayOfWeek", "public"."routes"."startTime", "public"."routes"."estimatedDuration", "public"."routes"."pathGeometry", "public"."routes"."createdAt", "public"."routes"."updatedAt", COALESCE("aggr_selection_0_Waypoint"."_aggr_count_waypoints", 0) AS "_aggr_count_waypoints" FROM "public"."routes" LEFT JOIN (SELECT "public"."waypoints"."routeId", COUNT(*) AS "_aggr_count_waypoints" FROM "public"."waypoints" WHERE 1=1 GROUP BY "public"."waypoints"."routeId") AS "aggr_selection_0_Waypoint" ON ("public"."routes"."id" = "aggr_selection_0_Waypoint"."routeId") WHERE 1=1 ORDER BY "public"."routes"."createdAt" DESC OFFSET $1
prisma:query SELECT "public"."users"."id", "public"."users"."firstName", "public"."users"."lastName" FROM "public"."users" WHERE "public"."users"."id" IN ($1) OFFSET $2
prisma:query SELECT "public"."zones"."id", "public"."zones"."name", "public"."zones"."color" FROM "public"."zones" WHERE "public"."zones"."id" IN ($1,$2,$3,$4,$5,$6,$7,$8,$9) OFFSET $10
prisma:query SELECT "public"."vehicles"."id", "public"."vehicles"."plate", "public"."vehicles"."type"::text FROM "public"."vehicles" WHERE "public"."vehicles"."id" IN ($1,$2) OFFSET $3
prisma:query SELECT "public"."users"."id", "public"."users"."firstName", "public"."users"."lastName" FROM "public"."users" WHERE "public"."users"."id" IN ($1,$2,$3,$4,$5,$6,$7,$8,$9) OFFSET $10
prisma:query SELECT "public"."zones"."id", "public"."zones"."name", "public"."zones"."description", "public"."zones"."district", "public"."zones"."color", "public"."zones"."isActive", "public"."zones"."geometry", "public"."zones"."createdById", "public"."zones"."createdAt", "public"."zones"."updatedAt", COALESCE("aggr_selection_0_User"."_aggr_count_users", 0) AS "_aggr_count_users", COALESCE("aggr_selection_1_Route"."_aggr_count_routes", 0) AS "_aggr_count_routes" FROM "public"."zones" LEFT JOIN (SELECT "public"."users"."zoneId", COUNT(*) AS "_aggr_count_users" FROM "public"."users" WHERE 1=1 GROUP BY "public"."users"."zoneId") AS "aggr_selection_0_User" ON ("public"."zones"."id" = "aggr_selection_0_User"."zoneId") LEFT JOIN (SELECT "public"."routes"."zoneId", COUNT(*) AS "_aggr_count_routes" FROM "public"."routes" WHERE 1=1 GROUP BY "public"."routes"."zoneId") AS "aggr_selection_1_Route" ON ("public"."zones"."id" = "aggr_selection_1_Route"."zoneId") WHERE 1=1 ORDER BY "public"."zones"."createdAt" DESC OFFSET $1
prisma:query SELECT "public"."users"."id", "public"."users"."firstName", "public"."users"."lastName" FROM "public"."users" WHERE "public"."users"."id" IN ($1) OFFSET $2
prisma:query SELECT "public"."routes"."id", "public"."routes"."name", "public"."routes"."status"::text, "public"."routes"."zoneId", "public"."routes"."vehicleId", "public"."routes"."operatorId", "public"."routes"."createdById", "public"."routes"."dayOfWeek", "public"."routes"."startTime", "public"."routes"."estimatedDuration", "public"."routes"."pathGeometry", "public"."routes"."createdAt", "public"."routes"."updatedAt", COALESCE("aggr_selection_0_Waypoint"."_aggr_count_waypoints", 0) AS "_aggr_count_waypoints" FROM "public"."routes" LEFT JOIN (SELECT "public"."waypoints"."routeId", COUNT(*) AS "_aggr_count_waypoints" FROM "public"."waypoints" WHERE 1=1 GROUP BY "public"."waypoints"."routeId") AS "aggr_selection_0_Waypoint" ON ("public"."routes"."id" = "aggr_selection_0_Waypoint"."routeId") WHERE 1=1 ORDER BY "public"."routes"."createdAt" DESC OFFSET $1
prisma:query SELECT "public"."zones"."id", "public"."zones"."name", "public"."zones"."color" FROM "public"."zones" WHERE "public"."zones"."id" IN ($1,$2,$3,$4,$5,$6,$7,$8,$9) OFFSET $10
prisma:query SELECT "public"."vehicles"."id", "public"."vehicles"."plate", "public"."vehicles"."type"::text FROM "public"."vehicles" WHERE "public"."vehicles"."id" IN ($1,$2) OFFSET $3
prisma:query SELECT "public"."users"."id", "public"."users"."firstName", "public"."users"."lastName" FROM "public"."users" WHERE "public"."users"."id" IN ($1,$2,$3,$4,$5,$6,$7,$8,$9) OFFSET $10
prisma:query SELECT "public"."zones"."id", "public"."zones"."name", "public"."zones"."description", "public"."zones"."district", "public"."zones"."color", "public"."zones"."isActive", "public"."zones"."geometry", "public"."zones"."createdById", "public"."zones"."createdAt", "public"."zones"."updatedAt", COALESCE("aggr_selection_0_User"."_aggr_count_users", 0) AS "_aggr_count_users", COALESCE("aggr_selection_1_Route"."_aggr_count_routes", 0) AS "_aggr_count_routes" FROM "public"."zones" LEFT JOIN (SELECT "public"."users"."zoneId", COUNT(*) AS "_aggr_count_users" FROM "public"."users" WHERE 1=1 GROUP BY "public"."users"."zoneId") AS "aggr_selection_0_User" ON ("public"."zones"."id" = "aggr_selection_0_User"."zoneId") LEFT JOIN (SELECT "public"."routes"."zoneId", COUNT(*) AS "_aggr_count_routes" FROM "public"."routes" WHERE 1=1 GROUP BY "public"."routes"."zoneId") AS "aggr_selection_1_Route" ON ("public"."zones"."id" = "aggr_selection_1_Route"."zoneId") WHERE 1=1 ORDER BY "public"."zones"."createdAt" DESC OFFSET $1
prisma:query SELECT "public"."users"."id", "public"."users"."firstName", "public"."users"."lastName" FROM "public"."users" WHERE "public"."users"."id" IN ($1) OFFSET $2
prisma:query SELECT "public"."zones"."id", "public"."zones"."name", "public"."zones"."description", "public"."zones"."district", "public"."zones"."color", "public"."zones"."isActive", "public"."zones"."geometry", "public"."zones"."createdById", "public"."zones"."createdAt", "public"."zones"."updatedAt", COALESCE("aggr_selection_0_User"."_aggr_count_users", 0) AS "_aggr_count_users", COALESCE("aggr_selection_1_Route"."_aggr_count_routes", 0) AS "_aggr_count_routes" FROM "public"."zones" LEFT JOIN (SELECT "public"."users"."zoneId", COUNT(*) AS "_aggr_count_users" FROM "public"."users" WHERE 1=1 GROUP BY "public"."users"."zoneId") AS "aggr_selection_0_User" ON ("public"."zones"."id" = "aggr_selection_0_User"."zoneId") LEFT JOIN (SELECT "public"."routes"."zoneId", COUNT(*) AS "_aggr_count_routes" FROM "public"."routes" WHERE 1=1 GROUP BY "public"."routes"."zoneId") AS "aggr_selection_1_Route" ON ("public"."zones"."id" = "aggr_selection_1_Route"."zoneId") WHERE 1=1 ORDER BY "public"."zones"."createdAt" DESC OFFSET $1
prisma:query SELECT "public"."users"."id", "public"."users"."firstName", "public"."users"."lastName" FROM "public"."users" WHERE "public"."users"."id" IN ($1) OFFSET $2
prisma:query SELECT "public"."zones"."id", "public"."zones"."name", "public"."zones"."description", "public"."zones"."district", "public"."zones"."color", "public"."zones"."isActive", "public"."zones"."geometry", "public"."zones"."createdById", "public"."zones"."createdAt", "public"."zones"."updatedAt", COALESCE("aggr_selection_0_User"."_aggr_count_users", 0) AS "_aggr_count_users", COALESCE("aggr_selection_1_Route"."_aggr_count_routes", 0) AS "_aggr_count_routes" FROM "public"."zones" LEFT JOIN (SELECT "public"."users"."zoneId", COUNT(*) AS "_aggr_count_users" FROM "public"."users" WHERE 1=1 GROUP BY "public"."users"."zoneId") AS "aggr_selection_0_User" ON ("public"."zones"."id" = "aggr_selection_0_User"."zoneId") LEFT JOIN (SELECT "public"."routes"."zoneId", COUNT(*) AS "_aggr_count_routes" FROM "public"."routes" WHERE 1=1 GROUP BY "public"."routes"."zoneId") AS "aggr_selection_1_Route" ON ("public"."zones"."id" = "aggr_selection_1_Route"."zoneId") WHERE 1=1 ORDER BY "public"."zones"."createdAt" DESC OFFSET $1
prisma:query SELECT "public"."routes"."id", "public"."routes"."name", "public"."routes"."status"::text, "public"."routes"."zoneId", "public"."routes"."vehicleId", "public"."routes"."operatorId", "public"."routes"."createdById", "public"."routes"."dayOfWeek", "public"."routes"."startTime", "public"."routes"."estimatedDuration", "public"."routes"."pathGeometry", "public"."routes"."createdAt", "public"."routes"."updatedAt", COALESCE("aggr_selection_0_Waypoint"."_aggr_count_waypoints", 0) AS "_aggr_count_waypoints" FROM "public"."routes" LEFT JOIN (SELECT "public"."waypoints"."routeId", COUNT(*) AS "_aggr_count_waypoints" FROM "public"."waypoints" WHERE 1=1 GROUP BY "public"."waypoints"."routeId") AS "aggr_selection_0_Waypoint" ON ("public"."routes"."id" = "aggr_selection_0_Waypoint"."routeId") WHERE 1=1 ORDER BY "public"."routes"."createdAt" DESC OFFSET $1
prisma:query SELECT "public"."users"."id", "public"."users"."firstName", "public"."users"."lastName" FROM "public"."users" WHERE "public"."users"."id" IN ($1) OFFSET $2
prisma:query SELECT "public"."zones"."id", "public"."zones"."name", "public"."zones"."color" FROM "public"."zones" WHERE "public"."zones"."id" IN ($1,$2,$3,$4,$5,$6,$7,$8,$9) OFFSET $10
prisma:query SELECT "public"."vehicles"."id", "public"."vehicles"."plate", "public"."vehicles"."type"::text FROM "public"."vehicles" WHERE "public"."vehicles"."id" IN ($1,$2) OFFSET $3
prisma:query SELECT "public"."users"."id", "public"."users"."firstName", "public"."users"."lastName" FROM "public"."users" WHERE "public"."users"."id" IN ($1,$2,$3,$4,$5,$6,$7,$8,$9) OFFSET $10
prisma:query SELECT "public"."zones"."id", "public"."zones"."name", "public"."zones"."description", "public"."zones"."district", "public"."zones"."color", "public"."zones"."isActive", "public"."zones"."geometry", "public"."zones"."createdById", "public"."zones"."createdAt", "public"."zones"."updatedAt", COALESCE("aggr_selection_0_User"."_aggr_count_users", 0) AS "_aggr_count_users", COALESCE("aggr_selection_1_Route"."_aggr_count_routes", 0) AS "_aggr_count_routes" FROM "public"."zones" LEFT JOIN (SELECT "public"."users"."zoneId", COUNT(*) AS "_aggr_count_users" FROM "public"."users" WHERE 1=1 GROUP BY "public"."users"."zoneId") AS "aggr_selection_0_User" ON ("public"."zones"."id" = "aggr_selection_0_User"."zoneId") LEFT JOIN (SELECT "public"."routes"."zoneId", COUNT(*) AS "_aggr_count_routes" FROM "public"."routes" WHERE 1=1 GROUP BY "public"."routes"."zoneId") AS "aggr_selection_1_Route" ON ("public"."zones"."id" = "aggr_selection_1_Route"."zoneId") WHERE 1=1 ORDER BY "public"."zones"."createdAt" DESC OFFSET $1
prisma:query SELECT "public"."users"."id", "public"."users"."firstName", "public"."users"."lastName" FROM "public"."users" WHERE "public"."users"."id" IN ($1) OFFSET $2
prisma:query SELECT "public"."routes"."id", "public"."routes"."name", "public"."routes"."status"::text, "public"."routes"."zoneId", "public"."routes"."vehicleId", "public"."routes"."operatorId", "public"."routes"."createdById", "public"."routes"."dayOfWeek", "public"."routes"."startTime", "public"."routes"."estimatedDuration", "public"."routes"."pathGeometry", "public"."routes"."createdAt", "public"."routes"."updatedAt", COALESCE("aggr_selection_0_Waypoint"."_aggr_count_waypoints", 0) AS "_aggr_count_waypoints" FROM "public"."routes" LEFT JOIN (SELECT "public"."waypoints"."routeId", COUNT(*) AS "_aggr_count_waypoints" FROM "public"."waypoints" WHERE 1=1 GROUP BY "public"."waypoints"."routeId") AS "aggr_selection_0_Waypoint" ON ("public"."routes"."id" = "aggr_selection_0_Waypoint"."routeId") WHERE 1=1 ORDER BY "public"."routes"."createdAt" DESC OFFSET $1
prisma:query SELECT "public"."zones"."id", "public"."zones"."name", "public"."zones"."color" FROM "public"."zones" WHERE "public"."zones"."id" IN ($1,$2,$3,$4,$5,$6,$7,$8,$9) OFFSET $10
prisma:query SELECT "public"."vehicles"."id", "public"."vehicles"."plate", "public"."vehicles"."type"::text FROM "public"."vehicles" WHERE "public"."vehicles"."id" IN ($1,$2) OFFSET $3
prisma:query SELECT "public"."users"."id", "public"."users"."firstName", "public"."users"."lastName" FROM "public"."users" WHERE "public"."users"."id" IN ($1,$2,$3,$4,$5,$6,$7,$8,$9) OFFSET $10
prisma:query SELECT "public"."zones"."id", "public"."zones"."name", "public"."zones"."description", "public"."zones"."district", "public"."zones"."color", "public"."zones"."isActive", "public"."zones"."geometry", "public"."zones"."createdById", "public"."zones"."createdAt", "public"."zones"."updatedAt", COALESCE("aggr_selection_0_User"."_aggr_count_users", 0) AS "_aggr_count_users", COALESCE("aggr_selection_1_Route"."_aggr_count_routes", 0) AS "_aggr_count_routes" FROM "public"."zones" LEFT JOIN (SELECT "public"."users"."zoneId", COUNT(*) AS "_aggr_count_users" FROM "public"."users" WHERE 1=1 GROUP BY "public"."users"."zoneId") AS "aggr_selection_0_User" ON ("public"."zones"."id" = "aggr_selection_0_User"."zoneId") LEFT JOIN (SELECT "public"."routes"."zoneId", COUNT(*) AS "_aggr_count_routes" FROM "public"."routes" WHERE 1=1 GROUP BY "public"."routes"."zoneId") AS "aggr_selection_1_Route" ON ("public"."zones"."id" = "aggr_selection_1_Route"."zoneId") WHERE 1=1 ORDER BY "public"."zones"."createdAt" DESC OFFSET $1
prisma:query SELECT "public"."vehicles"."id", "public"."vehicles"."plate", "public"."vehicles"."type"::text, "public"."vehicles"."brand", "public"."vehicles"."model", "public"."vehicles"."year", "public"."vehicles"."capacity", "public"."vehicles"."status"::text, "public"."vehicles"."isActive", "public"."vehicles"."currentLat", "public"."vehicles"."currentLng", "public"."vehicles"."createdAt", "public"."vehicles"."updatedAt" FROM "public"."vehicles" WHERE 1=1 ORDER BY "public"."vehicles"."createdAt" DESC OFFSET $1
prisma:query SELECT "public"."users"."id", "public"."users"."firstName", "public"."users"."lastName" FROM "public"."users" WHERE "public"."users"."id" IN ($1) OFFSET $2
prisma:query SELECT "public"."routes"."id", "public"."routes"."name", "public"."routes"."status"::text, "public"."routes"."zoneId", "public"."routes"."vehicleId", "public"."routes"."operatorId", "public"."routes"."createdById", "public"."routes"."dayOfWeek", "public"."routes"."startTime", "public"."routes"."estimatedDuration", "public"."routes"."pathGeometry", "public"."routes"."createdAt", "public"."routes"."updatedAt", COALESCE("aggr_selection_0_Waypoint"."_aggr_count_waypoints", 0) AS "_aggr_count_waypoints" FROM "public"."routes" LEFT JOIN (SELECT "public"."waypoints"."routeId", COUNT(*) AS "_aggr_count_waypoints" FROM "public"."waypoints" WHERE 1=1 GROUP BY "public"."waypoints"."routeId") AS "aggr_selection_0_Waypoint" ON ("public"."routes"."id" = "aggr_selection_0_Waypoint"."routeId") WHERE 1=1 ORDER BY "public"."routes"."createdAt" DESC OFFSET $1
prisma:query SELECT "public"."zones"."id", "public"."zones"."name", "public"."zones"."color" FROM "public"."zones" WHERE "public"."zones"."id" IN ($1,$2,$3,$4,$5,$6,$7,$8,$9) OFFSET $10
prisma:query SELECT "public"."vehicles"."id", "public"."vehicles"."plate", "public"."vehicles"."type"::text FROM "public"."vehicles" WHERE "public"."vehicles"."id" IN ($1,$2) OFFSET $3
prisma:query SELECT "public"."users"."id", "public"."users"."firstName", "public"."users"."lastName" FROM "public"."users" WHERE "public"."users"."id" IN ($1,$2,$3,$4,$5,$6,$7,$8,$9) OFFSET $10
prisma:query SELECT "public"."routes"."id", "public"."routes"."name", "public"."routes"."status"::text, "public"."routes"."zoneId", "public"."routes"."vehicleId", "public"."routes"."operatorId", "public"."routes"."createdById", "public"."routes"."dayOfWeek", "public"."routes"."startTime", "public"."routes"."estimatedDuration", "public"."routes"."pathGeometry", "public"."routes"."createdAt", "public"."routes"."updatedAt", COALESCE("aggr_selection_0_Waypoint"."_aggr_count_waypoints", 0) AS "_aggr_count_waypoints" FROM "public"."routes" LEFT JOIN (SELECT "public"."waypoints"."routeId", COUNT(*) AS "_aggr_count_waypoints" FROM "public"."waypoints" WHERE 1=1 GROUP BY "public"."waypoints"."routeId") AS "aggr_selection_0_Waypoint" ON ("public"."routes"."id" = "aggr_selection_0_Waypoint"."routeId") WHERE 1=1 ORDER BY "public"."routes"."createdAt" DESC OFFSET $1
prisma:query SELECT "public"."zones"."id", "public"."zones"."name", "public"."zones"."description", "public"."zones"."district", "public"."zones"."color", "public"."zones"."isActive", "public"."zones"."geometry", "public"."zones"."createdById", "public"."zones"."createdAt", "public"."zones"."updatedAt", COALESCE("aggr_selection_0_User"."_aggr_count_users", 0) AS "_aggr_count_users", COALESCE("aggr_selection_1_Route"."_aggr_count_routes", 0) AS "_aggr_count_routes" FROM "public"."zones" LEFT JOIN (SELECT "public"."users"."zoneId", COUNT(*) AS "_aggr_count_users" FROM "public"."users" WHERE 1=1 GROUP BY "public"."users"."zoneId") AS "aggr_selection_0_User" ON ("public"."zones"."id" = "aggr_selection_0_User"."zoneId") LEFT JOIN (SELECT "public"."routes"."zoneId", COUNT(*) AS "_aggr_count_routes" FROM "public"."routes" WHERE 1=1 GROUP BY "public"."routes"."zoneId") AS "aggr_selection_1_Route" ON ("public"."zones"."id" = "aggr_selection_1_Route"."zoneId") WHERE 1=1 ORDER BY "public"."zones"."createdAt" DESC OFFSET $1
prisma:query SELECT "public"."zones"."id", "public"."zones"."name", "public"."zones"."color" FROM "public"."zones" WHERE "public"."zones"."id" IN ($1,$2,$3,$4,$5,$6,$7,$8,$9) OFFSET $10
prisma:query SELECT "public"."vehicles"."id", "public"."vehicles"."plate", "public"."vehicles"."type"::text FROM "public"."vehicles" WHERE "public"."vehicles"."id" IN ($1,$2) OFFSET $3
prisma:query SELECT "public"."users"."id", "public"."users"."firstName", "public"."users"."lastName" FROM "public"."users" WHERE "public"."users"."id" IN ($1) OFFSET $2
prisma:query SELECT "public"."users"."id", "public"."users"."firstName", "public"."users"."lastName" FROM "public"."users" WHERE "public"."users"."id" IN ($1,$2,$3,$4,$5,$6,$7,$8,$9) OFFSET $10
prisma:query SELECT "public"."zones"."id", "public"."zones"."name", "public"."zones"."description", "public"."zones"."district", "public"."zones"."color", "public"."zones"."isActive", "public"."zones"."geometry", "public"."zones"."createdById", "public"."zones"."createdAt", "public"."zones"."updatedAt", COALESCE("aggr_selection_0_User"."_aggr_count_users", 0) AS "_aggr_count_users", COALESCE("aggr_selection_1_Route"."_aggr_count_routes", 0) AS "_aggr_count_routes" FROM "public"."zones" LEFT JOIN (SELECT "public"."users"."zoneId", COUNT(*) AS "_aggr_count_users" FROM "public"."users" WHERE 1=1 GROUP BY "public"."users"."zoneId") AS "aggr_selection_0_User" ON ("public"."zones"."id" = "aggr_selection_0_User"."zoneId") LEFT JOIN (SELECT "public"."routes"."zoneId", COUNT(*) AS "_aggr_count_routes" FROM "public"."routes" WHERE 1=1 GROUP BY "public"."routes"."zoneId") AS "aggr_selection_1_Route" ON ("public"."zones"."id" = "aggr_selection_1_Route"."zoneId") WHERE 1=1 ORDER BY "public"."zones"."createdAt" DESC OFFSET $1
prisma:query SELECT "public"."routes"."id", "public"."routes"."name", "public"."routes"."status"::text, "public"."routes"."zoneId", "public"."routes"."vehicleId", "public"."routes"."operatorId", "public"."routes"."createdById", "public"."routes"."dayOfWeek", "public"."routes"."startTime", "public"."routes"."estimatedDuration", "public"."routes"."pathGeometry", "public"."routes"."createdAt", "public"."routes"."updatedAt", COALESCE("aggr_selection_0_Waypoint"."_aggr_count_waypoints", 0) AS "_aggr_count_waypoints" FROM "public"."routes" LEFT JOIN (SELECT "public"."waypoints"."routeId", COUNT(*) AS "_aggr_count_waypoints" FROM "public"."waypoints" WHERE 1=1 GROUP BY "public"."waypoints"."routeId") AS "aggr_selection_0_Waypoint" ON ("public"."routes"."id" = "aggr_selection_0_Waypoint"."routeId") WHERE 1=1 ORDER BY "public"."routes"."createdAt" DESC OFFSET $1
prisma:query SELECT "public"."users"."id", "public"."users"."firstName", "public"."users"."lastName" FROM "public"."users" WHERE "public"."users"."id" IN ($1) OFFSET $2
prisma:query SELECT "public"."zones"."id", "public"."zones"."name", "public"."zones"."color" FROM "public"."zones" WHERE "public"."zones"."id" IN ($1,$2,$3,$4,$5,$6,$7,$8,$9) OFFSET $10
prisma:query SELECT "public"."vehicles"."id", "public"."vehicles"."plate", "public"."vehicles"."type"::text FROM "public"."vehicles" WHERE "public"."vehicles"."id" IN ($1,$2) OFFSET $3
prisma:query SELECT "public"."users"."id", "public"."users"."firstName", "public"."users"."lastName" FROM "public"."users" WHERE "public"."users"."id" IN ($1,$2,$3,$4,$5,$6,$7,$8,$9) OFFSET $10
prisma:query SELECT "public"."zones"."id", "public"."zones"."name", "public"."zones"."description", "public"."zones"."district", "public"."zones"."color", "public"."zones"."isActive", "public"."zones"."geometry", "public"."zones"."createdById", "public"."zones"."createdAt", "public"."zones"."updatedAt", COALESCE("aggr_selection_0_User"."_aggr_count_users", 0) AS "_aggr_count_users", COALESCE("aggr_selection_1_Route"."_aggr_count_routes", 0) AS "_aggr_count_routes" FROM "public"."zones" LEFT JOIN (SELECT "public"."users"."zoneId", COUNT(*) AS "_aggr_count_users" FROM "public"."users" WHERE 1=1 GROUP BY "public"."users"."zoneId") AS "aggr_selection_0_User" ON ("public"."zones"."id" = "aggr_selection_0_User"."zoneId") LEFT JOIN (SELECT "public"."routes"."zoneId", COUNT(*) AS "_aggr_count_routes" FROM "public"."routes" WHERE 1=1 GROUP BY "public"."routes"."zoneId") AS "aggr_selection_1_Route" ON ("public"."zones"."id" = "aggr_selection_1_Route"."zoneId") WHERE 1=1 ORDER BY "public"."zones"."createdAt" DESC OFFSET $1
prisma:query SELECT "public"."users"."id", "public"."users"."firstName", "public"."users"."lastName" FROM "public"."users" WHERE "public"."users"."id" IN ($1) OFFSET $2
prisma:query SELECT "public"."zones"."id", "public"."zones"."name", "public"."zones"."description", "public"."zones"."district", "public"."zones"."color", "public"."zones"."isActive", "public"."zones"."geometry", "public"."zones"."createdById", "public"."zones"."createdAt", "public"."zones"."updatedAt", COALESCE("aggr_selection_0_User"."_aggr_count_users", 0) AS "_aggr_count_users", COALESCE("aggr_selection_1_Route"."_aggr_count_routes", 0) AS "_aggr_count_routes" FROM "public"."zones" LEFT JOIN (SELECT "public"."users"."zoneId", COUNT(*) AS "_aggr_count_users" FROM "public"."users" WHERE 1=1 GROUP BY "public"."users"."zoneId") AS "aggr_selection_0_User" ON ("public"."zones"."id" = "aggr_selection_0_User"."zoneId") LEFT JOIN (SELECT "public"."routes"."zoneId", COUNT(*) AS "_aggr_count_routes" FROM "public"."routes" WHERE 1=1 GROUP BY "public"."routes"."zoneId") AS "aggr_selection_1_Route" ON ("public"."zones"."id" = "aggr_selection_1_Route"."zoneId") WHERE 1=1 ORDER BY "public"."zones"."createdAt" DESC OFFSET $1
prisma:query SELECT "public"."users"."id", "public"."users"."firstName", "public"."users"."lastName" FROM "public"."users" WHERE "public"."users"."id" IN ($1) OFFSET $2
prisma:query SELECT 1
prisma:query SELECT 1
prisma:query SELECT "public"."zones"."id", "public"."zones"."name", "public"."zones"."description", "public"."zones"."district", "public"."zones"."color", "public"."zones"."isActive", "public"."zones"."geometry", "public"."zones"."createdById", "public"."zones"."createdAt", "public"."zones"."updatedAt", COALESCE("aggr_selection_0_User"."_aggr_count_users", 0) AS "_aggr_count_users", COALESCE("aggr_selection_1_Route"."_aggr_count_routes", 0) AS "_aggr_count_routes" FROM "public"."zones" LEFT JOIN (SELECT "public"."users"."zoneId", COUNT(*) AS "_aggr_count_users" FROM "public"."users" WHERE 1=1 GROUP BY "public"."users"."zoneId") AS "aggr_selection_0_User" ON ("public"."zones"."id" = "aggr_selection_0_User"."zoneId") LEFT JOIN (SELECT "public"."routes"."zoneId", COUNT(*) AS "_aggr_count_routes" FROM "public"."routes" WHERE 1=1 GROUP BY "public"."routes"."zoneId") AS "aggr_selection_1_Route" ON ("public"."zones"."id" = "aggr_selection_1_Route"."zoneId") WHERE 1=1 ORDER BY "public"."zones"."createdAt" DESC OFFSET $1
prisma:query SELECT "public"."routes"."id", "public"."routes"."name", "public"."routes"."status"::text, "public"."routes"."zoneId", "public"."routes"."vehicleId", "public"."routes"."operatorId", "public"."routes"."createdById", "public"."routes"."dayOfWeek", "public"."routes"."startTime", "public"."routes"."estimatedDuration", "public"."routes"."pathGeometry", "public"."routes"."createdAt", "public"."routes"."updatedAt", COALESCE("aggr_selection_0_Waypoint"."_aggr_count_waypoints", 0) AS "_aggr_count_waypoints" FROM "public"."routes" LEFT JOIN (SELECT "public"."waypoints"."routeId", COUNT(*) AS "_aggr_count_waypoints" FROM "public"."waypoints" WHERE 1=1 GROUP BY "public"."waypoints"."routeId") AS "aggr_selection_0_Waypoint" ON ("public"."routes"."id" = "aggr_selection_0_Waypoint"."routeId") WHERE 1=1 ORDER BY "public"."routes"."createdAt" DESC OFFSET $1
prisma:query SELECT "public"."users"."id", "public"."users"."firstName", "public"."users"."lastName" FROM "public"."users" WHERE "public"."users"."id" IN ($1) OFFSET $2
prisma:query SELECT "public"."zones"."id", "public"."zones"."name", "public"."zones"."color" FROM "public"."zones" WHERE "public"."zones"."id" IN ($1,$2,$3,$4,$5,$6,$7,$8,$9) OFFSET $10
prisma:query SELECT "public"."vehicles"."id", "public"."vehicles"."plate", "public"."vehicles"."type"::text FROM "public"."vehicles" WHERE "public"."vehicles"."id" IN ($1,$2) OFFSET $3
prisma:query SELECT "public"."users"."id", "public"."users"."firstName", "public"."users"."lastName" FROM "public"."users" WHERE "public"."users"."id" IN ($1,$2,$3,$4,$5,$6,$7,$8,$9) OFFSET $10
prisma:query SELECT "public"."zones"."id", "public"."zones"."name", "public"."zones"."description", "public"."zones"."district", "public"."zones"."color", "public"."zones"."isActive", "public"."zones"."geometry", "public"."zones"."createdById", "public"."zones"."createdAt", "public"."zones"."updatedAt", COALESCE("aggr_selection_0_User"."_aggr_count_users", 0) AS "_aggr_count_users", COALESCE("aggr_selection_1_Route"."_aggr_count_routes", 0) AS "_aggr_count_routes" FROM "public"."zones" LEFT JOIN (SELECT "public"."users"."zoneId", COUNT(*) AS "_aggr_count_users" FROM "public"."users" WHERE 1=1 GROUP BY "public"."users"."zoneId") AS "aggr_selection_0_User" ON ("public"."zones"."id" = "aggr_selection_0_User"."zoneId") LEFT JOIN (SELECT "public"."routes"."zoneId", COUNT(*) AS "_aggr_count_routes" FROM "public"."routes" WHERE 1=1 GROUP BY "public"."routes"."zoneId") AS "aggr_selection_1_Route" ON ("public"."zones"."id" = "aggr_selection_1_Route"."zoneId") WHERE 1=1 ORDER BY "public"."zones"."createdAt" DESC OFFSET $1
prisma:query SELECT "public"."users"."id", "public"."users"."firstName", "public"."users"."lastName" FROM "public"."users" WHERE "public"."users"."id" IN ($1) OFFSET $2
prisma:query SELECT "public"."routes"."id", "public"."routes"."name", "public"."routes"."status"::text, "public"."routes"."zoneId", "public"."routes"."vehicleId", "public"."routes"."operatorId", "public"."routes"."createdById", "public"."routes"."dayOfWeek", "public"."routes"."startTime", "public"."routes"."estimatedDuration", "public"."routes"."pathGeometry", "public"."routes"."createdAt", "public"."routes"."updatedAt", COALESCE("aggr_selection_0_Waypoint"."_aggr_count_waypoints", 0) AS "_aggr_count_waypoints" FROM "public"."routes" LEFT JOIN (SELECT "public"."waypoints"."routeId", COUNT(*) AS "_aggr_count_waypoints" FROM "public"."waypoints" WHERE 1=1 GROUP BY "public"."waypoints"."routeId") AS "aggr_selection_0_Waypoint" ON ("public"."routes"."id" = "aggr_selection_0_Waypoint"."routeId") WHERE 1=1 ORDER BY "public"."routes"."createdAt" DESC OFFSET $1
prisma:query SELECT "public"."zones"."id", "public"."zones"."name", "public"."zones"."color" FROM "public"."zones" WHERE "public"."zones"."id" IN ($1,$2,$3,$4,$5,$6,$7,$8,$9) OFFSET $10
prisma:query SELECT "public"."vehicles"."id", "public"."vehicles"."plate", "public"."vehicles"."type"::text FROM "public"."vehicles" WHERE "public"."vehicles"."id" IN ($1,$2) OFFSET $3
prisma:query SELECT "public"."users"."id", "public"."users"."firstName", "public"."users"."lastName" FROM "public"."users" WHERE "public"."users"."id" IN ($1,$2,$3,$4,$5,$6,$7,$8,$9) OFFSET $10
prisma:query SELECT "public"."routes"."id", "public"."routes"."name", "public"."routes"."status"::text, "public"."routes"."zoneId", "public"."routes"."vehicleId", "public"."routes"."operatorId", "public"."routes"."createdById", "public"."routes"."dayOfWeek", "public"."routes"."startTime", "public"."routes"."estimatedDuration", "public"."routes"."pathGeometry", "public"."routes"."createdAt", "public"."routes"."updatedAt", COALESCE("aggr_selection_0_Waypoint"."_aggr_count_waypoints", 0) AS "_aggr_count_waypoints" FROM "public"."routes" LEFT JOIN (SELECT "public"."waypoints"."routeId", COUNT(*) AS "_aggr_count_waypoints" FROM "public"."waypoints" WHERE 1=1 GROUP BY "public"."waypoints"."routeId") AS "aggr_selection_0_Waypoint" ON ("public"."routes"."id" = "aggr_selection_0_Waypoint"."routeId") WHERE "public"."routes"."zoneId" = $1 ORDER BY "public"."routes"."createdAt" DESC OFFSET $2
prisma:query SELECT "public"."zones"."id", "public"."zones"."name", "public"."zones"."color" FROM "public"."zones" WHERE "public"."zones"."id" IN ($1) OFFSET $2
prisma:query SELECT "public"."vehicles"."id", "public"."vehicles"."plate", "public"."vehicles"."type"::text FROM "public"."vehicles" WHERE "public"."vehicles"."id" IN ($1) OFFSET $2
prisma:query SELECT "public"."users"."id", "public"."users"."firstName", "public"."users"."lastName" FROM "public"."users" WHERE "public"."users"."id" IN ($1) OFFSET $2
prisma:query SELECT "public"."zones"."id", "public"."zones"."name", "public"."zones"."description", "public"."zones"."district", "public"."zones"."color", "public"."zones"."isActive", "public"."zones"."geometry", "public"."zones"."createdById", "public"."zones"."createdAt", "public"."zones"."updatedAt", COALESCE("aggr_selection_0_User"."_aggr_count_users", 0) AS "_aggr_count_users", COALESCE("aggr_selection_1_Route"."_aggr_count_routes", 0) AS "_aggr_count_routes" FROM "public"."zones" LEFT JOIN (SELECT "public"."users"."zoneId", COUNT(*) AS "_aggr_count_users" FROM "public"."users" WHERE 1=1 GROUP BY "public"."users"."zoneId") AS "aggr_selection_0_User" ON ("public"."zones"."id" = "aggr_selection_0_User"."zoneId") LEFT JOIN (SELECT "public"."routes"."zoneId", COUNT(*) AS "_aggr_count_routes" FROM "public"."routes" WHERE 1=1 GROUP BY "public"."routes"."zoneId") AS "aggr_selection_1_Route" ON ("public"."zones"."id" = "aggr_selection_1_Route"."zoneId") WHERE 1=1 ORDER BY "public"."zones"."createdAt" DESC OFFSET $1
prisma:query SELECT "public"."routes"."id", "public"."routes"."name", "public"."routes"."status"::text, "public"."routes"."zoneId", "public"."routes"."vehicleId", "public"."routes"."operatorId", "public"."routes"."createdById", "public"."routes"."dayOfWeek", "public"."routes"."startTime", "public"."routes"."estimatedDuration", "public"."routes"."pathGeometry", "public"."routes"."createdAt", "public"."routes"."updatedAt", COALESCE("aggr_selection_0_Waypoint"."_aggr_count_waypoints", 0) AS "_aggr_count_waypoints" FROM "public"."routes" LEFT JOIN (SELECT "public"."waypoints"."routeId", COUNT(*) AS "_aggr_count_waypoints" FROM "public"."waypoints" WHERE 1=1 GROUP BY "public"."waypoints"."routeId") AS "aggr_selection_0_Waypoint" ON ("public"."routes"."id" = "aggr_selection_0_Waypoint"."routeId") WHERE 1=1 ORDER BY "public"."routes"."createdAt" DESC OFFSET $1
prisma:query SELECT "public"."users"."id", "public"."users"."firstName", "public"."users"."lastName" FROM "public"."users" WHERE "public"."users"."id" IN ($1) OFFSET $2
prisma:query SELECT "public"."zones"."id", "public"."zones"."name", "public"."zones"."color" FROM "public"."zones" WHERE "public"."zones"."id" IN ($1,$2,$3,$4,$5,$6,$7,$8,$9) OFFSET $10
prisma:query SELECT "public"."vehicles"."id", "public"."vehicles"."plate", "public"."vehicles"."type"::text FROM "public"."vehicles" WHERE "public"."vehicles"."id" IN ($1,$2) OFFSET $3
prisma:query SELECT "public"."users"."id", "public"."users"."firstName", "public"."users"."lastName" FROM "public"."users" WHERE "public"."users"."id" IN ($1,$2,$3,$4,$5,$6,$7,$8,$9) OFFSET $10
prisma:query SELECT "public"."zones"."id", "public"."zones"."name", "public"."zones"."description", "public"."zones"."district", "public"."zones"."color", "public"."zones"."isActive", "public"."zones"."geometry", "public"."zones"."createdById", "public"."zones"."createdAt", "public"."zones"."updatedAt", COALESCE("aggr_selection_0_User"."_aggr_count_users", 0) AS "_aggr_count_users", COALESCE("aggr_selection_1_Route"."_aggr_count_routes", 0) AS "_aggr_count_routes" FROM "public"."zones" LEFT JOIN (SELECT "public"."users"."zoneId", COUNT(*) AS "_aggr_count_users" FROM "public"."users" WHERE 1=1 GROUP BY "public"."users"."zoneId") AS "aggr_selection_0_User" ON ("public"."zones"."id" = "aggr_selection_0_User"."zoneId") LEFT JOIN (SELECT "public"."routes"."zoneId", COUNT(*) AS "_aggr_count_routes" FROM "public"."routes" WHERE 1=1 GROUP BY "public"."routes"."zoneId") AS "aggr_selection_1_Route" ON ("public"."zones"."id" = "aggr_selection_1_Route"."zoneId") WHERE 1=1 ORDER BY "public"."zones"."createdAt" DESC OFFSET $1
prisma:query SELECT "public"."users"."id", "public"."users"."firstName", "public"."users"."lastName" FROM "public"."users" WHERE "public"."users"."id" IN ($1) OFFSET $2
prisma:query SELECT "public"."routes"."id", "public"."routes"."name", "public"."routes"."status"::text, "public"."routes"."zoneId", "public"."routes"."vehicleId", "public"."routes"."operatorId", "public"."routes"."createdById", "public"."routes"."dayOfWeek", "public"."routes"."startTime", "public"."routes"."estimatedDuration", "public"."routes"."pathGeometry", "public"."routes"."createdAt", "public"."routes"."updatedAt", COALESCE("aggr_selection_0_Waypoint"."_aggr_count_waypoints", 0) AS "_aggr_count_waypoints" FROM "public"."routes" LEFT JOIN (SELECT "public"."waypoints"."routeId", COUNT(*) AS "_aggr_count_waypoints" FROM "public"."waypoints" WHERE 1=1 GROUP BY "public"."waypoints"."routeId") AS "aggr_selection_0_Waypoint" ON ("public"."routes"."id" = "aggr_selection_0_Waypoint"."routeId") WHERE 1=1 ORDER BY "public"."routes"."createdAt" DESC OFFSET $1
prisma:query SELECT "public"."zones"."id", "public"."zones"."name", "public"."zones"."color" FROM "public"."zones" WHERE "public"."zones"."id" IN ($1,$2,$3,$4,$5,$6,$7,$8,$9) OFFSET $10
prisma:query SELECT "public"."vehicles"."id", "public"."vehicles"."plate", "public"."vehicles"."type"::text FROM "public"."vehicles" WHERE "public"."vehicles"."id" IN ($1,$2) OFFSET $3
prisma:query SELECT "public"."users"."id", "public"."users"."firstName", "public"."users"."lastName" FROM "public"."users" WHERE "public"."users"."id" IN ($1,$2,$3,$4,$5,$6,$7,$8,$9) OFFSET $10
prisma:query SELECT "public"."zones"."id", "public"."zones"."name", "public"."zones"."description", "public"."zones"."district", "public"."zones"."color", "public"."zones"."isActive", "public"."zones"."geometry", "public"."zones"."createdById", "public"."zones"."createdAt", "public"."zones"."updatedAt", COALESCE("aggr_selection_0_User"."_aggr_count_users", 0) AS "_aggr_count_users", COALESCE("aggr_selection_1_Route"."_aggr_count_routes", 0) AS "_aggr_count_routes" FROM "public"."zones" LEFT JOIN (SELECT "public"."users"."zoneId", COUNT(*) AS "_aggr_count_users" FROM "public"."users" WHERE 1=1 GROUP BY "public"."users"."zoneId") AS "aggr_selection_0_User" ON ("public"."zones"."id" = "aggr_selection_0_User"."zoneId") LEFT JOIN (SELECT "public"."routes"."zoneId", COUNT(*) AS "_aggr_count_routes" FROM "public"."routes" WHERE 1=1 GROUP BY "public"."routes"."zoneId") AS "aggr_selection_1_Route" ON ("public"."zones"."id" = "aggr_selection_1_Route"."zoneId") WHERE 1=1 ORDER BY "public"."zones"."createdAt" DESC OFFSET $1
prisma:query SELECT "public"."routes"."id", "public"."routes"."name", "public"."routes"."status"::text, "public"."routes"."zoneId", "public"."routes"."vehicleId", "public"."routes"."operatorId", "public"."routes"."createdById", "public"."routes"."dayOfWeek", "public"."routes"."startTime", "public"."routes"."estimatedDuration", "public"."routes"."pathGeometry", "public"."routes"."createdAt", "public"."routes"."updatedAt", COALESCE("aggr_selection_0_Waypoint"."_aggr_count_waypoints", 0) AS "_aggr_count_waypoints" FROM "public"."routes" LEFT JOIN (SELECT "public"."waypoints"."routeId", COUNT(*) AS "_aggr_count_waypoints" FROM "public"."waypoints" WHERE 1=1 GROUP BY "public"."waypoints"."routeId") AS "aggr_selection_0_Waypoint" ON ("public"."routes"."id" = "aggr_selection_0_Waypoint"."routeId") WHERE 1=1 ORDER BY "public"."routes"."createdAt" DESC OFFSET $1
prisma:query SELECT "public"."users"."id", "public"."users"."firstName", "public"."users"."lastName" FROM "public"."users" WHERE "public"."users"."id" IN ($1) OFFSET $2
prisma:query SELECT "public"."zones"."id", "public"."zones"."name", "public"."zones"."color" FROM "public"."zones" WHERE "public"."zones"."id" IN ($1,$2,$3,$4,$5,$6,$7,$8,$9) OFFSET $10
prisma:query SELECT "public"."vehicles"."id", "public"."vehicles"."plate", "public"."vehicles"."type"::text FROM "public"."vehicles" WHERE "public"."vehicles"."id" IN ($1,$2) OFFSET $3
prisma:query SELECT "public"."users"."id", "public"."users"."firstName", "public"."users"."lastName" FROM "public"."users" WHERE "public"."users"."id" IN ($1,$2,$3,$4,$5,$6,$7,$8,$9) OFFSET $10
prisma:query SELECT "public"."zones"."id", "public"."zones"."name", "public"."zones"."description", "public"."zones"."district", "public"."zones"."color", "public"."zones"."isActive", "public"."zones"."geometry", "public"."zones"."createdById", "public"."zones"."createdAt", "public"."zones"."updatedAt", COALESCE("aggr_selection_0_User"."_aggr_count_users", 0) AS "_aggr_count_users", COALESCE("aggr_selection_1_Route"."_aggr_count_routes", 0) AS "_aggr_count_routes" FROM "public"."zones" LEFT JOIN (SELECT "public"."users"."zoneId", COUNT(*) AS "_aggr_count_users" FROM "public"."users" WHERE 1=1 GROUP BY "public"."users"."zoneId") AS "aggr_selection_0_User" ON ("public"."zones"."id" = "aggr_selection_0_User"."zoneId") LEFT JOIN (SELECT "public"."routes"."zoneId", COUNT(*) AS "_aggr_count_routes" FROM "public"."routes" WHERE 1=1 GROUP BY "public"."routes"."zoneId") AS "aggr_selection_1_Route" ON ("public"."zones"."id" = "aggr_selection_1_Route"."zoneId") WHERE 1=1 ORDER BY "public"."zones"."createdAt" DESC OFFSET $1
prisma:query SELECT "public"."users"."id", "public"."users"."firstName", "public"."users"."lastName" FROM "public"."users" WHERE "public"."users"."id" IN ($1) OFFSET $2
prisma:query SELECT "public"."routes"."id", "public"."routes"."name", "public"."routes"."status"::text, "public"."routes"."zoneId", "public"."routes"."vehicleId", "public"."routes"."operatorId", "public"."routes"."createdById", "public"."routes"."dayOfWeek", "public"."routes"."startTime", "public"."routes"."estimatedDuration", "public"."routes"."pathGeometry", "public"."routes"."createdAt", "public"."routes"."updatedAt", COALESCE("aggr_selection_0_Waypoint"."_aggr_count_waypoints", 0) AS "_aggr_count_waypoints" FROM "public"."routes" LEFT JOIN (SELECT "public"."waypoints"."routeId", COUNT(*) AS "_aggr_count_waypoints" FROM "public"."waypoints" WHERE 1=1 GROUP BY "public"."waypoints"."routeId") AS "aggr_selection_0_Waypoint" ON ("public"."routes"."id" = "aggr_selection_0_Waypoint"."routeId") WHERE 1=1 ORDER BY "public"."routes"."createdAt" DESC OFFSET $1
prisma:query SELECT "public"."zones"."id", "public"."zones"."name", "public"."zones"."color" FROM "public"."zones" WHERE "public"."zones"."id" IN ($1,$2,$3,$4,$5,$6,$7,$8,$9) OFFSET $10
prisma:query SELECT "public"."vehicles"."id", "public"."vehicles"."plate", "public"."vehicles"."type"::text FROM "public"."vehicles" WHERE "public"."vehicles"."id" IN ($1,$2) OFFSET $3
prisma:query SELECT "public"."users"."id", "public"."users"."firstName", "public"."users"."lastName" FROM "public"."users" WHERE "public"."users"."id" IN ($1,$2,$3,$4,$5,$6,$7,$8,$9) OFFSET $10
prisma:query SELECT "public"."routes"."id", "public"."routes"."name", "public"."routes"."status"::text, "public"."routes"."zoneId", "public"."routes"."vehicleId", "public"."routes"."operatorId", "public"."routes"."createdById", "public"."routes"."dayOfWeek", "public"."routes"."startTime", "public"."routes"."estimatedDuration", "public"."routes"."pathGeometry", "public"."routes"."createdAt", "public"."routes"."updatedAt", COALESCE("aggr_selection_0_Waypoint"."_aggr_count_waypoints", 0) AS "_aggr_count_waypoints" FROM "public"."routes" LEFT JOIN (SELECT "public"."waypoints"."routeId", COUNT(*) AS "_aggr_count_waypoints" FROM "public"."waypoints" WHERE 1=1 GROUP BY "public"."waypoints"."routeId") AS "aggr_selection_0_Waypoint" ON ("public"."routes"."id" = "aggr_selection_0_Waypoint"."routeId") WHERE "public"."routes"."zoneId" = $1 ORDER BY "public"."routes"."createdAt" DESC OFFSET $2
prisma:query SELECT "public"."zones"."id", "public"."zones"."name", "public"."zones"."color" FROM "public"."zones" WHERE "public"."zones"."id" IN ($1) OFFSET $2
prisma:query SELECT "public"."vehicles"."id", "public"."vehicles"."plate", "public"."vehicles"."type"::text FROM "public"."vehicles" WHERE "public"."vehicles"."id" IN ($1) OFFSET $2
prisma:query SELECT "public"."users"."id", "public"."users"."firstName", "public"."users"."lastName" FROM "public"."users" WHERE "public"."users"."id" IN ($1) OFFSET $2
prisma:query SELECT "public"."zones"."id", "public"."zones"."name", "public"."zones"."description", "public"."zones"."district", "public"."zones"."color", "public"."zones"."isActive", "public"."zones"."geometry", "public"."zones"."createdById", "public"."zones"."createdAt", "public"."zones"."updatedAt", COALESCE("aggr_selection_0_User"."_aggr_count_users", 0) AS "_aggr_count_users", COALESCE("aggr_selection_1_Route"."_aggr_count_routes", 0) AS "_aggr_count_routes" FROM "public"."zones" LEFT JOIN (SELECT "public"."users"."zoneId", COUNT(*) AS "_aggr_count_users" FROM "public"."users" WHERE 1=1 GROUP BY "public"."users"."zoneId") AS "aggr_selection_0_User" ON ("public"."zones"."id" = "aggr_selection_0_User"."zoneId") LEFT JOIN (SELECT "public"."routes"."zoneId", COUNT(*) AS "_aggr_count_routes" FROM "public"."routes" WHERE 1=1 GROUP BY "public"."routes"."zoneId") AS "aggr_selection_1_Route" ON ("public"."zones"."id" = "aggr_selection_1_Route"."zoneId") WHERE 1=1 ORDER BY "public"."zones"."createdAt" DESC OFFSET $1
prisma:query SELECT "public"."routes"."id", "public"."routes"."name", "public"."routes"."status"::text, "public"."routes"."zoneId", "public"."routes"."vehicleId", "public"."routes"."operatorId", "public"."routes"."createdById", "public"."routes"."dayOfWeek", "public"."routes"."startTime", "public"."routes"."estimatedDuration", "public"."routes"."pathGeometry", "public"."routes"."createdAt", "public"."routes"."updatedAt", COALESCE("aggr_selection_0_Waypoint"."_aggr_count_waypoints", 0) AS "_aggr_count_waypoints" FROM "public"."routes" LEFT JOIN (SELECT "public"."waypoints"."routeId", COUNT(*) AS "_aggr_count_waypoints" FROM "public"."waypoints" WHERE 1=1 GROUP BY "public"."waypoints"."routeId") AS "aggr_selection_0_Waypoint" ON ("public"."routes"."id" = "aggr_selection_0_Waypoint"."routeId") WHERE 1=1 ORDER BY "public"."routes"."createdAt" DESC OFFSET $1
prisma:query SELECT "public"."users"."id", "public"."users"."firstName", "public"."users"."lastName" FROM "public"."users" WHERE "public"."users"."id" IN ($1) OFFSET $2
prisma:query SELECT "public"."zones"."id", "public"."zones"."name", "public"."zones"."color" FROM "public"."zones" WHERE "public"."zones"."id" IN ($1,$2,$3,$4,$5,$6,$7,$8,$9) OFFSET $10
prisma:query SELECT "public"."vehicles"."id", "public"."vehicles"."plate", "public"."vehicles"."type"::text FROM "public"."vehicles" WHERE "public"."vehicles"."id" IN ($1,$2) OFFSET $3
prisma:query SELECT "public"."users"."id", "public"."users"."firstName", "public"."users"."lastName" FROM "public"."users" WHERE "public"."users"."id" IN ($1,$2,$3,$4,$5,$6,$7,$8,$9) OFFSET $10
prisma:query SELECT "public"."zones"."id", "public"."zones"."name", "public"."zones"."description", "public"."zones"."district", "public"."zones"."color", "public"."zones"."isActive", "public"."zones"."geometry", "public"."zones"."createdById", "public"."zones"."createdAt", "public"."zones"."updatedAt", COALESCE("aggr_selection_0_User"."_aggr_count_users", 0) AS "_aggr_count_users", COALESCE("aggr_selection_1_Route"."_aggr_count_routes", 0) AS "_aggr_count_routes" FROM "public"."zones" LEFT JOIN (SELECT "public"."users"."zoneId", COUNT(*) AS "_aggr_count_users" FROM "public"."users" WHERE 1=1 GROUP BY "public"."users"."zoneId") AS "aggr_selection_0_User" ON ("public"."zones"."id" = "aggr_selection_0_User"."zoneId") LEFT JOIN (SELECT "public"."routes"."zoneId", COUNT(*) AS "_aggr_count_routes" FROM "public"."routes" WHERE 1=1 GROUP BY "public"."routes"."zoneId") AS "aggr_selection_1_Route" ON ("public"."zones"."id" = "aggr_selection_1_Route"."zoneId") WHERE 1=1 ORDER BY "public"."zones"."createdAt" DESC OFFSET $1
prisma:query SELECT "public"."users"."id", "public"."users"."firstName", "public"."users"."lastName" FROM "public"."users" WHERE "public"."users"."id" IN ($1) OFFSET $2
prisma:query SELECT "public"."routes"."id", "public"."routes"."name", "public"."routes"."status"::text, "public"."routes"."zoneId", "public"."routes"."vehicleId", "public"."routes"."operatorId", "public"."routes"."createdById", "public"."routes"."dayOfWeek", "public"."routes"."startTime", "public"."routes"."estimatedDuration", "public"."routes"."pathGeometry", "public"."routes"."createdAt", "public"."routes"."updatedAt", COALESCE("aggr_selection_0_Waypoint"."_aggr_count_waypoints", 0) AS "_aggr_count_waypoints" FROM "public"."routes" LEFT JOIN (SELECT "public"."waypoints"."routeId", COUNT(*) AS "_aggr_count_waypoints" FROM "public"."waypoints" WHERE 1=1 GROUP BY "public"."waypoints"."routeId") AS "aggr_selection_0_Waypoint" ON ("public"."routes"."id" = "aggr_selection_0_Waypoint"."routeId") WHERE 1=1 ORDER BY "public"."routes"."createdAt" DESC OFFSET $1
prisma:query SELECT "public"."zones"."id", "public"."zones"."name", "public"."zones"."color" FROM "public"."zones" WHERE "public"."zones"."id" IN ($1,$2,$3,$4,$5,$6,$7,$8,$9) OFFSET $10
prisma:query SELECT "public"."vehicles"."id", "public"."vehicles"."plate", "public"."vehicles"."type"::text FROM "public"."vehicles" WHERE "public"."vehicles"."id" IN ($1,$2) OFFSET $3
prisma:query SELECT "public"."users"."id", "public"."users"."firstName", "public"."users"."lastName" FROM "public"."users" WHERE "public"."users"."id" IN ($1,$2,$3,$4,$5,$6,$7,$8,$9) OFFSET $10
prisma:query SELECT "public"."routes"."id", "public"."routes"."name", "public"."routes"."status"::text, "public"."routes"."zoneId", "public"."routes"."vehicleId", "public"."routes"."operatorId", "public"."routes"."createdById", "public"."routes"."dayOfWeek", "public"."routes"."startTime", "public"."routes"."estimatedDuration", "public"."routes"."pathGeometry", "public"."routes"."createdAt", "public"."routes"."updatedAt" FROM "public"."routes" WHERE ("public"."routes"."id" = $1 AND 1=1) LIMIT $2 OFFSET $3
prisma:query SELECT "public"."zones"."id", "public"."zones"."name", "public"."zones"."color", "public"."zones"."district" FROM "public"."zones" WHERE "public"."zones"."id" IN ($1) OFFSET $2
prisma:query SELECT "public"."vehicles"."id", "public"."vehicles"."plate", "public"."vehicles"."type"::text, "public"."vehicles"."brand" FROM "public"."vehicles" WHERE "public"."vehicles"."id" IN ($1) OFFSET $2
prisma:query SELECT "public"."users"."id", "public"."users"."firstName", "public"."users"."lastName" FROM "public"."users" WHERE "public"."users"."id" IN ($1) OFFSET $2
prisma:query SELECT "public"."waypoints"."id", "public"."waypoints"."routeId", "public"."waypoints"."order", "public"."waypoints"."name", "public"."waypoints"."description", "public"."waypoints"."lat", "public"."waypoints"."lng", "public"."waypoints"."estimatedTime" FROM "public"."waypoints" WHERE "public"."waypoints"."routeId" IN ($1) ORDER BY "public"."waypoints"."order" ASC OFFSET $2
prisma:query SELECT "public"."route_waste_types"."routeId", "public"."route_waste_types"."wasteTypeId" FROM "public"."route_waste_types" WHERE "public"."route_waste_types"."routeId" IN ($1) OFFSET $2
prisma:query SELECT "public"."waste_types"."id", "public"."waste_types"."name", "public"."waste_types"."category"::text, "public"."waste_types"."colorCode" FROM "public"."waste_types" WHERE "public"."waste_types"."id" IN ($1,$2) OFFSET $3
prisma:query SELECT "public"."routes"."id", "public"."routes"."zoneId", "public"."routes"."vehicleId" FROM "public"."routes" WHERE ("public"."routes"."id" = $1 AND 1=1) LIMIT $2 OFFSET $3
prisma:query INSERT INTO "public"."route_executions" ("id","routeId","operatorId","vehicleId","date","startedAt","status","createdAt","updatedAt") VALUES ($1,$2,$3,$4,$5,$6,CAST($7::text AS "public"."ExecutionStatus"),$8,$9) RETURNING "public"."route_executions"."id", "public"."route_executions"."routeId", "public"."route_executions"."operatorId", "public"."route_executions"."vehicleId", "public"."route_executions"."date", "public"."route_executions"."startedAt", "public"."route_executions"."endedAt", "public"."route_executions"."status"::text, "public"."route_executions"."delayMinutes", "public"."route_executions"."notes", "public"."route_executions"."createdAt", "public"."route_executions"."updatedAt"
prisma:query SELECT 1
prisma:query SELECT "public"."users"."id", "public"."users"."homeLat", "public"."users"."homeLng", "public"."users"."alertRadius" FROM "public"."users" WHERE ("public"."users"."zoneId" = $1 AND "public"."users"."role" = CAST($2::text AS "public"."Role") AND "public"."users"."isActive" = $3 AND "public"."users"."homeLat" IS NOT NULL AND "public"."users"."homeLng" IS NOT NULL) OFFSET $4
prisma:query INSERT INTO "public"."gps_tracks" ("id","routeExecutionId","lat","lng","speed","heading","timestamp") VALUES ($1,$2,$3,$4,$5,$6,$7) RETURNING "public"."gps_tracks"."id", "public"."gps_tracks"."routeExecutionId", "public"."gps_tracks"."lat", "public"."gps_tracks"."lng", "public"."gps_tracks"."speed", "public"."gps_tracks"."heading", "public"."gps_tracks"."accuracy", "public"."gps_tracks"."timestamp"
prisma:query UPDATE "public"."route_executions" SET "status" = CAST($1::text AS "public"."ExecutionStatus"), "endedAt" = $2, "updatedAt" = $3 WHERE ("public"."route_executions"."id" = $4 AND 1=1) RETURNING "public"."route_executions"."id", "public"."route_executions"."routeId", "public"."route_executions"."operatorId", "public"."route_executions"."vehicleId", "public"."route_executions"."date", "public"."route_executions"."startedAt", "public"."route_executions"."endedAt", "public"."route_executions"."status"::text, "public"."route_executions"."delayMinutes", "public"."route_executions"."notes", "public"."route_executions"."createdAt", "public"."route_executions"."updatedAt"
prisma:query SELECT 1
prisma:query SELECT "public"."zones"."id", "public"."zones"."name", "public"."zones"."description", "public"."zones"."district", "public"."zones"."color", "public"."zones"."isActive", "public"."zones"."geometry", "public"."zones"."createdById", "public"."zones"."createdAt", "public"."zones"."updatedAt", COALESCE("aggr_selection_0_User"."_aggr_count_users", 0) AS "_aggr_count_users", COALESCE("aggr_selection_1_Route"."_aggr_count_routes", 0) AS "_aggr_count_routes" FROM "public"."zones" LEFT JOIN (SELECT "public"."users"."zoneId", COUNT(*) AS "_aggr_count_users" FROM "public"."users" WHERE 1=1 GROUP BY "public"."users"."zoneId") AS "aggr_selection_0_User" ON ("public"."zones"."id" = "aggr_selection_0_User"."zoneId") LEFT JOIN (SELECT "public"."routes"."zoneId", COUNT(*) AS "_aggr_count_routes" FROM "public"."routes" WHERE 1=1 GROUP BY "public"."routes"."zoneId") AS "aggr_selection_1_Route" ON ("public"."zones"."id" = "aggr_selection_1_Route"."zoneId") WHERE 1=1 ORDER BY "public"."zones"."createdAt" DESC OFFSET $1
prisma:query SELECT "public"."users"."id", "public"."users"."firstName", "public"."users"."lastName" FROM "public"."users" WHERE "public"."users"."id" IN ($1) OFFSET $2
prisma:query SELECT "public"."zones"."id", "public"."zones"."name", "public"."zones"."description", "public"."zones"."district", "public"."zones"."color", "public"."zones"."isActive", "public"."zones"."geometry", "public"."zones"."createdById", "public"."zones"."createdAt", "public"."zones"."updatedAt", COALESCE("aggr_selection_0_User"."_aggr_count_users", 0) AS "_aggr_count_users", COALESCE("aggr_selection_1_Route"."_aggr_count_routes", 0) AS "_aggr_count_routes" FROM "public"."zones" LEFT JOIN (SELECT "public"."users"."zoneId", COUNT(*) AS "_aggr_count_users" FROM "public"."users" WHERE 1=1 GROUP BY "public"."users"."zoneId") AS "aggr_selection_0_User" ON ("public"."zones"."id" = "aggr_selection_0_User"."zoneId") LEFT JOIN (SELECT "public"."routes"."zoneId", COUNT(*) AS "_aggr_count_routes" FROM "public"."routes" WHERE 1=1 GROUP BY "public"."routes"."zoneId") AS "aggr_selection_1_Route" ON ("public"."zones"."id" = "aggr_selection_1_Route"."zoneId") WHERE 1=1 ORDER BY "public"."zones"."createdAt" DESC OFFSET $1
prisma:query SELECT "public"."users"."id", "public"."users"."firstName", "public"."users"."lastName" FROM "public"."users" WHERE "public"."users"."id" IN ($1) OFFSET $2
prisma:query SELECT 1
prisma:query SELECT "public"."zones"."id", "public"."zones"."name", "public"."zones"."description", "public"."zones"."district", "public"."zones"."color", "public"."zones"."isActive", "public"."zones"."geometry", "public"."zones"."createdById", "public"."zones"."createdAt", "public"."zones"."updatedAt", COALESCE("aggr_selection_0_User"."_aggr_count_users", 0) AS "_aggr_count_users", COALESCE("aggr_selection_1_Route"."_aggr_count_routes", 0) AS "_aggr_count_routes" FROM "public"."zones" LEFT JOIN (SELECT "public"."users"."zoneId", COUNT(*) AS "_aggr_count_users" FROM "public"."users" WHERE 1=1 GROUP BY "public"."users"."zoneId") AS "aggr_selection_0_User" ON ("public"."zones"."id" = "aggr_selection_0_User"."zoneId") LEFT JOIN (SELECT "public"."routes"."zoneId", COUNT(*) AS "_aggr_count_routes" FROM "public"."routes" WHERE 1=1 GROUP BY "public"."routes"."zoneId") AS "aggr_selection_1_Route" ON ("public"."zones"."id" = "aggr_selection_1_Route"."zoneId") WHERE 1=1 ORDER BY "public"."zones"."createdAt" DESC OFFSET $1
prisma:query SELECT "public"."users"."id", "public"."users"."firstName", "public"."users"."lastName" FROM "public"."users" WHERE "public"."users"."id" IN ($1) OFFSET $2
prisma:query SELECT "public"."routes"."id", "public"."routes"."name", "public"."routes"."status"::text, "public"."routes"."zoneId", "public"."routes"."vehicleId", "public"."routes"."operatorId", "public"."routes"."createdById", "public"."routes"."dayOfWeek", "public"."routes"."startTime", "public"."routes"."estimatedDuration", "public"."routes"."pathGeometry", "public"."routes"."createdAt", "public"."routes"."updatedAt", COALESCE("aggr_selection_0_Waypoint"."_aggr_count_waypoints", 0) AS "_aggr_count_waypoints" FROM "public"."routes" LEFT JOIN (SELECT "public"."waypoints"."routeId", COUNT(*) AS "_aggr_count_waypoints" FROM "public"."waypoints" WHERE 1=1 GROUP BY "public"."waypoints"."routeId") AS "aggr_selection_0_Waypoint" ON ("public"."routes"."id" = "aggr_selection_0_Waypoint"."routeId") WHERE 1=1 ORDER BY "public"."routes"."createdAt" DESC OFFSET $1
prisma:query SELECT "public"."zones"."id", "public"."zones"."name", "public"."zones"."color" FROM "public"."zones" WHERE "public"."zones"."id" IN ($1,$2,$3,$4,$5,$6,$7,$8,$9) OFFSET $10
prisma:query SELECT "public"."vehicles"."id", "public"."vehicles"."plate", "public"."vehicles"."type"::text FROM "public"."vehicles" WHERE "public"."vehicles"."id" IN ($1,$2) OFFSET $3
prisma:query SELECT "public"."users"."id", "public"."users"."firstName", "public"."users"."lastName" FROM "public"."users" WHERE "public"."users"."id" IN ($1,$2,$3,$4,$5,$6,$7,$8,$9) OFFSET $10
prisma:query SELECT "public"."users"."id", "public"."users"."email", "public"."users"."role"::text, "public"."users"."firstName", "public"."users"."lastName" FROM "public"."users" WHERE ("public"."users"."id" = $1 AND 1=1) LIMIT $2 OFFSET $3
prisma:query SELECT "public"."zones"."id", "public"."zones"."name", "public"."zones"."description", "public"."zones"."district", "public"."zones"."color", "public"."zones"."isActive", "public"."zones"."geometry", "public"."zones"."createdById", "public"."zones"."createdAt", "public"."zones"."updatedAt", COALESCE("aggr_selection_0_User"."_aggr_count_users", 0) AS "_aggr_count_users", COALESCE("aggr_selection_1_Route"."_aggr_count_routes", 0) AS "_aggr_count_routes" FROM "public"."zones" LEFT JOIN (SELECT "public"."users"."zoneId", COUNT(*) AS "_aggr_count_users" FROM "public"."users" WHERE 1=1 GROUP BY "public"."users"."zoneId") AS "aggr_selection_0_User" ON ("public"."zones"."id" = "aggr_selection_0_User"."zoneId") LEFT JOIN (SELECT "public"."routes"."zoneId", COUNT(*) AS "_aggr_count_routes" FROM "public"."routes" WHERE 1=1 GROUP BY "public"."routes"."zoneId") AS "aggr_selection_1_Route" ON ("public"."zones"."id" = "aggr_selection_1_Route"."zoneId") WHERE 1=1 ORDER BY "public"."zones"."createdAt" DESC OFFSET $1
prisma:query SELECT "public"."users"."id", "public"."users"."firstName", "public"."users"."lastName" FROM "public"."users" WHERE "public"."users"."id" IN ($1) OFFSET $2
prisma:query SELECT "public"."routes"."id", "public"."routes"."name", "public"."routes"."status"::text, "public"."routes"."zoneId", "public"."routes"."vehicleId", "public"."routes"."operatorId", "public"."routes"."createdById", "public"."routes"."dayOfWeek", "public"."routes"."startTime", "public"."routes"."estimatedDuration", "public"."routes"."pathGeometry", "public"."routes"."createdAt", "public"."routes"."updatedAt", COALESCE("aggr_selection_0_Waypoint"."_aggr_count_waypoints", 0) AS "_aggr_count_waypoints" FROM "public"."routes" LEFT JOIN (SELECT "public"."waypoints"."routeId", COUNT(*) AS "_aggr_count_waypoints" FROM "public"."waypoints" WHERE 1=1 GROUP BY "public"."waypoints"."routeId") AS "aggr_selection_0_Waypoint" ON ("public"."routes"."id" = "aggr_selection_0_Waypoint"."routeId") WHERE 1=1 ORDER BY "public"."routes"."createdAt" DESC OFFSET $1
prisma:query SELECT "public"."zones"."id", "public"."zones"."name", "public"."zones"."description", "public"."zones"."district", "public"."zones"."color", "public"."zones"."isActive", "public"."zones"."geometry", "public"."zones"."createdById", "public"."zones"."createdAt", "public"."zones"."updatedAt", COALESCE("aggr_selection_0_User"."_aggr_count_users", 0) AS "_aggr_count_users", COALESCE("aggr_selection_1_Route"."_aggr_count_routes", 0) AS "_aggr_count_routes" FROM "public"."zones" LEFT JOIN (SELECT "public"."users"."zoneId", COUNT(*) AS "_aggr_count_users" FROM "public"."users" WHERE 1=1 GROUP BY "public"."users"."zoneId") AS "aggr_selection_0_User" ON ("public"."zones"."id" = "aggr_selection_0_User"."zoneId") LEFT JOIN (SELECT "public"."routes"."zoneId", COUNT(*) AS "_aggr_count_routes" FROM "public"."routes" WHERE 1=1 GROUP BY "public"."routes"."zoneId") AS "aggr_selection_1_Route" ON ("public"."zones"."id" = "aggr_selection_1_Route"."zoneId") WHERE 1=1 ORDER BY "public"."zones"."createdAt" DESC OFFSET $1
prisma:query SELECT "public"."zones"."id", "public"."zones"."name", "public"."zones"."color" FROM "public"."zones" WHERE "public"."zones"."id" IN ($1,$2,$3,$4,$5,$6,$7,$8,$9) OFFSET $10
prisma:query SELECT "public"."users"."id", "public"."users"."firstName", "public"."users"."lastName" FROM "public"."users" WHERE "public"."users"."id" IN ($1) OFFSET $2
prisma:query SELECT "public"."vehicles"."id", "public"."vehicles"."plate", "public"."vehicles"."type"::text FROM "public"."vehicles" WHERE "public"."vehicles"."id" IN ($1,$2) OFFSET $3
prisma:query SELECT "public"."users"."id", "public"."users"."firstName", "public"."users"."lastName" FROM "public"."users" WHERE "public"."users"."id" IN ($1,$2,$3,$4,$5,$6,$7,$8,$9) OFFSET $10
prisma:query SELECT "public"."vehicles"."id", "public"."vehicles"."plate", "public"."vehicles"."type"::text, "public"."vehicles"."brand", "public"."vehicles"."model", "public"."vehicles"."year", "public"."vehicles"."capacity", "public"."vehicles"."status"::text, "public"."vehicles"."isActive", "public"."vehicles"."currentLat", "public"."vehicles"."currentLng", "public"."vehicles"."createdAt", "public"."vehicles"."updatedAt" FROM "public"."vehicles" WHERE 1=1 ORDER BY "public"."vehicles"."createdAt" DESC OFFSET $1
prisma:query SELECT "public"."zones"."id", "public"."zones"."name", "public"."zones"."description", "public"."zones"."district", "public"."zones"."color", "public"."zones"."isActive", "public"."zones"."geometry", "public"."zones"."createdById", "public"."zones"."createdAt", "public"."zones"."updatedAt", COALESCE("aggr_selection_0_User"."_aggr_count_users", 0) AS "_aggr_count_users", COALESCE("aggr_selection_1_Route"."_aggr_count_routes", 0) AS "_aggr_count_routes" FROM "public"."zones" LEFT JOIN (SELECT "public"."users"."zoneId", COUNT(*) AS "_aggr_count_users" FROM "public"."users" WHERE 1=1 GROUP BY "public"."users"."zoneId") AS "aggr_selection_0_User" ON ("public"."zones"."id" = "aggr_selection_0_User"."zoneId") LEFT JOIN (SELECT "public"."routes"."zoneId", COUNT(*) AS "_aggr_count_routes" FROM "public"."routes" WHERE 1=1 GROUP BY "public"."routes"."zoneId") AS "aggr_selection_1_Route" ON ("public"."zones"."id" = "aggr_selection_1_Route"."zoneId") WHERE 1=1 ORDER BY "public"."zones"."createdAt" DESC OFFSET $1
prisma:query SELECT "public"."users"."id", "public"."users"."firstName", "public"."users"."lastName" FROM "public"."users" WHERE "public"."users"."id" IN ($1) OFFSET $2
prisma:query SELECT "public"."zones"."id", "public"."zones"."name", "public"."zones"."description", "public"."zones"."district", "public"."zones"."color", "public"."zones"."isActive", "public"."zones"."geometry", "public"."zones"."createdById", "public"."zones"."createdAt", "public"."zones"."updatedAt", COALESCE("aggr_selection_0_User"."_aggr_count_users", 0) AS "_aggr_count_users", COALESCE("aggr_selection_1_Route"."_aggr_count_routes", 0) AS "_aggr_count_routes" FROM "public"."zones" LEFT JOIN (SELECT "public"."users"."zoneId", COUNT(*) AS "_aggr_count_users" FROM "public"."users" WHERE 1=1 GROUP BY "public"."users"."zoneId") AS "aggr_selection_0_User" ON ("public"."zones"."id" = "aggr_selection_0_User"."zoneId") LEFT JOIN (SELECT "public"."routes"."zoneId", COUNT(*) AS "_aggr_count_routes" FROM "public"."routes" WHERE 1=1 GROUP BY "public"."routes"."zoneId") AS "aggr_selection_1_Route" ON ("public"."zones"."id" = "aggr_selection_1_Route"."zoneId") WHERE 1=1 ORDER BY "public"."zones"."createdAt" DESC OFFSET $1
prisma:query SELECT "public"."users"."id", "public"."users"."firstName", "public"."users"."lastName" FROM "public"."users" WHERE "public"."users"."id" IN ($1) OFFSET $2
prisma:query SELECT "public"."zones"."id", "public"."zones"."name", "public"."zones"."description", "public"."zones"."district", "public"."zones"."color", "public"."zones"."isActive", "public"."zones"."geometry", "public"."zones"."createdById", "public"."zones"."createdAt", "public"."zones"."updatedAt", COALESCE("aggr_selection_0_User"."_aggr_count_users", 0) AS "_aggr_count_users", COALESCE("aggr_selection_1_Route"."_aggr_count_routes", 0) AS "_aggr_count_routes" FROM "public"."zones" LEFT JOIN (SELECT "public"."users"."zoneId", COUNT(*) AS "_aggr_count_users" FROM "public"."users" WHERE 1=1 GROUP BY "public"."users"."zoneId") AS "aggr_selection_0_User" ON ("public"."zones"."id" = "aggr_selection_0_User"."zoneId") LEFT JOIN (SELECT "public"."routes"."zoneId", COUNT(*) AS "_aggr_count_routes" FROM "public"."routes" WHERE 1=1 GROUP BY "public"."routes"."zoneId") AS "aggr_selection_1_Route" ON ("public"."zones"."id" = "aggr_selection_1_Route"."zoneId") WHERE 1=1 ORDER BY "public"."zones"."createdAt" DESC OFFSET $1
prisma:query SELECT "public"."users"."id", "public"."users"."firstName", "public"."users"."lastName" FROM "public"."users" WHERE "public"."users"."id" IN ($1) OFFSET $2
prisma:query SELECT "public"."users"."id", "public"."users"."email", "public"."users"."firstName", "public"."users"."lastName", "public"."users"."dni", "public"."users"."phone", "public"."users"."address", "public"."users"."district", "public"."users"."role"::text, "public"."users"."isActive", "public"."users"."isVerified", "public"."users"."zoneId", "public"."users"."alertRadius" FROM "public"."users" WHERE ("public"."users"."id" = $1 AND 1=1) LIMIT $2 OFFSET $3
prisma:query SELECT "public"."zones"."id", "public"."zones"."name", "public"."zones"."district", "public"."zones"."color" FROM "public"."zones" WHERE "public"."zones"."id" IN ($1) OFFSET $2
prisma:query SELECT "public"."zones"."id", "public"."zones"."name", "public"."zones"."description", "public"."zones"."district", "public"."zones"."color", "public"."zones"."isActive", "public"."zones"."geometry", "public"."zones"."createdById", "public"."zones"."createdAt", "public"."zones"."updatedAt", COALESCE("aggr_selection_0_User"."_aggr_count_users", 0) AS "_aggr_count_users", COALESCE("aggr_selection_1_Route"."_aggr_count_routes", 0) AS "_aggr_count_routes" FROM "public"."zones" LEFT JOIN (SELECT "public"."users"."zoneId", COUNT(*) AS "_aggr_count_users" FROM "public"."users" WHERE 1=1 GROUP BY "public"."users"."zoneId") AS "aggr_selection_0_User" ON ("public"."zones"."id" = "aggr_selection_0_User"."zoneId") LEFT JOIN (SELECT "public"."routes"."zoneId", COUNT(*) AS "_aggr_count_routes" FROM "public"."routes" WHERE 1=1 GROUP BY "public"."routes"."zoneId") AS "aggr_selection_1_Route" ON ("public"."zones"."id" = "aggr_selection_1_Route"."zoneId") WHERE 1=1 ORDER BY "public"."zones"."createdAt" DESC OFFSET $1
prisma:query SELECT "public"."users"."id", "public"."users"."firstName", "public"."users"."lastName" FROM "public"."users" WHERE "public"."users"."id" IN ($1) OFFSET $2
prisma:query SELECT "public"."users"."id", "public"."users"."email", "public"."users"."firstName", "public"."users"."lastName", "public"."users"."dni", "public"."users"."phone", "public"."users"."address", "public"."users"."district", "public"."users"."role"::text, "public"."users"."isActive", "public"."users"."isVerified", "public"."users"."zoneId", "public"."users"."alertRadius" FROM "public"."users" WHERE ("public"."users"."id" = $1 AND 1=1) LIMIT $2 OFFSET $3
prisma:query SELECT "public"."zones"."id", "public"."zones"."name", "public"."zones"."district", "public"."zones"."color" FROM "public"."zones" WHERE "public"."zones"."id" IN ($1) OFFSET $2
prisma:query SELECT "public"."zones"."id", "public"."zones"."name", "public"."zones"."description", "public"."zones"."district", "public"."zones"."color", "public"."zones"."isActive", "public"."zones"."geometry", "public"."zones"."createdById", "public"."zones"."createdAt", "public"."zones"."updatedAt", COALESCE("aggr_selection_0_User"."_aggr_count_users", 0) AS "_aggr_count_users", COALESCE("aggr_selection_1_Route"."_aggr_count_routes", 0) AS "_aggr_count_routes" FROM "public"."zones" LEFT JOIN (SELECT "public"."users"."zoneId", COUNT(*) AS "_aggr_count_users" FROM "public"."users" WHERE 1=1 GROUP BY "public"."users"."zoneId") AS "aggr_selection_0_User" ON ("public"."zones"."id" = "aggr_selection_0_User"."zoneId") LEFT JOIN (SELECT "public"."routes"."zoneId", COUNT(*) AS "_aggr_count_routes" FROM "public"."routes" WHERE 1=1 GROUP BY "public"."routes"."zoneId") AS "aggr_selection_1_Route" ON ("public"."zones"."id" = "aggr_selection_1_Route"."zoneId") WHERE 1=1 ORDER BY "public"."zones"."createdAt" DESC OFFSET $1
prisma:query SELECT "public"."users"."id", "public"."users"."firstName", "public"."users"."lastName" FROM "public"."users" WHERE "public"."users"."id" IN ($1) OFFSET $2
prisma:query SELECT "public"."zones"."id", "public"."zones"."name", "public"."zones"."description", "public"."zones"."district", "public"."zones"."color", "public"."zones"."isActive", "public"."zones"."geometry", "public"."zones"."createdById", "public"."zones"."createdAt", "public"."zones"."updatedAt", COALESCE("aggr_selection_0_User"."_aggr_count_users", 0) AS "_aggr_count_users", COALESCE("aggr_selection_1_Route"."_aggr_count_routes", 0) AS "_aggr_count_routes" FROM "public"."zones" LEFT JOIN (SELECT "public"."users"."zoneId", COUNT(*) AS "_aggr_count_users" FROM "public"."users" WHERE 1=1 GROUP BY "public"."users"."zoneId") AS "aggr_selection_0_User" ON ("public"."zones"."id" = "aggr_selection_0_User"."zoneId") LEFT JOIN (SELECT "public"."routes"."zoneId", COUNT(*) AS "_aggr_count_routes" FROM "public"."routes" WHERE 1=1 GROUP BY "public"."routes"."zoneId") AS "aggr_selection_1_Route" ON ("public"."zones"."id" = "aggr_selection_1_Route"."zoneId") WHERE 1=1 ORDER BY "public"."zones"."createdAt" DESC OFFSET $1
prisma:query SELECT "public"."users"."id", "public"."users"."firstName", "public"."users"."lastName" FROM "public"."users" WHERE "public"."users"."id" IN ($1) OFFSET $2
prisma:query SELECT "public"."zones"."id", "public"."zones"."name", "public"."zones"."description", "public"."zones"."district", "public"."zones"."color", "public"."zones"."isActive", "public"."zones"."geometry", "public"."zones"."createdById", "public"."zones"."createdAt", "public"."zones"."updatedAt", COALESCE("aggr_selection_0_User"."_aggr_count_users", 0) AS "_aggr_count_users", COALESCE("aggr_selection_1_Route"."_aggr_count_routes", 0) AS "_aggr_count_routes" FROM "public"."zones" LEFT JOIN (SELECT "public"."users"."zoneId", COUNT(*) AS "_aggr_count_users" FROM "public"."users" WHERE 1=1 GROUP BY "public"."users"."zoneId") AS "aggr_selection_0_User" ON ("public"."zones"."id" = "aggr_selection_0_User"."zoneId") LEFT JOIN (SELECT "public"."routes"."zoneId", COUNT(*) AS "_aggr_count_routes" FROM "public"."routes" WHERE 1=1 GROUP BY "public"."routes"."zoneId") AS "aggr_selection_1_Route" ON ("public"."zones"."id" = "aggr_selection_1_Route"."zoneId") WHERE 1=1 ORDER BY "public"."zones"."createdAt" DESC OFFSET $1
prisma:query SELECT "public"."vehicles"."id", "public"."vehicles"."plate", "public"."vehicles"."type"::text, "public"."vehicles"."brand", "public"."vehicles"."model", "public"."vehicles"."year", "public"."vehicles"."capacity", "public"."vehicles"."status"::text, "public"."vehicles"."isActive", "public"."vehicles"."currentLat", "public"."vehicles"."currentLng", "public"."vehicles"."createdAt", "public"."vehicles"."updatedAt" FROM "public"."vehicles" WHERE 1=1 ORDER BY "public"."vehicles"."createdAt" DESC OFFSET $1
prisma:query SELECT "public"."users"."id", "public"."users"."firstName", "public"."users"."lastName" FROM "public"."users" WHERE "public"."users"."id" IN ($1) OFFSET $2
prisma:query SELECT "public"."routes"."id", "public"."routes"."name", "public"."routes"."status"::text, "public"."routes"."zoneId", "public"."routes"."vehicleId", "public"."routes"."operatorId", "public"."routes"."createdById", "public"."routes"."dayOfWeek", "public"."routes"."startTime", "public"."routes"."estimatedDuration", "public"."routes"."pathGeometry", "public"."routes"."createdAt", "public"."routes"."updatedAt", COALESCE("aggr_selection_0_Waypoint"."_aggr_count_waypoints", 0) AS "_aggr_count_waypoints" FROM "public"."routes" LEFT JOIN (SELECT "public"."waypoints"."routeId", COUNT(*) AS "_aggr_count_waypoints" FROM "public"."waypoints" WHERE 1=1 GROUP BY "public"."waypoints"."routeId") AS "aggr_selection_0_Waypoint" ON ("public"."routes"."id" = "aggr_selection_0_Waypoint"."routeId") WHERE 1=1 ORDER BY "public"."routes"."createdAt" DESC OFFSET $1
prisma:query SELECT "public"."zones"."id", "public"."zones"."name", "public"."zones"."color" FROM "public"."zones" WHERE "public"."zones"."id" IN ($1,$2,$3,$4,$5,$6,$7,$8,$9) OFFSET $10
prisma:query SELECT "public"."vehicles"."id", "public"."vehicles"."plate", "public"."vehicles"."type"::text FROM "public"."vehicles" WHERE "public"."vehicles"."id" IN ($1,$2) OFFSET $3
prisma:query SELECT "public"."users"."id", "public"."users"."firstName", "public"."users"."lastName" FROM "public"."users" WHERE "public"."users"."id" IN ($1,$2,$3,$4,$5,$6,$7,$8,$9) OFFSET $10
prisma:query SELECT 1
prisma:query SELECT "public"."users"."id", "public"."users"."zoneId" FROM "public"."users" WHERE ("public"."users"."id" = $1 AND 1=1) LIMIT $2 OFFSET $3
prisma:query SELECT "public"."incidents"."id", "public"."incidents"."type"::text, "public"."incidents"."description", "public"."incidents"."status"::text, "public"."incidents"."imageUrl", "public"."incidents"."lat", "public"."incidents"."lng", "public"."incidents"."address", "public"."incidents"."citizenId", "public"."incidents"."trackingCode", "public"."incidents"."createdAt", "public"."incidents"."updatedAt" FROM "public"."incidents" LEFT JOIN "public"."users" AS "j0" ON ("j0"."id") = ("public"."incidents"."citizenId") WHERE ("j0"."zoneId" = $1 AND ("j0"."id" IS NOT NULL)) ORDER BY "public"."incidents"."createdAt" DESC OFFSET $2
prisma:query SELECT "public"."users"."id", "public"."users"."zoneId" FROM "public"."users" WHERE ("public"."users"."id" = $1 AND 1=1) LIMIT $2 OFFSET $3
prisma:query SELECT "public"."incidents"."id", "public"."incidents"."type"::text, "public"."incidents"."description", "public"."incidents"."status"::text, "public"."incidents"."imageUrl", "public"."incidents"."lat", "public"."incidents"."lng", "public"."incidents"."address", "public"."incidents"."citizenId", "public"."incidents"."trackingCode", "public"."incidents"."createdAt", "public"."incidents"."updatedAt" FROM "public"."incidents" LEFT JOIN "public"."users" AS "j0" ON ("j0"."id") = ("public"."incidents"."citizenId") WHERE ("j0"."zoneId" = $1 AND ("j0"."id" IS NOT NULL)) ORDER BY "public"."incidents"."createdAt" DESC OFFSET $2
prisma:query SELECT 1
prisma:query SELECT 1
prisma:query SELECT "public"."users"."id", "public"."users"."zoneId" FROM "public"."users" WHERE ("public"."users"."id" = $1 AND 1=1) LIMIT $2 OFFSET $3
prisma:query SELECT "public"."users"."id", "public"."users"."zoneId" FROM "public"."users" WHERE ("public"."users"."id" = $1 AND 1=1) LIMIT $2 OFFSET $3
prisma:query SELECT "public"."waste_types"."id", "public"."waste_types"."name", "public"."waste_types"."category"::text, "public"."waste_types"."description", "public"."waste_types"."colorCode", "public"."waste_types"."examples", "public"."waste_types"."instructions", "public"."waste_types"."isActive", "public"."waste_types"."createdAt", "public"."waste_types"."updatedAt" FROM "public"."waste_types" WHERE "public"."waste_types"."isActive" = $1 ORDER BY "public"."waste_types"."category" ASC, "public"."waste_types"."name" ASC OFFSET $2
prisma:query INSERT INTO "public"."learn_visits" ("id","userId","zoneId","createdAt") VALUES ($1,$2,$3,$4) RETURNING "public"."learn_visits"."id", "public"."learn_visits"."userId", "public"."learn_visits"."zoneId", "public"."learn_visits"."createdAt"
prisma:query INSERT INTO "public"."learn_visits" ("id","userId","zoneId","createdAt") VALUES ($1,$2,$3,$4) RETURNING "public"."learn_visits"."id", "public"."learn_visits"."userId", "public"."learn_visits"."zoneId", "public"."learn_visits"."createdAt"
prisma:query SELECT "public"."waste_types"."id", "public"."waste_types"."name", "public"."waste_types"."category"::text, "public"."waste_types"."description", "public"."waste_types"."colorCode", "public"."waste_types"."examples", "public"."waste_types"."instructions", "public"."waste_types"."isActive", "public"."waste_types"."createdAt", "public"."waste_types"."updatedAt" FROM "public"."waste_types" WHERE "public"."waste_types"."isActive" = $1 ORDER BY "public"."waste_types"."category" ASC, "public"."waste_types"."name" ASC OFFSET $2
prisma:query SELECT "public"."users"."id", "public"."users"."zoneId" FROM "public"."users" WHERE ("public"."users"."id" = $1 AND 1=1) LIMIT $2 OFFSET $3
prisma:query SELECT "public"."incidents"."id", "public"."incidents"."type"::text, "public"."incidents"."description", "public"."incidents"."status"::text, "public"."incidents"."imageUrl", "public"."incidents"."lat", "public"."incidents"."lng", "public"."incidents"."address", "public"."incidents"."citizenId", "public"."incidents"."trackingCode", "public"."incidents"."createdAt", "public"."incidents"."updatedAt" FROM "public"."incidents" LEFT JOIN "public"."users" AS "j0" ON ("j0"."id") = ("public"."incidents"."citizenId") WHERE ("j0"."zoneId" = $1 AND ("j0"."id" IS NOT NULL)) ORDER BY "public"."incidents"."createdAt" DESC OFFSET $2
prisma:query SELECT "public"."users"."id", "public"."users"."zoneId" FROM "public"."users" WHERE ("public"."users"."id" = $1 AND 1=1) LIMIT $2 OFFSET $3
prisma:query SELECT "public"."incidents"."id", "public"."incidents"."type"::text, "public"."incidents"."description", "public"."incidents"."status"::text, "public"."incidents"."imageUrl", "public"."incidents"."lat", "public"."incidents"."lng", "public"."incidents"."address", "public"."incidents"."citizenId", "public"."incidents"."trackingCode", "public"."incidents"."createdAt", "public"."incidents"."updatedAt" FROM "public"."incidents" LEFT JOIN "public"."users" AS "j0" ON ("j0"."id") = ("public"."incidents"."citizenId") WHERE ("j0"."zoneId" = $1 AND ("j0"."id" IS NOT NULL)) ORDER BY "public"."incidents"."createdAt" DESC OFFSET $2
prisma:query SELECT "public"."zones"."id", "public"."zones"."name", "public"."zones"."description", "public"."zones"."district", "public"."zones"."color", "public"."zones"."isActive", "public"."zones"."geometry", "public"."zones"."createdById", "public"."zones"."createdAt", "public"."zones"."updatedAt", COALESCE("aggr_selection_0_User"."_aggr_count_users", 0) AS "_aggr_count_users", COALESCE("aggr_selection_1_Route"."_aggr_count_routes", 0) AS "_aggr_count_routes" FROM "public"."zones" LEFT JOIN (SELECT "public"."users"."zoneId", COUNT(*) AS "_aggr_count_users" FROM "public"."users" WHERE 1=1 GROUP BY "public"."users"."zoneId") AS "aggr_selection_0_User" ON ("public"."zones"."id" = "aggr_selection_0_User"."zoneId") LEFT JOIN (SELECT "public"."routes"."zoneId", COUNT(*) AS "_aggr_count_routes" FROM "public"."routes" WHERE 1=1 GROUP BY "public"."routes"."zoneId") AS "aggr_selection_1_Route" ON ("public"."zones"."id" = "aggr_selection_1_Route"."zoneId") WHERE 1=1 ORDER BY "public"."zones"."createdAt" DESC OFFSET $1
prisma:query SELECT "public"."routes"."id", "public"."routes"."name", "public"."routes"."status"::text, "public"."routes"."zoneId", "public"."routes"."vehicleId", "public"."routes"."operatorId", "public"."routes"."createdById", "public"."routes"."dayOfWeek", "public"."routes"."startTime", "public"."routes"."estimatedDuration", "public"."routes"."pathGeometry", "public"."routes"."createdAt", "public"."routes"."updatedAt", COALESCE("aggr_selection_0_Waypoint"."_aggr_count_waypoints", 0) AS "_aggr_count_waypoints" FROM "public"."routes" LEFT JOIN (SELECT "public"."waypoints"."routeId", COUNT(*) AS "_aggr_count_waypoints" FROM "public"."waypoints" WHERE 1=1 GROUP BY "public"."waypoints"."routeId") AS "aggr_selection_0_Waypoint" ON ("public"."routes"."id" = "aggr_selection_0_Waypoint"."routeId") WHERE 1=1 ORDER BY "public"."routes"."createdAt" DESC OFFSET $1
prisma:query SELECT "public"."users"."id", "public"."users"."firstName", "public"."users"."lastName" FROM "public"."users" WHERE "public"."users"."id" IN ($1) OFFSET $2
prisma:query SELECT "public"."zones"."id", "public"."zones"."name", "public"."zones"."color" FROM "public"."zones" WHERE "public"."zones"."id" IN ($1,$2,$3,$4,$5,$6,$7,$8,$9) OFFSET $10
prisma:query SELECT "public"."vehicles"."id", "public"."vehicles"."plate", "public"."vehicles"."type"::text FROM "public"."vehicles" WHERE "public"."vehicles"."id" IN ($1,$2) OFFSET $3
prisma:query SELECT "public"."users"."id", "public"."users"."firstName", "public"."users"."lastName" FROM "public"."users" WHERE "public"."users"."id" IN ($1,$2,$3,$4,$5,$6,$7,$8,$9) OFFSET $10
prisma:query SELECT "public"."zones"."id", "public"."zones"."name", "public"."zones"."description", "public"."zones"."district", "public"."zones"."color", "public"."zones"."isActive", "public"."zones"."geometry", "public"."zones"."createdById", "public"."zones"."createdAt", "public"."zones"."updatedAt", COALESCE("aggr_selection_0_User"."_aggr_count_users", 0) AS "_aggr_count_users", COALESCE("aggr_selection_1_Route"."_aggr_count_routes", 0) AS "_aggr_count_routes" FROM "public"."zones" LEFT JOIN (SELECT "public"."users"."zoneId", COUNT(*) AS "_aggr_count_users" FROM "public"."users" WHERE 1=1 GROUP BY "public"."users"."zoneId") AS "aggr_selection_0_User" ON ("public"."zones"."id" = "aggr_selection_0_User"."zoneId") LEFT JOIN (SELECT "public"."routes"."zoneId", COUNT(*) AS "_aggr_count_routes" FROM "public"."routes" WHERE 1=1 GROUP BY "public"."routes"."zoneId") AS "aggr_selection_1_Route" ON ("public"."zones"."id" = "aggr_selection_1_Route"."zoneId") WHERE 1=1 ORDER BY "public"."zones"."createdAt" DESC OFFSET $1
prisma:query SELECT "public"."users"."id", "public"."users"."firstName", "public"."users"."lastName" FROM "public"."users" WHERE "public"."users"."id" IN ($1) OFFSET $2
prisma:query SELECT "public"."routes"."id", "public"."routes"."name", "public"."routes"."status"::text, "public"."routes"."zoneId", "public"."routes"."vehicleId", "public"."routes"."operatorId", "public"."routes"."createdById", "public"."routes"."dayOfWeek", "public"."routes"."startTime", "public"."routes"."estimatedDuration", "public"."routes"."pathGeometry", "public"."routes"."createdAt", "public"."routes"."updatedAt", COALESCE("aggr_selection_0_Waypoint"."_aggr_count_waypoints", 0) AS "_aggr_count_waypoints" FROM "public"."routes" LEFT JOIN (SELECT "public"."waypoints"."routeId", COUNT(*) AS "_aggr_count_waypoints" FROM "public"."waypoints" WHERE 1=1 GROUP BY "public"."waypoints"."routeId") AS "aggr_selection_0_Waypoint" ON ("public"."routes"."id" = "aggr_selection_0_Waypoint"."routeId") WHERE 1=1 ORDER BY "public"."routes"."createdAt" DESC OFFSET $1
prisma:query SELECT "public"."zones"."id", "public"."zones"."name", "public"."zones"."color" FROM "public"."zones" WHERE "public"."zones"."id" IN ($1,$2,$3,$4,$5,$6,$7,$8,$9) OFFSET $10
prisma:query SELECT "public"."vehicles"."id", "public"."vehicles"."plate", "public"."vehicles"."type"::text FROM "public"."vehicles" WHERE "public"."vehicles"."id" IN ($1,$2) OFFSET $3
prisma:query SELECT "public"."users"."id", "public"."users"."firstName", "public"."users"."lastName" FROM "public"."users" WHERE "public"."users"."id" IN ($1,$2,$3,$4,$5,$6,$7,$8,$9) OFFSET $10
prisma:query SELECT "public"."zones"."id", "public"."zones"."name", "public"."zones"."description", "public"."zones"."district", "public"."zones"."color", "public"."zones"."isActive", "public"."zones"."geometry", "public"."zones"."createdById", "public"."zones"."createdAt", "public"."zones"."updatedAt", COALESCE("aggr_selection_0_User"."_aggr_count_users", 0) AS "_aggr_count_users", COALESCE("aggr_selection_1_Route"."_aggr_count_routes", 0) AS "_aggr_count_routes" FROM "public"."zones" LEFT JOIN (SELECT "public"."users"."zoneId", COUNT(*) AS "_aggr_count_users" FROM "public"."users" WHERE 1=1 GROUP BY "public"."users"."zoneId") AS "aggr_selection_0_User" ON ("public"."zones"."id" = "aggr_selection_0_User"."zoneId") LEFT JOIN (SELECT "public"."routes"."zoneId", COUNT(*) AS "_aggr_count_routes" FROM "public"."routes" WHERE 1=1 GROUP BY "public"."routes"."zoneId") AS "aggr_selection_1_Route" ON ("public"."zones"."id" = "aggr_selection_1_Route"."zoneId") WHERE 1=1 ORDER BY "public"."zones"."createdAt" DESC OFFSET $1
prisma:query SELECT "public"."routes"."id", "public"."routes"."name", "public"."routes"."status"::text, "public"."routes"."zoneId", "public"."routes"."vehicleId", "public"."routes"."operatorId", "public"."routes"."createdById", "public"."routes"."dayOfWeek", "public"."routes"."startTime", "public"."routes"."estimatedDuration", "public"."routes"."pathGeometry", "public"."routes"."createdAt", "public"."routes"."updatedAt", COALESCE("aggr_selection_0_Waypoint"."_aggr_count_waypoints", 0) AS "_aggr_count_waypoints" FROM "public"."routes" LEFT JOIN (SELECT "public"."waypoints"."routeId", COUNT(*) AS "_aggr_count_waypoints" FROM "public"."waypoints" WHERE 1=1 GROUP BY "public"."waypoints"."routeId") AS "aggr_selection_0_Waypoint" ON ("public"."routes"."id" = "aggr_selection_0_Waypoint"."routeId") WHERE 1=1 ORDER BY "public"."routes"."createdAt" DESC OFFSET $1
prisma:query SELECT "public"."users"."id", "public"."users"."firstName", "public"."users"."lastName" FROM "public"."users" WHERE "public"."users"."id" IN ($1) OFFSET $2
prisma:query SELECT "public"."zones"."id", "public"."zones"."name", "public"."zones"."color" FROM "public"."zones" WHERE "public"."zones"."id" IN ($1,$2,$3,$4,$5,$6,$7,$8,$9) OFFSET $10
prisma:query SELECT "public"."vehicles"."id", "public"."vehicles"."plate", "public"."vehicles"."type"::text FROM "public"."vehicles" WHERE "public"."vehicles"."id" IN ($1,$2) OFFSET $3
prisma:query SELECT "public"."users"."id", "public"."users"."firstName", "public"."users"."lastName" FROM "public"."users" WHERE "public"."users"."id" IN ($1,$2,$3,$4,$5,$6,$7,$8,$9) OFFSET $10
prisma:query SELECT "public"."zones"."id", "public"."zones"."name", "public"."zones"."description", "public"."zones"."district", "public"."zones"."color", "public"."zones"."isActive", "public"."zones"."geometry", "public"."zones"."createdById", "public"."zones"."createdAt", "public"."zones"."updatedAt", COALESCE("aggr_selection_0_User"."_aggr_count_users", 0) AS "_aggr_count_users", COALESCE("aggr_selection_1_Route"."_aggr_count_routes", 0) AS "_aggr_count_routes" FROM "public"."zones" LEFT JOIN (SELECT "public"."users"."zoneId", COUNT(*) AS "_aggr_count_users" FROM "public"."users" WHERE 1=1 GROUP BY "public"."users"."zoneId") AS "aggr_selection_0_User" ON ("public"."zones"."id" = "aggr_selection_0_User"."zoneId") LEFT JOIN (SELECT "public"."routes"."zoneId", COUNT(*) AS "_aggr_count_routes" FROM "public"."routes" WHERE 1=1 GROUP BY "public"."routes"."zoneId") AS "aggr_selection_1_Route" ON ("public"."zones"."id" = "aggr_selection_1_Route"."zoneId") WHERE 1=1 ORDER BY "public"."zones"."createdAt" DESC OFFSET $1
prisma:query SELECT "public"."users"."id", "public"."users"."firstName", "public"."users"."lastName" FROM "public"."users" WHERE "public"."users"."id" IN ($1) OFFSET $2
prisma:query SELECT "public"."routes"."id", "public"."routes"."name", "public"."routes"."status"::text, "public"."routes"."zoneId", "public"."routes"."vehicleId", "public"."routes"."operatorId", "public"."routes"."createdById", "public"."routes"."dayOfWeek", "public"."routes"."startTime", "public"."routes"."estimatedDuration", "public"."routes"."pathGeometry", "public"."routes"."createdAt", "public"."routes"."updatedAt", COALESCE("aggr_selection_0_Waypoint"."_aggr_count_waypoints", 0) AS "_aggr_count_waypoints" FROM "public"."routes" LEFT JOIN (SELECT "public"."waypoints"."routeId", COUNT(*) AS "_aggr_count_waypoints" FROM "public"."waypoints" WHERE 1=1 GROUP BY "public"."waypoints"."routeId") AS "aggr_selection_0_Waypoint" ON ("public"."routes"."id" = "aggr_selection_0_Waypoint"."routeId") WHERE 1=1 ORDER BY "public"."routes"."createdAt" DESC OFFSET $1
prisma:query SELECT "public"."zones"."id", "public"."zones"."name", "public"."zones"."color" FROM "public"."zones" WHERE "public"."zones"."id" IN ($1,$2,$3,$4,$5,$6,$7,$8,$9) OFFSET $10
prisma:query SELECT "public"."vehicles"."id", "public"."vehicles"."plate", "public"."vehicles"."type"::text FROM "public"."vehicles" WHERE "public"."vehicles"."id" IN ($1,$2) OFFSET $3
prisma:query SELECT "public"."users"."id", "public"."users"."firstName", "public"."users"."lastName" FROM "public"."users" WHERE "public"."users"."id" IN ($1,$2,$3,$4,$5,$6,$7,$8,$9) OFFSET $10
prisma:query SELECT "public"."routes"."id", "public"."routes"."name", "public"."routes"."status"::text, "public"."routes"."zoneId", "public"."routes"."vehicleId", "public"."routes"."operatorId", "public"."routes"."createdById", "public"."routes"."dayOfWeek", "public"."routes"."startTime", "public"."routes"."estimatedDuration", "public"."routes"."pathGeometry", "public"."routes"."createdAt", "public"."routes"."updatedAt", COALESCE("aggr_selection_0_Waypoint"."_aggr_count_waypoints", 0) AS "_aggr_count_waypoints" FROM "public"."routes" LEFT JOIN (SELECT "public"."waypoints"."routeId", COUNT(*) AS "_aggr_count_waypoints" FROM "public"."waypoints" WHERE 1=1 GROUP BY "public"."waypoints"."routeId") AS "aggr_selection_0_Waypoint" ON ("public"."routes"."id" = "aggr_selection_0_Waypoint"."routeId") WHERE "public"."routes"."zoneId" = $1 ORDER BY "public"."routes"."createdAt" DESC OFFSET $2
prisma:query SELECT "public"."zones"."id", "public"."zones"."name", "public"."zones"."color" FROM "public"."zones" WHERE "public"."zones"."id" IN ($1) OFFSET $2
prisma:query SELECT "public"."vehicles"."id", "public"."vehicles"."plate", "public"."vehicles"."type"::text FROM "public"."vehicles" WHERE "public"."vehicles"."id" IN ($1) OFFSET $2
prisma:query SELECT "public"."users"."id", "public"."users"."firstName", "public"."users"."lastName" FROM "public"."users" WHERE "public"."users"."id" IN ($1) OFFSET $2
prisma:query SELECT 1
prisma:query SELECT "public"."users"."id", "public"."users"."zoneId" FROM "public"."users" WHERE ("public"."users"."id" = $1 AND 1=1) LIMIT $2 OFFSET $3
prisma:query SELECT "public"."incidents"."id", "public"."incidents"."type"::text, "public"."incidents"."description", "public"."incidents"."status"::text, "public"."incidents"."imageUrl", "public"."incidents"."lat", "public"."incidents"."lng", "public"."incidents"."address", "public"."incidents"."citizenId", "public"."incidents"."trackingCode", "public"."incidents"."createdAt", "public"."incidents"."updatedAt" FROM "public"."incidents" LEFT JOIN "public"."users" AS "j0" ON ("j0"."id") = ("public"."incidents"."citizenId") WHERE ("j0"."zoneId" = $1 AND ("j0"."id" IS NOT NULL)) ORDER BY "public"."incidents"."createdAt" DESC OFFSET $2
prisma:query SELECT "public"."users"."id", "public"."users"."zoneId" FROM "public"."users" WHERE ("public"."users"."id" = $1 AND 1=1) LIMIT $2 OFFSET $3
prisma:query SELECT "public"."incidents"."id", "public"."incidents"."type"::text, "public"."incidents"."description", "public"."incidents"."status"::text, "public"."incidents"."imageUrl", "public"."incidents"."lat", "public"."incidents"."lng", "public"."incidents"."address", "public"."incidents"."citizenId", "public"."incidents"."trackingCode", "public"."incidents"."createdAt", "public"."incidents"."updatedAt" FROM "public"."incidents" LEFT JOIN "public"."users" AS "j0" ON ("j0"."id") = ("public"."incidents"."citizenId") WHERE ("j0"."zoneId" = $1 AND ("j0"."id" IS NOT NULL)) ORDER BY "public"."incidents"."createdAt" DESC OFFSET $2
prisma:query SELECT 1
prisma:query SELECT "public"."waste_types"."id", "public"."waste_types"."name", "public"."waste_types"."category"::text, "public"."waste_types"."description", "public"."waste_types"."colorCode", "public"."waste_types"."examples", "public"."waste_types"."instructions", "public"."waste_types"."isActive", "public"."waste_types"."createdAt", "public"."waste_types"."updatedAt" FROM "public"."waste_types" WHERE "public"."waste_types"."isActive" = $1 ORDER BY "public"."waste_types"."category" ASC, "public"."waste_types"."name" ASC OFFSET $2
prisma:query SELECT 1
prisma:query SELECT "public"."users"."id", "public"."users"."zoneId" FROM "public"."users" WHERE ("public"."users"."id" = $1 AND 1=1) LIMIT $2 OFFSET $3
prisma:query SELECT "public"."users"."id", "public"."users"."zoneId" FROM "public"."users" WHERE ("public"."users"."id" = $1 AND 1=1) LIMIT $2 OFFSET $3
prisma:query SELECT "public"."waste_types"."id", "public"."waste_types"."name", "public"."waste_types"."category"::text, "public"."waste_types"."description", "public"."waste_types"."colorCode", "public"."waste_types"."examples", "public"."waste_types"."instructions", "public"."waste_types"."isActive", "public"."waste_types"."createdAt", "public"."waste_types"."updatedAt" FROM "public"."waste_types" WHERE "public"."waste_types"."isActive" = $1 ORDER BY "public"."waste_types"."category" ASC, "public"."waste_types"."name" ASC OFFSET $2
prisma:query INSERT INTO "public"."learn_visits" ("id","userId","zoneId","createdAt") VALUES ($1,$2,$3,$4) RETURNING "public"."learn_visits"."id", "public"."learn_visits"."userId", "public"."learn_visits"."zoneId", "public"."learn_visits"."createdAt"
prisma:query INSERT INTO "public"."learn_visits" ("id","userId","zoneId","createdAt") VALUES ($1,$2,$3,$4) RETURNING "public"."learn_visits"."id", "public"."learn_visits"."userId", "public"."learn_visits"."zoneId", "public"."learn_visits"."createdAt"
prisma:query SELECT "public"."waste_types"."id", "public"."waste_types"."name", "public"."waste_types"."category"::text, "public"."waste_types"."description", "public"."waste_types"."colorCode", "public"."waste_types"."examples", "public"."waste_types"."instructions", "public"."waste_types"."isActive", "public"."waste_types"."createdAt", "public"."waste_types"."updatedAt" FROM "public"."waste_types" WHERE "public"."waste_types"."isActive" = $1 ORDER BY "public"."waste_types"."category" ASC, "public"."waste_types"."name" ASC OFFSET $2
prisma:query SELECT "public"."waste_types"."id", "public"."waste_types"."name", "public"."waste_types"."category"::text, "public"."waste_types"."description", "public"."waste_types"."colorCode", "public"."waste_types"."examples", "public"."waste_types"."instructions", "public"."waste_types"."isActive", "public"."waste_types"."createdAt", "public"."waste_types"."updatedAt" FROM "public"."waste_types" WHERE "public"."waste_types"."isActive" = $1 ORDER BY "public"."waste_types"."category" ASC, "public"."waste_types"."name" ASC OFFSET $2
prisma:query SELECT "public"."vehicles"."id", "public"."vehicles"."plate", "public"."vehicles"."type"::text, "public"."vehicles"."brand", "public"."vehicles"."model", "public"."vehicles"."year", "public"."vehicles"."capacity", "public"."vehicles"."status"::text, "public"."vehicles"."isActive", "public"."vehicles"."currentLat", "public"."vehicles"."currentLng", "public"."vehicles"."createdAt", "public"."vehicles"."updatedAt" FROM "public"."vehicles" WHERE 1=1 ORDER BY "public"."vehicles"."createdAt" DESC OFFSET $1
prisma:query SELECT "public"."routes"."id", "public"."routes"."name", "public"."routes"."status"::text, "public"."routes"."zoneId", "public"."routes"."vehicleId", "public"."routes"."operatorId", "public"."routes"."createdById", "public"."routes"."dayOfWeek", "public"."routes"."startTime", "public"."routes"."estimatedDuration", "public"."routes"."pathGeometry", "public"."routes"."createdAt", "public"."routes"."updatedAt", COALESCE("aggr_selection_0_Waypoint"."_aggr_count_waypoints", 0) AS "_aggr_count_waypoints" FROM "public"."routes" LEFT JOIN (SELECT "public"."waypoints"."routeId", COUNT(*) AS "_aggr_count_waypoints" FROM "public"."waypoints" WHERE 1=1 GROUP BY "public"."waypoints"."routeId") AS "aggr_selection_0_Waypoint" ON ("public"."routes"."id" = "aggr_selection_0_Waypoint"."routeId") WHERE 1=1 ORDER BY "public"."routes"."createdAt" DESC OFFSET $1
prisma:query SELECT "public"."zones"."id", "public"."zones"."name", "public"."zones"."description", "public"."zones"."district", "public"."zones"."color", "public"."zones"."isActive", "public"."zones"."geometry", "public"."zones"."createdById", "public"."zones"."createdAt", "public"."zones"."updatedAt", COALESCE("aggr_selection_0_User"."_aggr_count_users", 0) AS "_aggr_count_users", COALESCE("aggr_selection_1_Route"."_aggr_count_routes", 0) AS "_aggr_count_routes" FROM "public"."zones" LEFT JOIN (SELECT "public"."users"."zoneId", COUNT(*) AS "_aggr_count_users" FROM "public"."users" WHERE 1=1 GROUP BY "public"."users"."zoneId") AS "aggr_selection_0_User" ON ("public"."zones"."id" = "aggr_selection_0_User"."zoneId") LEFT JOIN (SELECT "public"."routes"."zoneId", COUNT(*) AS "_aggr_count_routes" FROM "public"."routes" WHERE 1=1 GROUP BY "public"."routes"."zoneId") AS "aggr_selection_1_Route" ON ("public"."zones"."id" = "aggr_selection_1_Route"."zoneId") WHERE 1=1 ORDER BY "public"."zones"."createdAt" DESC OFFSET $1
prisma:query SELECT "public"."users"."id", "public"."users"."firstName", "public"."users"."lastName" FROM "public"."users" WHERE "public"."users"."id" IN ($1) OFFSET $2
prisma:query SELECT "public"."zones"."id", "public"."zones"."name", "public"."zones"."color" FROM "public"."zones" WHERE "public"."zones"."id" IN ($1,$2,$3,$4,$5,$6,$7,$8,$9) OFFSET $10
prisma:query SELECT "public"."vehicles"."id", "public"."vehicles"."plate", "public"."vehicles"."type"::text FROM "public"."vehicles" WHERE "public"."vehicles"."id" IN ($1,$2) OFFSET $3
prisma:query SELECT "public"."users"."id", "public"."users"."firstName", "public"."users"."lastName" FROM "public"."users" WHERE "public"."users"."id" IN ($1,$2,$3,$4,$5,$6,$7,$8,$9) OFFSET $10
prisma:query SELECT "public"."zones"."id", "public"."zones"."name", "public"."zones"."description", "public"."zones"."district", "public"."zones"."color", "public"."zones"."isActive", "public"."zones"."geometry", "public"."zones"."createdById", "public"."zones"."createdAt", "public"."zones"."updatedAt", COALESCE("aggr_selection_0_User"."_aggr_count_users", 0) AS "_aggr_count_users", COALESCE("aggr_selection_1_Route"."_aggr_count_routes", 0) AS "_aggr_count_routes" FROM "public"."zones" LEFT JOIN (SELECT "public"."users"."zoneId", COUNT(*) AS "_aggr_count_users" FROM "public"."users" WHERE 1=1 GROUP BY "public"."users"."zoneId") AS "aggr_selection_0_User" ON ("public"."zones"."id" = "aggr_selection_0_User"."zoneId") LEFT JOIN (SELECT "public"."routes"."zoneId", COUNT(*) AS "_aggr_count_routes" FROM "public"."routes" WHERE 1=1 GROUP BY "public"."routes"."zoneId") AS "aggr_selection_1_Route" ON ("public"."zones"."id" = "aggr_selection_1_Route"."zoneId") WHERE 1=1 ORDER BY "public"."zones"."createdAt" DESC OFFSET $1
prisma:query SELECT "public"."users"."id", "public"."users"."firstName", "public"."users"."lastName" FROM "public"."users" WHERE "public"."users"."id" IN ($1) OFFSET $2
prisma:query SELECT "public"."zones"."id", "public"."zones"."name", "public"."zones"."description", "public"."zones"."district", "public"."zones"."color", "public"."zones"."isActive", "public"."zones"."geometry", "public"."zones"."createdById", "public"."zones"."createdAt", "public"."zones"."updatedAt", COALESCE("aggr_selection_0_User"."_aggr_count_users", 0) AS "_aggr_count_users", COALESCE("aggr_selection_1_Route"."_aggr_count_routes", 0) AS "_aggr_count_routes" FROM "public"."zones" LEFT JOIN (SELECT "public"."users"."zoneId", COUNT(*) AS "_aggr_count_users" FROM "public"."users" WHERE 1=1 GROUP BY "public"."users"."zoneId") AS "aggr_selection_0_User" ON ("public"."zones"."id" = "aggr_selection_0_User"."zoneId") LEFT JOIN (SELECT "public"."routes"."zoneId", COUNT(*) AS "_aggr_count_routes" FROM "public"."routes" WHERE 1=1 GROUP BY "public"."routes"."zoneId") AS "aggr_selection_1_Route" ON ("public"."zones"."id" = "aggr_selection_1_Route"."zoneId") WHERE 1=1 ORDER BY "public"."zones"."createdAt" DESC OFFSET $1
prisma:query SELECT "public"."users"."id", "public"."users"."firstName", "public"."users"."lastName" FROM "public"."users" WHERE "public"."users"."id" IN ($1) OFFSET $2
prisma:query SELECT "public"."zones"."id", "public"."zones"."name", "public"."zones"."description", "public"."zones"."district", "public"."zones"."color", "public"."zones"."isActive", "public"."zones"."geometry", "public"."zones"."createdById", "public"."zones"."createdAt", "public"."zones"."updatedAt", COALESCE("aggr_selection_0_User"."_aggr_count_users", 0) AS "_aggr_count_users", COALESCE("aggr_selection_1_Route"."_aggr_count_routes", 0) AS "_aggr_count_routes" FROM "public"."zones" LEFT JOIN (SELECT "public"."users"."zoneId", COUNT(*) AS "_aggr_count_users" FROM "public"."users" WHERE 1=1 GROUP BY "public"."users"."zoneId") AS "aggr_selection_0_User" ON ("public"."zones"."id" = "aggr_selection_0_User"."zoneId") LEFT JOIN (SELECT "public"."routes"."zoneId", COUNT(*) AS "_aggr_count_routes" FROM "public"."routes" WHERE 1=1 GROUP BY "public"."routes"."zoneId") AS "aggr_selection_1_Route" ON ("public"."zones"."id" = "aggr_selection_1_Route"."zoneId") WHERE 1=1 ORDER BY "public"."zones"."createdAt" DESC OFFSET $1
prisma:query SELECT "public"."users"."id", "public"."users"."firstName", "public"."users"."lastName" FROM "public"."users" WHERE "public"."users"."id" IN ($1) OFFSET $2
prisma:query SELECT "public"."routes"."id", "public"."routes"."name", "public"."routes"."status"::text, "public"."routes"."zoneId", "public"."routes"."vehicleId", "public"."routes"."operatorId", "public"."routes"."createdById", "public"."routes"."dayOfWeek", "public"."routes"."startTime", "public"."routes"."estimatedDuration", "public"."routes"."pathGeometry", "public"."routes"."createdAt", "public"."routes"."updatedAt", COALESCE("aggr_selection_0_Waypoint"."_aggr_count_waypoints", 0) AS "_aggr_count_waypoints" FROM "public"."routes" LEFT JOIN (SELECT "public"."waypoints"."routeId", COUNT(*) AS "_aggr_count_waypoints" FROM "public"."waypoints" WHERE 1=1 GROUP BY "public"."waypoints"."routeId") AS "aggr_selection_0_Waypoint" ON ("public"."routes"."id" = "aggr_selection_0_Waypoint"."routeId") WHERE 1=1 ORDER BY "public"."routes"."createdAt" DESC OFFSET $1
prisma:query SELECT "public"."zones"."id", "public"."zones"."name", "public"."zones"."color" FROM "public"."zones" WHERE "public"."zones"."id" IN ($1,$2,$3,$4,$5,$6,$7,$8,$9) OFFSET $10
prisma:query SELECT "public"."vehicles"."id", "public"."vehicles"."plate", "public"."vehicles"."type"::text FROM "public"."vehicles" WHERE "public"."vehicles"."id" IN ($1,$2) OFFSET $3
prisma:query SELECT "public"."users"."id", "public"."users"."firstName", "public"."users"."lastName" FROM "public"."users" WHERE "public"."users"."id" IN ($1,$2,$3,$4,$5,$6,$7,$8,$9) OFFSET $10
prisma:query SELECT "public"."zones"."id", "public"."zones"."name", "public"."zones"."description", "public"."zones"."district", "public"."zones"."color", "public"."zones"."isActive", "public"."zones"."geometry", "public"."zones"."createdById", "public"."zones"."createdAt", "public"."zones"."updatedAt", COALESCE("aggr_selection_0_User"."_aggr_count_users", 0) AS "_aggr_count_users", COALESCE("aggr_selection_1_Route"."_aggr_count_routes", 0) AS "_aggr_count_routes" FROM "public"."zones" LEFT JOIN (SELECT "public"."users"."zoneId", COUNT(*) AS "_aggr_count_users" FROM "public"."users" WHERE 1=1 GROUP BY "public"."users"."zoneId") AS "aggr_selection_0_User" ON ("public"."zones"."id" = "aggr_selection_0_User"."zoneId") LEFT JOIN (SELECT "public"."routes"."zoneId", COUNT(*) AS "_aggr_count_routes" FROM "public"."routes" WHERE 1=1 GROUP BY "public"."routes"."zoneId") AS "aggr_selection_1_Route" ON ("public"."zones"."id" = "aggr_selection_1_Route"."zoneId") WHERE 1=1 ORDER BY "public"."zones"."createdAt" DESC OFFSET $1
prisma:query SELECT "public"."users"."id", "public"."users"."firstName", "public"."users"."lastName" FROM "public"."users" WHERE "public"."users"."id" IN ($1) OFFSET $2
prisma:query SELECT "public"."routes"."id", "public"."routes"."name", "public"."routes"."status"::text, "public"."routes"."zoneId", "public"."routes"."vehicleId", "public"."routes"."operatorId", "public"."routes"."createdById", "public"."routes"."dayOfWeek", "public"."routes"."startTime", "public"."routes"."estimatedDuration", "public"."routes"."pathGeometry", "public"."routes"."createdAt", "public"."routes"."updatedAt", COALESCE("aggr_selection_0_Waypoint"."_aggr_count_waypoints", 0) AS "_aggr_count_waypoints" FROM "public"."routes" LEFT JOIN (SELECT "public"."waypoints"."routeId", COUNT(*) AS "_aggr_count_waypoints" FROM "public"."waypoints" WHERE 1=1 GROUP BY "public"."waypoints"."routeId") AS "aggr_selection_0_Waypoint" ON ("public"."routes"."id" = "aggr_selection_0_Waypoint"."routeId") WHERE 1=1 ORDER BY "public"."routes"."createdAt" DESC OFFSET $1
prisma:query SELECT "public"."zones"."id", "public"."zones"."name", "public"."zones"."color" FROM "public"."zones" WHERE "public"."zones"."id" IN ($1,$2,$3,$4,$5,$6,$7,$8,$9) OFFSET $10
prisma:query SELECT "public"."vehicles"."id", "public"."vehicles"."plate", "public"."vehicles"."type"::text FROM "public"."vehicles" WHERE "public"."vehicles"."id" IN ($1,$2) OFFSET $3
prisma:query SELECT "public"."users"."id", "public"."users"."firstName", "public"."users"."lastName" FROM "public"."users" WHERE "public"."users"."id" IN ($1,$2,$3,$4,$5,$6,$7,$8,$9) OFFSET $10
prisma:query SELECT "public"."zones"."id", "public"."zones"."name", "public"."zones"."description", "public"."zones"."district", "public"."zones"."color", "public"."zones"."isActive", "public"."zones"."geometry", "public"."zones"."createdById", "public"."zones"."createdAt", "public"."zones"."updatedAt", COALESCE("aggr_selection_0_User"."_aggr_count_users", 0) AS "_aggr_count_users", COALESCE("aggr_selection_1_Route"."_aggr_count_routes", 0) AS "_aggr_count_routes" FROM "public"."zones" LEFT JOIN (SELECT "public"."users"."zoneId", COUNT(*) AS "_aggr_count_users" FROM "public"."users" WHERE 1=1 GROUP BY "public"."users"."zoneId") AS "aggr_selection_0_User" ON ("public"."zones"."id" = "aggr_selection_0_User"."zoneId") LEFT JOIN (SELECT "public"."routes"."zoneId", COUNT(*) AS "_aggr_count_routes" FROM "public"."routes" WHERE 1=1 GROUP BY "public"."routes"."zoneId") AS "aggr_selection_1_Route" ON ("public"."zones"."id" = "aggr_selection_1_Route"."zoneId") WHERE 1=1 ORDER BY "public"."zones"."createdAt" DESC OFFSET $1
prisma:query SELECT "public"."users"."id", "public"."users"."firstName", "public"."users"."lastName" FROM "public"."users" WHERE "public"."users"."id" IN ($1) OFFSET $2
prisma:query SELECT "public"."zones"."id", "public"."zones"."name", "public"."zones"."description", "public"."zones"."district", "public"."zones"."color", "public"."zones"."isActive", "public"."zones"."geometry", "public"."zones"."createdById", "public"."zones"."createdAt", "public"."zones"."updatedAt", COALESCE("aggr_selection_0_User"."_aggr_count_users", 0) AS "_aggr_count_users", COALESCE("aggr_selection_1_Route"."_aggr_count_routes", 0) AS "_aggr_count_routes" FROM "public"."zones" LEFT JOIN (SELECT "public"."users"."zoneId", COUNT(*) AS "_aggr_count_users" FROM "public"."users" WHERE 1=1 GROUP BY "public"."users"."zoneId") AS "aggr_selection_0_User" ON ("public"."zones"."id" = "aggr_selection_0_User"."zoneId") LEFT JOIN (SELECT "public"."routes"."zoneId", COUNT(*) AS "_aggr_count_routes" FROM "public"."routes" WHERE 1=1 GROUP BY "public"."routes"."zoneId") AS "aggr_selection_1_Route" ON ("public"."zones"."id" = "aggr_selection_1_Route"."zoneId") WHERE 1=1 ORDER BY "public"."zones"."createdAt" DESC OFFSET $1
prisma:query SELECT "public"."users"."id", "public"."users"."firstName", "public"."users"."lastName" FROM "public"."users" WHERE "public"."users"."id" IN ($1) OFFSET $2
prisma:query SELECT "public"."zones"."id", "public"."zones"."name", "public"."zones"."description", "public"."zones"."district", "public"."zones"."color", "public"."zones"."isActive", "public"."zones"."geometry", "public"."zones"."createdById", "public"."zones"."createdAt", "public"."zones"."updatedAt", COALESCE("aggr_selection_0_User"."_aggr_count_users", 0) AS "_aggr_count_users", COALESCE("aggr_selection_1_Route"."_aggr_count_routes", 0) AS "_aggr_count_routes" FROM "public"."zones" LEFT JOIN (SELECT "public"."users"."zoneId", COUNT(*) AS "_aggr_count_users" FROM "public"."users" WHERE 1=1 GROUP BY "public"."users"."zoneId") AS "aggr_selection_0_User" ON ("public"."zones"."id" = "aggr_selection_0_User"."zoneId") LEFT JOIN (SELECT "public"."routes"."zoneId", COUNT(*) AS "_aggr_count_routes" FROM "public"."routes" WHERE 1=1 GROUP BY "public"."routes"."zoneId") AS "aggr_selection_1_Route" ON ("public"."zones"."id" = "aggr_selection_1_Route"."zoneId") WHERE 1=1 ORDER BY "public"."zones"."createdAt" DESC OFFSET $1
prisma:query SELECT "public"."routes"."id", "public"."routes"."name", "public"."routes"."status"::text, "public"."routes"."zoneId", "public"."routes"."vehicleId", "public"."routes"."operatorId", "public"."routes"."createdById", "public"."routes"."dayOfWeek", "public"."routes"."startTime", "public"."routes"."estimatedDuration", "public"."routes"."pathGeometry", "public"."routes"."createdAt", "public"."routes"."updatedAt", COALESCE("aggr_selection_0_Waypoint"."_aggr_count_waypoints", 0) AS "_aggr_count_waypoints" FROM "public"."routes" LEFT JOIN (SELECT "public"."waypoints"."routeId", COUNT(*) AS "_aggr_count_waypoints" FROM "public"."waypoints" WHERE 1=1 GROUP BY "public"."waypoints"."routeId") AS "aggr_selection_0_Waypoint" ON ("public"."routes"."id" = "aggr_selection_0_Waypoint"."routeId") WHERE 1=1 ORDER BY "public"."routes"."createdAt" DESC OFFSET $1
prisma:query SELECT "public"."users"."id", "public"."users"."firstName", "public"."users"."lastName" FROM "public"."users" WHERE "public"."users"."id" IN ($1) OFFSET $2
prisma:query SELECT "public"."zones"."id", "public"."zones"."name", "public"."zones"."color" FROM "public"."zones" WHERE "public"."zones"."id" IN ($1,$2,$3,$4,$5,$6,$7,$8,$9) OFFSET $10
prisma:query SELECT "public"."vehicles"."id", "public"."vehicles"."plate", "public"."vehicles"."type"::text FROM "public"."vehicles" WHERE "public"."vehicles"."id" IN ($1,$2) OFFSET $3
prisma:query SELECT "public"."vehicles"."id", "public"."vehicles"."plate", "public"."vehicles"."type"::text, "public"."vehicles"."brand", "public"."vehicles"."model", "public"."vehicles"."year", "public"."vehicles"."capacity", "public"."vehicles"."status"::text, "public"."vehicles"."isActive", "public"."vehicles"."currentLat", "public"."vehicles"."currentLng", "public"."vehicles"."createdAt", "public"."vehicles"."updatedAt" FROM "public"."vehicles" WHERE 1=1 ORDER BY "public"."vehicles"."createdAt" DESC OFFSET $1
prisma:query SELECT "public"."users"."id", "public"."users"."firstName", "public"."users"."lastName" FROM "public"."users" WHERE "public"."users"."id" IN ($1,$2,$3,$4,$5,$6,$7,$8,$9) OFFSET $10
prisma:query SELECT "public"."zones"."id", "public"."zones"."name", "public"."zones"."description", "public"."zones"."district", "public"."zones"."color", "public"."zones"."isActive", "public"."zones"."geometry", "public"."zones"."createdById", "public"."zones"."createdAt", "public"."zones"."updatedAt", COALESCE("aggr_selection_0_User"."_aggr_count_users", 0) AS "_aggr_count_users", COALESCE("aggr_selection_1_Route"."_aggr_count_routes", 0) AS "_aggr_count_routes" FROM "public"."zones" LEFT JOIN (SELECT "public"."users"."zoneId", COUNT(*) AS "_aggr_count_users" FROM "public"."users" WHERE 1=1 GROUP BY "public"."users"."zoneId") AS "aggr_selection_0_User" ON ("public"."zones"."id" = "aggr_selection_0_User"."zoneId") LEFT JOIN (SELECT "public"."routes"."zoneId", COUNT(*) AS "_aggr_count_routes" FROM "public"."routes" WHERE 1=1 GROUP BY "public"."routes"."zoneId") AS "aggr_selection_1_Route" ON ("public"."zones"."id" = "aggr_selection_1_Route"."zoneId") WHERE 1=1 ORDER BY "public"."zones"."createdAt" DESC OFFSET $1
prisma:query SELECT "public"."users"."id", "public"."users"."firstName", "public"."users"."lastName" FROM "public"."users" WHERE "public"."users"."id" IN ($1) OFFSET $2
prisma:query SELECT "public"."users"."id", "public"."users"."email", "public"."users"."firstName", "public"."users"."lastName", "public"."users"."dni", "public"."users"."phone", "public"."users"."address", "public"."users"."district", "public"."users"."role"::text, "public"."users"."isActive", "public"."users"."isVerified", "public"."users"."zoneId", "public"."users"."alertRadius" FROM "public"."users" WHERE ("public"."users"."id" = $1 AND 1=1) LIMIT $2 OFFSET $3
prisma:query SELECT "public"."zones"."id", "public"."zones"."name", "public"."zones"."district", "public"."zones"."color" FROM "public"."zones" WHERE "public"."zones"."id" IN ($1) OFFSET $2
prisma:query SELECT "public"."zones"."id", "public"."zones"."name", "public"."zones"."description", "public"."zones"."district", "public"."zones"."color", "public"."zones"."isActive", "public"."zones"."geometry", "public"."zones"."createdById", "public"."zones"."createdAt", "public"."zones"."updatedAt", COALESCE("aggr_selection_0_User"."_aggr_count_users", 0) AS "_aggr_count_users", COALESCE("aggr_selection_1_Route"."_aggr_count_routes", 0) AS "_aggr_count_routes" FROM "public"."zones" LEFT JOIN (SELECT "public"."users"."zoneId", COUNT(*) AS "_aggr_count_users" FROM "public"."users" WHERE 1=1 GROUP BY "public"."users"."zoneId") AS "aggr_selection_0_User" ON ("public"."zones"."id" = "aggr_selection_0_User"."zoneId") LEFT JOIN (SELECT "public"."routes"."zoneId", COUNT(*) AS "_aggr_count_routes" FROM "public"."routes" WHERE 1=1 GROUP BY "public"."routes"."zoneId") AS "aggr_selection_1_Route" ON ("public"."zones"."id" = "aggr_selection_1_Route"."zoneId") WHERE 1=1 ORDER BY "public"."zones"."createdAt" DESC OFFSET $1
prisma:query SELECT "public"."users"."id", "public"."users"."firstName", "public"."users"."lastName" FROM "public"."users" WHERE "public"."users"."id" IN ($1) OFFSET $2
prisma:query SELECT "public"."users"."id", "public"."users"."email", "public"."users"."firstName", "public"."users"."lastName", "public"."users"."dni", "public"."users"."phone", "public"."users"."address", "public"."users"."district", "public"."users"."role"::text, "public"."users"."isActive", "public"."users"."isVerified", "public"."users"."zoneId", "public"."users"."alertRadius" FROM "public"."users" WHERE ("public"."users"."id" = $1 AND 1=1) LIMIT $2 OFFSET $3
prisma:query SELECT "public"."zones"."id", "public"."zones"."name", "public"."zones"."district", "public"."zones"."color" FROM "public"."zones" WHERE "public"."zones"."id" IN ($1) OFFSET $2
prisma:query SELECT "public"."zones"."id", "public"."zones"."name", "public"."zones"."description", "public"."zones"."district", "public"."zones"."color", "public"."zones"."isActive", "public"."zones"."geometry", "public"."zones"."createdById", "public"."zones"."createdAt", "public"."zones"."updatedAt", COALESCE("aggr_selection_0_User"."_aggr_count_users", 0) AS "_aggr_count_users", COALESCE("aggr_selection_1_Route"."_aggr_count_routes", 0) AS "_aggr_count_routes" FROM "public"."zones" LEFT JOIN (SELECT "public"."users"."zoneId", COUNT(*) AS "_aggr_count_users" FROM "public"."users" WHERE 1=1 GROUP BY "public"."users"."zoneId") AS "aggr_selection_0_User" ON ("public"."zones"."id" = "aggr_selection_0_User"."zoneId") LEFT JOIN (SELECT "public"."routes"."zoneId", COUNT(*) AS "_aggr_count_routes" FROM "public"."routes" WHERE 1=1 GROUP BY "public"."routes"."zoneId") AS "aggr_selection_1_Route" ON ("public"."zones"."id" = "aggr_selection_1_Route"."zoneId") WHERE 1=1 ORDER BY "public"."zones"."createdAt" DESC OFFSET $1
prisma:query SELECT "public"."routes"."id", "public"."routes"."name", "public"."routes"."status"::text, "public"."routes"."zoneId", "public"."routes"."vehicleId", "public"."routes"."operatorId", "public"."routes"."createdById", "public"."routes"."dayOfWeek", "public"."routes"."startTime", "public"."routes"."estimatedDuration", "public"."routes"."pathGeometry", "public"."routes"."createdAt", "public"."routes"."updatedAt", COALESCE("aggr_selection_0_Waypoint"."_aggr_count_waypoints", 0) AS "_aggr_count_waypoints" FROM "public"."routes" LEFT JOIN (SELECT "public"."waypoints"."routeId", COUNT(*) AS "_aggr_count_waypoints" FROM "public"."waypoints" WHERE 1=1 GROUP BY "public"."waypoints"."routeId") AS "aggr_selection_0_Waypoint" ON ("public"."routes"."id" = "aggr_selection_0_Waypoint"."routeId") WHERE 1=1 ORDER BY "public"."routes"."createdAt" DESC OFFSET $1
prisma:query SELECT "public"."users"."id", "public"."users"."firstName", "public"."users"."lastName" FROM "public"."users" WHERE "public"."users"."id" IN ($1) OFFSET $2
prisma:query SELECT "public"."zones"."id", "public"."zones"."name", "public"."zones"."color" FROM "public"."zones" WHERE "public"."zones"."id" IN ($1,$2,$3,$4,$5,$6,$7,$8,$9) OFFSET $10
prisma:query SELECT "public"."vehicles"."id", "public"."vehicles"."plate", "public"."vehicles"."type"::text FROM "public"."vehicles" WHERE "public"."vehicles"."id" IN ($1,$2) OFFSET $3
prisma:query SELECT "public"."users"."id", "public"."users"."firstName", "public"."users"."lastName" FROM "public"."users" WHERE "public"."users"."id" IN ($1,$2,$3,$4,$5,$6,$7,$8,$9) OFFSET $10
prisma:query SELECT "public"."zones"."id", "public"."zones"."name", "public"."zones"."description", "public"."zones"."district", "public"."zones"."color", "public"."zones"."isActive", "public"."zones"."geometry", "public"."zones"."createdById", "public"."zones"."createdAt", "public"."zones"."updatedAt", COALESCE("aggr_selection_0_User"."_aggr_count_users", 0) AS "_aggr_count_users", COALESCE("aggr_selection_1_Route"."_aggr_count_routes", 0) AS "_aggr_count_routes" FROM "public"."zones" LEFT JOIN (SELECT "public"."users"."zoneId", COUNT(*) AS "_aggr_count_users" FROM "public"."users" WHERE 1=1 GROUP BY "public"."users"."zoneId") AS "aggr_selection_0_User" ON ("public"."zones"."id" = "aggr_selection_0_User"."zoneId") LEFT JOIN (SELECT "public"."routes"."zoneId", COUNT(*) AS "_aggr_count_routes" FROM "public"."routes" WHERE 1=1 GROUP BY "public"."routes"."zoneId") AS "aggr_selection_1_Route" ON ("public"."zones"."id" = "aggr_selection_1_Route"."zoneId") WHERE 1=1 ORDER BY "public"."zones"."createdAt" DESC OFFSET $1
prisma:query SELECT "public"."users"."id", "public"."users"."firstName", "public"."users"."lastName" FROM "public"."users" WHERE "public"."users"."id" IN ($1) OFFSET $2
prisma:query SELECT "public"."routes"."id", "public"."routes"."name", "public"."routes"."status"::text, "public"."routes"."zoneId", "public"."routes"."vehicleId", "public"."routes"."operatorId", "public"."routes"."createdById", "public"."routes"."dayOfWeek", "public"."routes"."startTime", "public"."routes"."estimatedDuration", "public"."routes"."pathGeometry", "public"."routes"."createdAt", "public"."routes"."updatedAt", COALESCE("aggr_selection_0_Waypoint"."_aggr_count_waypoints", 0) AS "_aggr_count_waypoints" FROM "public"."routes" LEFT JOIN (SELECT "public"."waypoints"."routeId", COUNT(*) AS "_aggr_count_waypoints" FROM "public"."waypoints" WHERE 1=1 GROUP BY "public"."waypoints"."routeId") AS "aggr_selection_0_Waypoint" ON ("public"."routes"."id" = "aggr_selection_0_Waypoint"."routeId") WHERE 1=1 ORDER BY "public"."routes"."createdAt" DESC OFFSET $1
prisma:query SELECT "public"."zones"."id", "public"."zones"."name", "public"."zones"."color" FROM "public"."zones" WHERE "public"."zones"."id" IN ($1,$2,$3,$4,$5,$6,$7,$8,$9) OFFSET $10
prisma:query SELECT "public"."vehicles"."id", "public"."vehicles"."plate", "public"."vehicles"."type"::text FROM "public"."vehicles" WHERE "public"."vehicles"."id" IN ($1,$2) OFFSET $3
prisma:query SELECT "public"."users"."id", "public"."users"."firstName", "public"."users"."lastName" FROM "public"."users" WHERE "public"."users"."id" IN ($1,$2,$3,$4,$5,$6,$7,$8,$9) OFFSET $10
prisma:query SELECT "public"."zones"."id", "public"."zones"."name", "public"."zones"."description", "public"."zones"."district", "public"."zones"."color", "public"."zones"."isActive", "public"."zones"."geometry", "public"."zones"."createdById", "public"."zones"."createdAt", "public"."zones"."updatedAt", COALESCE("aggr_selection_0_User"."_aggr_count_users", 0) AS "_aggr_count_users", COALESCE("aggr_selection_1_Route"."_aggr_count_routes", 0) AS "_aggr_count_routes" FROM "public"."zones" LEFT JOIN (SELECT "public"."users"."zoneId", COUNT(*) AS "_aggr_count_users" FROM "public"."users" WHERE 1=1 GROUP BY "public"."users"."zoneId") AS "aggr_selection_0_User" ON ("public"."zones"."id" = "aggr_selection_0_User"."zoneId") LEFT JOIN (SELECT "public"."routes"."zoneId", COUNT(*) AS "_aggr_count_routes" FROM "public"."routes" WHERE 1=1 GROUP BY "public"."routes"."zoneId") AS "aggr_selection_1_Route" ON ("public"."zones"."id" = "aggr_selection_1_Route"."zoneId") WHERE 1=1 ORDER BY "public"."zones"."createdAt" DESC OFFSET $1
prisma:query SELECT "public"."users"."id", "public"."users"."firstName", "public"."users"."lastName" FROM "public"."users" WHERE "public"."users"."id" IN ($1) OFFSET $2
prisma:query SELECT "public"."zones"."id", "public"."zones"."name", "public"."zones"."description", "public"."zones"."district", "public"."zones"."color", "public"."zones"."isActive", "public"."zones"."geometry", "public"."zones"."createdById", "public"."zones"."createdAt", "public"."zones"."updatedAt", COALESCE("aggr_selection_0_User"."_aggr_count_users", 0) AS "_aggr_count_users", COALESCE("aggr_selection_1_Route"."_aggr_count_routes", 0) AS "_aggr_count_routes" FROM "public"."zones" LEFT JOIN (SELECT "public"."users"."zoneId", COUNT(*) AS "_aggr_count_users" FROM "public"."users" WHERE 1=1 GROUP BY "public"."users"."zoneId") AS "aggr_selection_0_User" ON ("public"."zones"."id" = "aggr_selection_0_User"."zoneId") LEFT JOIN (SELECT "public"."routes"."zoneId", COUNT(*) AS "_aggr_count_routes" FROM "public"."routes" WHERE 1=1 GROUP BY "public"."routes"."zoneId") AS "aggr_selection_1_Route" ON ("public"."zones"."id" = "aggr_selection_1_Route"."zoneId") WHERE 1=1 ORDER BY "public"."zones"."createdAt" DESC OFFSET $1
prisma:query SELECT "public"."users"."id", "public"."users"."firstName", "public"."users"."lastName" FROM "public"."users" WHERE "public"."users"."id" IN ($1) OFFSET $2
prisma:query SELECT "public"."vehicles"."id", "public"."vehicles"."plate", "public"."vehicles"."type"::text, "public"."vehicles"."brand", "public"."vehicles"."model", "public"."vehicles"."year", "public"."vehicles"."capacity", "public"."vehicles"."status"::text, "public"."vehicles"."isActive", "public"."vehicles"."currentLat", "public"."vehicles"."currentLng", "public"."vehicles"."createdAt", "public"."vehicles"."updatedAt" FROM "public"."vehicles" WHERE 1=1 ORDER BY "public"."vehicles"."createdAt" DESC OFFSET $1
prisma:query SELECT "public"."routes"."id", "public"."routes"."name", "public"."routes"."status"::text, "public"."routes"."zoneId", "public"."routes"."vehicleId", "public"."routes"."operatorId", "public"."routes"."createdById", "public"."routes"."dayOfWeek", "public"."routes"."startTime", "public"."routes"."estimatedDuration", "public"."routes"."pathGeometry", "public"."routes"."createdAt", "public"."routes"."updatedAt", COALESCE("aggr_selection_0_Waypoint"."_aggr_count_waypoints", 0) AS "_aggr_count_waypoints" FROM "public"."routes" LEFT JOIN (SELECT "public"."waypoints"."routeId", COUNT(*) AS "_aggr_count_waypoints" FROM "public"."waypoints" WHERE 1=1 GROUP BY "public"."waypoints"."routeId") AS "aggr_selection_0_Waypoint" ON ("public"."routes"."id" = "aggr_selection_0_Waypoint"."routeId") WHERE 1=1 ORDER BY "public"."routes"."createdAt" DESC OFFSET $1
prisma:query SELECT "public"."zones"."id", "public"."zones"."name", "public"."zones"."description", "public"."zones"."district", "public"."zones"."color", "public"."zones"."isActive", "public"."zones"."geometry", "public"."zones"."createdById", "public"."zones"."createdAt", "public"."zones"."updatedAt", COALESCE("aggr_selection_0_User"."_aggr_count_users", 0) AS "_aggr_count_users", COALESCE("aggr_selection_1_Route"."_aggr_count_routes", 0) AS "_aggr_count_routes" FROM "public"."zones" LEFT JOIN (SELECT "public"."users"."zoneId", COUNT(*) AS "_aggr_count_users" FROM "public"."users" WHERE 1=1 GROUP BY "public"."users"."zoneId") AS "aggr_selection_0_User" ON ("public"."zones"."id" = "aggr_selection_0_User"."zoneId") LEFT JOIN (SELECT "public"."routes"."zoneId", COUNT(*) AS "_aggr_count_routes" FROM "public"."routes" WHERE 1=1 GROUP BY "public"."routes"."zoneId") AS "aggr_selection_1_Route" ON ("public"."zones"."id" = "aggr_selection_1_Route"."zoneId") WHERE 1=1 ORDER BY "public"."zones"."createdAt" DESC OFFSET $1
prisma:query SELECT "public"."zones"."id", "public"."zones"."name", "public"."zones"."color" FROM "public"."zones" WHERE "public"."zones"."id" IN ($1,$2,$3,$4,$5,$6,$7,$8,$9) OFFSET $10
prisma:query SELECT "public"."users"."id", "public"."users"."firstName", "public"."users"."lastName" FROM "public"."users" WHERE "public"."users"."id" IN ($1) OFFSET $2
prisma:query SELECT "public"."vehicles"."id", "public"."vehicles"."plate", "public"."vehicles"."type"::text FROM "public"."vehicles" WHERE "public"."vehicles"."id" IN ($1,$2) OFFSET $3
prisma:query SELECT "public"."users"."id", "public"."users"."firstName", "public"."users"."lastName" FROM "public"."users" WHERE "public"."users"."id" IN ($1,$2,$3,$4,$5,$6,$7,$8,$9) OFFSET $10
prisma:query SELECT "public"."zones"."id", "public"."zones"."name", "public"."zones"."description", "public"."zones"."district", "public"."zones"."color", "public"."zones"."isActive", "public"."zones"."geometry", "public"."zones"."createdById", "public"."zones"."createdAt", "public"."zones"."updatedAt", COALESCE("aggr_selection_0_User"."_aggr_count_users", 0) AS "_aggr_count_users", COALESCE("aggr_selection_1_Route"."_aggr_count_routes", 0) AS "_aggr_count_routes" FROM "public"."zones" LEFT JOIN (SELECT "public"."users"."zoneId", COUNT(*) AS "_aggr_count_users" FROM "public"."users" WHERE 1=1 GROUP BY "public"."users"."zoneId") AS "aggr_selection_0_User" ON ("public"."zones"."id" = "aggr_selection_0_User"."zoneId") LEFT JOIN (SELECT "public"."routes"."zoneId", COUNT(*) AS "_aggr_count_routes" FROM "public"."routes" WHERE 1=1 GROUP BY "public"."routes"."zoneId") AS "aggr_selection_1_Route" ON ("public"."zones"."id" = "aggr_selection_1_Route"."zoneId") WHERE 1=1 ORDER BY "public"."zones"."createdAt" DESC OFFSET $1
prisma:query SELECT "public"."users"."id", "public"."users"."firstName", "public"."users"."lastName" FROM "public"."users" WHERE "public"."users"."id" IN ($1) OFFSET $2
prisma:query SELECT "public"."zones"."id", "public"."zones"."name", "public"."zones"."description", "public"."zones"."district", "public"."zones"."color", "public"."zones"."isActive", "public"."zones"."geometry", "public"."zones"."createdById", "public"."zones"."createdAt", "public"."zones"."updatedAt", COALESCE("aggr_selection_0_User"."_aggr_count_users", 0) AS "_aggr_count_users", COALESCE("aggr_selection_1_Route"."_aggr_count_routes", 0) AS "_aggr_count_routes" FROM "public"."zones" LEFT JOIN (SELECT "public"."users"."zoneId", COUNT(*) AS "_aggr_count_users" FROM "public"."users" WHERE 1=1 GROUP BY "public"."users"."zoneId") AS "aggr_selection_0_User" ON ("public"."zones"."id" = "aggr_selection_0_User"."zoneId") LEFT JOIN (SELECT "public"."routes"."zoneId", COUNT(*) AS "_aggr_count_routes" FROM "public"."routes" WHERE 1=1 GROUP BY "public"."routes"."zoneId") AS "aggr_selection_1_Route" ON ("public"."zones"."id" = "aggr_selection_1_Route"."zoneId") WHERE 1=1 ORDER BY "public"."zones"."createdAt" DESC OFFSET $1
prisma:query SELECT "public"."users"."id", "public"."users"."firstName", "public"."users"."lastName" FROM "public"."users" WHERE "public"."users"."id" IN ($1) OFFSET $2
prisma:query SELECT 1
prisma:query SELECT 1
prisma:query SELECT "public"."zones"."id", "public"."zones"."name", "public"."zones"."description", "public"."zones"."district", "public"."zones"."color", "public"."zones"."isActive", "public"."zones"."geometry", "public"."zones"."createdById", "public"."zones"."createdAt", "public"."zones"."updatedAt", COALESCE("aggr_selection_0_User"."_aggr_count_users", 0) AS "_aggr_count_users", COALESCE("aggr_selection_1_Route"."_aggr_count_routes", 0) AS "_aggr_count_routes" FROM "public"."zones" LEFT JOIN (SELECT "public"."users"."zoneId", COUNT(*) AS "_aggr_count_users" FROM "public"."users" WHERE 1=1 GROUP BY "public"."users"."zoneId") AS "aggr_selection_0_User" ON ("public"."zones"."id" = "aggr_selection_0_User"."zoneId") LEFT JOIN (SELECT "public"."routes"."zoneId", COUNT(*) AS "_aggr_count_routes" FROM "public"."routes" WHERE 1=1 GROUP BY "public"."routes"."zoneId") AS "aggr_selection_1_Route" ON ("public"."zones"."id" = "aggr_selection_1_Route"."zoneId") WHERE 1=1 ORDER BY "public"."zones"."createdAt" DESC OFFSET $1
prisma:query SELECT "public"."routes"."id", "public"."routes"."name", "public"."routes"."status"::text, "public"."routes"."zoneId", "public"."routes"."vehicleId", "public"."routes"."operatorId", "public"."routes"."createdById", "public"."routes"."dayOfWeek", "public"."routes"."startTime", "public"."routes"."estimatedDuration", "public"."routes"."pathGeometry", "public"."routes"."createdAt", "public"."routes"."updatedAt", COALESCE("aggr_selection_0_Waypoint"."_aggr_count_waypoints", 0) AS "_aggr_count_waypoints" FROM "public"."routes" LEFT JOIN (SELECT "public"."waypoints"."routeId", COUNT(*) AS "_aggr_count_waypoints" FROM "public"."waypoints" WHERE 1=1 GROUP BY "public"."waypoints"."routeId") AS "aggr_selection_0_Waypoint" ON ("public"."routes"."id" = "aggr_selection_0_Waypoint"."routeId") WHERE 1=1 ORDER BY "public"."routes"."createdAt" DESC OFFSET $1
prisma:query SELECT "public"."users"."id", "public"."users"."firstName", "public"."users"."lastName" FROM "public"."users" WHERE "public"."users"."id" IN ($1) OFFSET $2
prisma:query SELECT "public"."zones"."id", "public"."zones"."name", "public"."zones"."color" FROM "public"."zones" WHERE "public"."zones"."id" IN ($1,$2,$3,$4,$5,$6,$7,$8,$9) OFFSET $10
prisma:query SELECT "public"."vehicles"."id", "public"."vehicles"."plate", "public"."vehicles"."type"::text FROM "public"."vehicles" WHERE "public"."vehicles"."id" IN ($1,$2) OFFSET $3
prisma:query SELECT "public"."users"."id", "public"."users"."firstName", "public"."users"."lastName" FROM "public"."users" WHERE "public"."users"."id" IN ($1,$2,$3,$4,$5,$6,$7,$8,$9) OFFSET $10
prisma:query SELECT "public"."zones"."id", "public"."zones"."name", "public"."zones"."description", "public"."zones"."district", "public"."zones"."color", "public"."zones"."isActive", "public"."zones"."geometry", "public"."zones"."createdById", "public"."zones"."createdAt", "public"."zones"."updatedAt", COALESCE("aggr_selection_0_User"."_aggr_count_users", 0) AS "_aggr_count_users", COALESCE("aggr_selection_1_Route"."_aggr_count_routes", 0) AS "_aggr_count_routes" FROM "public"."zones" LEFT JOIN (SELECT "public"."users"."zoneId", COUNT(*) AS "_aggr_count_users" FROM "public"."users" WHERE 1=1 GROUP BY "public"."users"."zoneId") AS "aggr_selection_0_User" ON ("public"."zones"."id" = "aggr_selection_0_User"."zoneId") LEFT JOIN (SELECT "public"."routes"."zoneId", COUNT(*) AS "_aggr_count_routes" FROM "public"."routes" WHERE 1=1 GROUP BY "public"."routes"."zoneId") AS "aggr_selection_1_Route" ON ("public"."zones"."id" = "aggr_selection_1_Route"."zoneId") WHERE 1=1 ORDER BY "public"."zones"."createdAt" DESC OFFSET $1
prisma:query SELECT "public"."users"."id", "public"."users"."firstName", "public"."users"."lastName" FROM "public"."users" WHERE "public"."users"."id" IN ($1) OFFSET $2
prisma:query SELECT "public"."routes"."id", "public"."routes"."name", "public"."routes"."status"::text, "public"."routes"."zoneId", "public"."routes"."vehicleId", "public"."routes"."operatorId", "public"."routes"."createdById", "public"."routes"."dayOfWeek", "public"."routes"."startTime", "public"."routes"."estimatedDuration", "public"."routes"."pathGeometry", "public"."routes"."createdAt", "public"."routes"."updatedAt", COALESCE("aggr_selection_0_Waypoint"."_aggr_count_waypoints", 0) AS "_aggr_count_waypoints" FROM "public"."routes" LEFT JOIN (SELECT "public"."waypoints"."routeId", COUNT(*) AS "_aggr_count_waypoints" FROM "public"."waypoints" WHERE 1=1 GROUP BY "public"."waypoints"."routeId") AS "aggr_selection_0_Waypoint" ON ("public"."routes"."id" = "aggr_selection_0_Waypoint"."routeId") WHERE 1=1 ORDER BY "public"."routes"."createdAt" DESC OFFSET $1
prisma:query SELECT "public"."zones"."id", "public"."zones"."name", "public"."zones"."color" FROM "public"."zones" WHERE "public"."zones"."id" IN ($1,$2,$3,$4,$5,$6,$7,$8,$9) OFFSET $10
prisma:query SELECT "public"."vehicles"."id", "public"."vehicles"."plate", "public"."vehicles"."type"::text FROM "public"."vehicles" WHERE "public"."vehicles"."id" IN ($1,$2) OFFSET $3
prisma:query SELECT "public"."users"."id", "public"."users"."firstName", "public"."users"."lastName" FROM "public"."users" WHERE "public"."users"."id" IN ($1,$2,$3,$4,$5,$6,$7,$8,$9) OFFSET $10
prisma:query SELECT "public"."routes"."id", "public"."routes"."name", "public"."routes"."status"::text, "public"."routes"."zoneId", "public"."routes"."vehicleId", "public"."routes"."operatorId", "public"."routes"."createdById", "public"."routes"."dayOfWeek", "public"."routes"."startTime", "public"."routes"."estimatedDuration", "public"."routes"."pathGeometry", "public"."routes"."createdAt", "public"."routes"."updatedAt", COALESCE("aggr_selection_0_Waypoint"."_aggr_count_waypoints", 0) AS "_aggr_count_waypoints" FROM "public"."routes" LEFT JOIN (SELECT "public"."waypoints"."routeId", COUNT(*) AS "_aggr_count_waypoints" FROM "public"."waypoints" WHERE 1=1 GROUP BY "public"."waypoints"."routeId") AS "aggr_selection_0_Waypoint" ON ("public"."routes"."id" = "aggr_selection_0_Waypoint"."routeId") WHERE "public"."routes"."zoneId" = $1 ORDER BY "public"."routes"."createdAt" DESC OFFSET $2
prisma:query SELECT "public"."zones"."id", "public"."zones"."name", "public"."zones"."color" FROM "public"."zones" WHERE "public"."zones"."id" IN ($1) OFFSET $2
prisma:query SELECT "public"."vehicles"."id", "public"."vehicles"."plate", "public"."vehicles"."type"::text FROM "public"."vehicles" WHERE "public"."vehicles"."id" IN ($1) OFFSET $2
prisma:query SELECT "public"."users"."id", "public"."users"."firstName", "public"."users"."lastName" FROM "public"."users" WHERE "public"."users"."id" IN ($1) OFFSET $2
prisma:query SELECT "public"."zones"."id", "public"."zones"."name", "public"."zones"."description", "public"."zones"."district", "public"."zones"."color", "public"."zones"."isActive", "public"."zones"."geometry", "public"."zones"."createdById", "public"."zones"."createdAt", "public"."zones"."updatedAt", COALESCE("aggr_selection_0_User"."_aggr_count_users", 0) AS "_aggr_count_users", COALESCE("aggr_selection_1_Route"."_aggr_count_routes", 0) AS "_aggr_count_routes" FROM "public"."zones" LEFT JOIN (SELECT "public"."users"."zoneId", COUNT(*) AS "_aggr_count_users" FROM "public"."users" WHERE 1=1 GROUP BY "public"."users"."zoneId") AS "aggr_selection_0_User" ON ("public"."zones"."id" = "aggr_selection_0_User"."zoneId") LEFT JOIN (SELECT "public"."routes"."zoneId", COUNT(*) AS "_aggr_count_routes" FROM "public"."routes" WHERE 1=1 GROUP BY "public"."routes"."zoneId") AS "aggr_selection_1_Route" ON ("public"."zones"."id" = "aggr_selection_1_Route"."zoneId") WHERE 1=1 ORDER BY "public"."zones"."createdAt" DESC OFFSET $1
prisma:query SELECT "public"."routes"."id", "public"."routes"."name", "public"."routes"."status"::text, "public"."routes"."zoneId", "public"."routes"."vehicleId", "public"."routes"."operatorId", "public"."routes"."createdById", "public"."routes"."dayOfWeek", "public"."routes"."startTime", "public"."routes"."estimatedDuration", "public"."routes"."pathGeometry", "public"."routes"."createdAt", "public"."routes"."updatedAt", COALESCE("aggr_selection_0_Waypoint"."_aggr_count_waypoints", 0) AS "_aggr_count_waypoints" FROM "public"."routes" LEFT JOIN (SELECT "public"."waypoints"."routeId", COUNT(*) AS "_aggr_count_waypoints" FROM "public"."waypoints" WHERE 1=1 GROUP BY "public"."waypoints"."routeId") AS "aggr_selection_0_Waypoint" ON ("public"."routes"."id" = "aggr_selection_0_Waypoint"."routeId") WHERE 1=1 ORDER BY "public"."routes"."createdAt" DESC OFFSET $1
prisma:query SELECT "public"."users"."id", "public"."users"."firstName", "public"."users"."lastName" FROM "public"."users" WHERE "public"."users"."id" IN ($1) OFFSET $2
prisma:query SELECT "public"."zones"."id", "public"."zones"."name", "public"."zones"."color" FROM "public"."zones" WHERE "public"."zones"."id" IN ($1,$2,$3,$4,$5,$6,$7,$8,$9) OFFSET $10
prisma:query SELECT "public"."vehicles"."id", "public"."vehicles"."plate", "public"."vehicles"."type"::text FROM "public"."vehicles" WHERE "public"."vehicles"."id" IN ($1,$2) OFFSET $3
prisma:query SELECT "public"."users"."id", "public"."users"."firstName", "public"."users"."lastName" FROM "public"."users" WHERE "public"."users"."id" IN ($1,$2,$3,$4,$5,$6,$7,$8,$9) OFFSET $10
prisma:query SELECT "public"."zones"."id", "public"."zones"."name", "public"."zones"."description", "public"."zones"."district", "public"."zones"."color", "public"."zones"."isActive", "public"."zones"."geometry", "public"."zones"."createdById", "public"."zones"."createdAt", "public"."zones"."updatedAt", COALESCE("aggr_selection_0_User"."_aggr_count_users", 0) AS "_aggr_count_users", COALESCE("aggr_selection_1_Route"."_aggr_count_routes", 0) AS "_aggr_count_routes" FROM "public"."zones" LEFT JOIN (SELECT "public"."users"."zoneId", COUNT(*) AS "_aggr_count_users" FROM "public"."users" WHERE 1=1 GROUP BY "public"."users"."zoneId") AS "aggr_selection_0_User" ON ("public"."zones"."id" = "aggr_selection_0_User"."zoneId") LEFT JOIN (SELECT "public"."routes"."zoneId", COUNT(*) AS "_aggr_count_routes" FROM "public"."routes" WHERE 1=1 GROUP BY "public"."routes"."zoneId") AS "aggr_selection_1_Route" ON ("public"."zones"."id" = "aggr_selection_1_Route"."zoneId") WHERE 1=1 ORDER BY "public"."zones"."createdAt" DESC OFFSET $1
prisma:query SELECT "public"."users"."id", "public"."users"."firstName", "public"."users"."lastName" FROM "public"."users" WHERE "public"."users"."id" IN ($1) OFFSET $2
prisma:query SELECT "public"."routes"."id", "public"."routes"."name", "public"."routes"."status"::text, "public"."routes"."zoneId", "public"."routes"."vehicleId", "public"."routes"."operatorId", "public"."routes"."createdById", "public"."routes"."dayOfWeek", "public"."routes"."startTime", "public"."routes"."estimatedDuration", "public"."routes"."pathGeometry", "public"."routes"."createdAt", "public"."routes"."updatedAt", COALESCE("aggr_selection_0_Waypoint"."_aggr_count_waypoints", 0) AS "_aggr_count_waypoints" FROM "public"."routes" LEFT JOIN (SELECT "public"."waypoints"."routeId", COUNT(*) AS "_aggr_count_waypoints" FROM "public"."waypoints" WHERE 1=1 GROUP BY "public"."waypoints"."routeId") AS "aggr_selection_0_Waypoint" ON ("public"."routes"."id" = "aggr_selection_0_Waypoint"."routeId") WHERE 1=1 ORDER BY "public"."routes"."createdAt" DESC OFFSET $1
prisma:query SELECT "public"."zones"."id", "public"."zones"."name", "public"."zones"."color" FROM "public"."zones" WHERE "public"."zones"."id" IN ($1,$2,$3,$4,$5,$6,$7,$8,$9) OFFSET $10
prisma:query SELECT "public"."vehicles"."id", "public"."vehicles"."plate", "public"."vehicles"."type"::text FROM "public"."vehicles" WHERE "public"."vehicles"."id" IN ($1,$2) OFFSET $3
prisma:query SELECT "public"."users"."id", "public"."users"."firstName", "public"."users"."lastName" FROM "public"."users" WHERE "public"."users"."id" IN ($1,$2,$3,$4,$5,$6,$7,$8,$9) OFFSET $10
prisma:query SELECT 1
prisma:query SELECT 1
prisma:query SELECT "public"."zones"."id", "public"."zones"."name", "public"."zones"."description", "public"."zones"."district", "public"."zones"."color", "public"."zones"."isActive", "public"."zones"."geometry", "public"."zones"."createdById", "public"."zones"."createdAt", "public"."zones"."updatedAt", COALESCE("aggr_selection_0_User"."_aggr_count_users", 0) AS "_aggr_count_users", COALESCE("aggr_selection_1_Route"."_aggr_count_routes", 0) AS "_aggr_count_routes" FROM "public"."zones" LEFT JOIN (SELECT "public"."users"."zoneId", COUNT(*) AS "_aggr_count_users" FROM "public"."users" WHERE 1=1 GROUP BY "public"."users"."zoneId") AS "aggr_selection_0_User" ON ("public"."zones"."id" = "aggr_selection_0_User"."zoneId") LEFT JOIN (SELECT "public"."routes"."zoneId", COUNT(*) AS "_aggr_count_routes" FROM "public"."routes" WHERE 1=1 GROUP BY "public"."routes"."zoneId") AS "aggr_selection_1_Route" ON ("public"."zones"."id" = "aggr_selection_1_Route"."zoneId") WHERE 1=1 ORDER BY "public"."zones"."createdAt" DESC OFFSET $1
prisma:query SELECT "public"."routes"."id", "public"."routes"."name", "public"."routes"."status"::text, "public"."routes"."zoneId", "public"."routes"."vehicleId", "public"."routes"."operatorId", "public"."routes"."createdById", "public"."routes"."dayOfWeek", "public"."routes"."startTime", "public"."routes"."estimatedDuration", "public"."routes"."pathGeometry", "public"."routes"."createdAt", "public"."routes"."updatedAt", COALESCE("aggr_selection_0_Waypoint"."_aggr_count_waypoints", 0) AS "_aggr_count_waypoints" FROM "public"."routes" LEFT JOIN (SELECT "public"."waypoints"."routeId", COUNT(*) AS "_aggr_count_waypoints" FROM "public"."waypoints" WHERE 1=1 GROUP BY "public"."waypoints"."routeId") AS "aggr_selection_0_Waypoint" ON ("public"."routes"."id" = "aggr_selection_0_Waypoint"."routeId") WHERE 1=1 ORDER BY "public"."routes"."createdAt" DESC OFFSET $1
prisma:query SELECT "public"."users"."id", "public"."users"."firstName", "public"."users"."lastName" FROM "public"."users" WHERE "public"."users"."id" IN ($1) OFFSET $2
prisma:query SELECT "public"."zones"."id", "public"."zones"."name", "public"."zones"."color" FROM "public"."zones" WHERE "public"."zones"."id" IN ($1,$2,$3,$4,$5,$6,$7,$8,$9) OFFSET $10
prisma:query SELECT "public"."vehicles"."id", "public"."vehicles"."plate", "public"."vehicles"."type"::text FROM "public"."vehicles" WHERE "public"."vehicles"."id" IN ($1,$2) OFFSET $3
prisma:query SELECT "public"."users"."id", "public"."users"."firstName", "public"."users"."lastName" FROM "public"."users" WHERE "public"."users"."id" IN ($1,$2,$3,$4,$5,$6,$7,$8,$9) OFFSET $10
prisma:query SELECT "public"."zones"."id", "public"."zones"."name", "public"."zones"."description", "public"."zones"."district", "public"."zones"."color", "public"."zones"."isActive", "public"."zones"."geometry", "public"."zones"."createdById", "public"."zones"."createdAt", "public"."zones"."updatedAt", COALESCE("aggr_selection_0_User"."_aggr_count_users", 0) AS "_aggr_count_users", COALESCE("aggr_selection_1_Route"."_aggr_count_routes", 0) AS "_aggr_count_routes" FROM "public"."zones" LEFT JOIN (SELECT "public"."users"."zoneId", COUNT(*) AS "_aggr_count_users" FROM "public"."users" WHERE 1=1 GROUP BY "public"."users"."zoneId") AS "aggr_selection_0_User" ON ("public"."zones"."id" = "aggr_selection_0_User"."zoneId") LEFT JOIN (SELECT "public"."routes"."zoneId", COUNT(*) AS "_aggr_count_routes" FROM "public"."routes" WHERE 1=1 GROUP BY "public"."routes"."zoneId") AS "aggr_selection_1_Route" ON ("public"."zones"."id" = "aggr_selection_1_Route"."zoneId") WHERE 1=1 ORDER BY "public"."zones"."createdAt" DESC OFFSET $1
prisma:query SELECT "public"."users"."id", "public"."users"."firstName", "public"."users"."lastName" FROM "public"."users" WHERE "public"."users"."id" IN ($1) OFFSET $2
prisma:query SELECT "public"."routes"."id", "public"."routes"."name", "public"."routes"."status"::text, "public"."routes"."zoneId", "public"."routes"."vehicleId", "public"."routes"."operatorId", "public"."routes"."createdById", "public"."routes"."dayOfWeek", "public"."routes"."startTime", "public"."routes"."estimatedDuration", "public"."routes"."pathGeometry", "public"."routes"."createdAt", "public"."routes"."updatedAt", COALESCE("aggr_selection_0_Waypoint"."_aggr_count_waypoints", 0) AS "_aggr_count_waypoints" FROM "public"."routes" LEFT JOIN (SELECT "public"."waypoints"."routeId", COUNT(*) AS "_aggr_count_waypoints" FROM "public"."waypoints" WHERE 1=1 GROUP BY "public"."waypoints"."routeId") AS "aggr_selection_0_Waypoint" ON ("public"."routes"."id" = "aggr_selection_0_Waypoint"."routeId") WHERE 1=1 ORDER BY "public"."routes"."createdAt" DESC OFFSET $1
prisma:query SELECT "public"."zones"."id", "public"."zones"."name", "public"."zones"."color" FROM "public"."zones" WHERE "public"."zones"."id" IN ($1,$2,$3,$4,$5,$6,$7,$8,$9) OFFSET $10
prisma:query SELECT "public"."vehicles"."id", "public"."vehicles"."plate", "public"."vehicles"."type"::text FROM "public"."vehicles" WHERE "public"."vehicles"."id" IN ($1,$2) OFFSET $3
prisma:query SELECT "public"."users"."id", "public"."users"."firstName", "public"."users"."lastName" FROM "public"."users" WHERE "public"."users"."id" IN ($1,$2,$3,$4,$5,$6,$7,$8,$9) OFFSET $10
prisma:query SELECT "public"."routes"."id", "public"."routes"."name", "public"."routes"."status"::text, "public"."routes"."zoneId", "public"."routes"."vehicleId", "public"."routes"."operatorId", "public"."routes"."createdById", "public"."routes"."dayOfWeek", "public"."routes"."startTime", "public"."routes"."estimatedDuration", "public"."routes"."pathGeometry", "public"."routes"."createdAt", "public"."routes"."updatedAt", COALESCE("aggr_selection_0_Waypoint"."_aggr_count_waypoints", 0) AS "_aggr_count_waypoints" FROM "public"."routes" LEFT JOIN (SELECT "public"."waypoints"."routeId", COUNT(*) AS "_aggr_count_waypoints" FROM "public"."waypoints" WHERE 1=1 GROUP BY "public"."waypoints"."routeId") AS "aggr_selection_0_Waypoint" ON ("public"."routes"."id" = "aggr_selection_0_Waypoint"."routeId") WHERE "public"."routes"."zoneId" = $1 ORDER BY "public"."routes"."createdAt" DESC OFFSET $2
prisma:query SELECT "public"."zones"."id", "public"."zones"."name", "public"."zones"."color" FROM "public"."zones" WHERE "public"."zones"."id" IN ($1) OFFSET $2
prisma:query SELECT "public"."vehicles"."id", "public"."vehicles"."plate", "public"."vehicles"."type"::text FROM "public"."vehicles" WHERE "public"."vehicles"."id" IN ($1) OFFSET $2
prisma:query SELECT "public"."users"."id", "public"."users"."firstName", "public"."users"."lastName" FROM "public"."users" WHERE "public"."users"."id" IN ($1) OFFSET $2
prisma:query SELECT "public"."zones"."id", "public"."zones"."name", "public"."zones"."description", "public"."zones"."district", "public"."zones"."color", "public"."zones"."isActive", "public"."zones"."geometry", "public"."zones"."createdById", "public"."zones"."createdAt", "public"."zones"."updatedAt", COALESCE("aggr_selection_0_User"."_aggr_count_users", 0) AS "_aggr_count_users", COALESCE("aggr_selection_1_Route"."_aggr_count_routes", 0) AS "_aggr_count_routes" FROM "public"."zones" LEFT JOIN (SELECT "public"."users"."zoneId", COUNT(*) AS "_aggr_count_users" FROM "public"."users" WHERE 1=1 GROUP BY "public"."users"."zoneId") AS "aggr_selection_0_User" ON ("public"."zones"."id" = "aggr_selection_0_User"."zoneId") LEFT JOIN (SELECT "public"."routes"."zoneId", COUNT(*) AS "_aggr_count_routes" FROM "public"."routes" WHERE 1=1 GROUP BY "public"."routes"."zoneId") AS "aggr_selection_1_Route" ON ("public"."zones"."id" = "aggr_selection_1_Route"."zoneId") WHERE 1=1 ORDER BY "public"."zones"."createdAt" DESC OFFSET $1
prisma:query SELECT "public"."routes"."id", "public"."routes"."name", "public"."routes"."status"::text, "public"."routes"."zoneId", "public"."routes"."vehicleId", "public"."routes"."operatorId", "public"."routes"."createdById", "public"."routes"."dayOfWeek", "public"."routes"."startTime", "public"."routes"."estimatedDuration", "public"."routes"."pathGeometry", "public"."routes"."createdAt", "public"."routes"."updatedAt", COALESCE("aggr_selection_0_Waypoint"."_aggr_count_waypoints", 0) AS "_aggr_count_waypoints" FROM "public"."routes" LEFT JOIN (SELECT "public"."waypoints"."routeId", COUNT(*) AS "_aggr_count_waypoints" FROM "public"."waypoints" WHERE 1=1 GROUP BY "public"."waypoints"."routeId") AS "aggr_selection_0_Waypoint" ON ("public"."routes"."id" = "aggr_selection_0_Waypoint"."routeId") WHERE 1=1 ORDER BY "public"."routes"."createdAt" DESC OFFSET $1
prisma:query SELECT "public"."users"."id", "public"."users"."firstName", "public"."users"."lastName" FROM "public"."users" WHERE "public"."users"."id" IN ($1) OFFSET $2
prisma:query SELECT "public"."zones"."id", "public"."zones"."name", "public"."zones"."color" FROM "public"."zones" WHERE "public"."zones"."id" IN ($1,$2,$3,$4,$5,$6,$7,$8,$9) OFFSET $10
prisma:query SELECT "public"."vehicles"."id", "public"."vehicles"."plate", "public"."vehicles"."type"::text FROM "public"."vehicles" WHERE "public"."vehicles"."id" IN ($1,$2) OFFSET $3
prisma:query SELECT "public"."users"."id", "public"."users"."firstName", "public"."users"."lastName" FROM "public"."users" WHERE "public"."users"."id" IN ($1,$2,$3,$4,$5,$6,$7,$8,$9) OFFSET $10
prisma:query SELECT "public"."zones"."id", "public"."zones"."name", "public"."zones"."description", "public"."zones"."district", "public"."zones"."color", "public"."zones"."isActive", "public"."zones"."geometry", "public"."zones"."createdById", "public"."zones"."createdAt", "public"."zones"."updatedAt", COALESCE("aggr_selection_0_User"."_aggr_count_users", 0) AS "_aggr_count_users", COALESCE("aggr_selection_1_Route"."_aggr_count_routes", 0) AS "_aggr_count_routes" FROM "public"."zones" LEFT JOIN (SELECT "public"."users"."zoneId", COUNT(*) AS "_aggr_count_users" FROM "public"."users" WHERE 1=1 GROUP BY "public"."users"."zoneId") AS "aggr_selection_0_User" ON ("public"."zones"."id" = "aggr_selection_0_User"."zoneId") LEFT JOIN (SELECT "public"."routes"."zoneId", COUNT(*) AS "_aggr_count_routes" FROM "public"."routes" WHERE 1=1 GROUP BY "public"."routes"."zoneId") AS "aggr_selection_1_Route" ON ("public"."zones"."id" = "aggr_selection_1_Route"."zoneId") WHERE 1=1 ORDER BY "public"."zones"."createdAt" DESC OFFSET $1
prisma:query SELECT "public"."users"."id", "public"."users"."firstName", "public"."users"."lastName" FROM "public"."users" WHERE "public"."users"."id" IN ($1) OFFSET $2
prisma:query SELECT "public"."routes"."id", "public"."routes"."name", "public"."routes"."status"::text, "public"."routes"."zoneId", "public"."routes"."vehicleId", "public"."routes"."operatorId", "public"."routes"."createdById", "public"."routes"."dayOfWeek", "public"."routes"."startTime", "public"."routes"."estimatedDuration", "public"."routes"."pathGeometry", "public"."routes"."createdAt", "public"."routes"."updatedAt", COALESCE("aggr_selection_0_Waypoint"."_aggr_count_waypoints", 0) AS "_aggr_count_waypoints" FROM "public"."routes" LEFT JOIN (SELECT "public"."waypoints"."routeId", COUNT(*) AS "_aggr_count_waypoints" FROM "public"."waypoints" WHERE 1=1 GROUP BY "public"."waypoints"."routeId") AS "aggr_selection_0_Waypoint" ON ("public"."routes"."id" = "aggr_selection_0_Waypoint"."routeId") WHERE 1=1 ORDER BY "public"."routes"."createdAt" DESC OFFSET $1
prisma:query SELECT "public"."zones"."id", "public"."zones"."name", "public"."zones"."color" FROM "public"."zones" WHERE "public"."zones"."id" IN ($1,$2,$3,$4,$5,$6,$7,$8,$9) OFFSET $10
prisma:query SELECT "public"."vehicles"."id", "public"."vehicles"."plate", "public"."vehicles"."type"::text FROM "public"."vehicles" WHERE "public"."vehicles"."id" IN ($1,$2) OFFSET $3
prisma:query SELECT "public"."users"."id", "public"."users"."firstName", "public"."users"."lastName" FROM "public"."users" WHERE "public"."users"."id" IN ($1,$2,$3,$4,$5,$6,$7,$8,$9) OFFSET $10
prisma:query SELECT "public"."users"."id", "public"."users"."zoneId" FROM "public"."users" WHERE ("public"."users"."id" = $1 AND 1=1) LIMIT $2 OFFSET $3
prisma:query SELECT "public"."incidents"."id", "public"."incidents"."type"::text, "public"."incidents"."description", "public"."incidents"."status"::text, "public"."incidents"."imageUrl", "public"."incidents"."lat", "public"."incidents"."lng", "public"."incidents"."address", "public"."incidents"."citizenId", "public"."incidents"."trackingCode", "public"."incidents"."createdAt", "public"."incidents"."updatedAt" FROM "public"."incidents" LEFT JOIN "public"."users" AS "j0" ON ("j0"."id") = ("public"."incidents"."citizenId") WHERE ("j0"."zoneId" = $1 AND ("j0"."id" IS NOT NULL)) ORDER BY "public"."incidents"."createdAt" DESC OFFSET $2
prisma:query SELECT "public"."users"."id", "public"."users"."zoneId" FROM "public"."users" WHERE ("public"."users"."id" = $1 AND 1=1) LIMIT $2 OFFSET $3
prisma:query SELECT "public"."incidents"."id", "public"."incidents"."type"::text, "public"."incidents"."description", "public"."incidents"."status"::text, "public"."incidents"."imageUrl", "public"."incidents"."lat", "public"."incidents"."lng", "public"."incidents"."address", "public"."incidents"."citizenId", "public"."incidents"."trackingCode", "public"."incidents"."createdAt", "public"."incidents"."updatedAt" FROM "public"."incidents" LEFT JOIN "public"."users" AS "j0" ON ("j0"."id") = ("public"."incidents"."citizenId") WHERE ("j0"."zoneId" = $1 AND ("j0"."id" IS NOT NULL)) ORDER BY "public"."incidents"."createdAt" DESC OFFSET $2
prisma:query SELECT "public"."waste_types"."id", "public"."waste_types"."name", "public"."waste_types"."category"::text, "public"."waste_types"."description", "public"."waste_types"."colorCode", "public"."waste_types"."examples", "public"."waste_types"."instructions", "public"."waste_types"."isActive", "public"."waste_types"."createdAt", "public"."waste_types"."updatedAt" FROM "public"."waste_types" WHERE "public"."waste_types"."isActive" = $1 ORDER BY "public"."waste_types"."category" ASC, "public"."waste_types"."name" ASC OFFSET $2
prisma:query SELECT "public"."users"."id", "public"."users"."zoneId" FROM "public"."users" WHERE ("public"."users"."id" = $1 AND 1=1) LIMIT $2 OFFSET $3
prisma:query SELECT 1
prisma:query SELECT "public"."users"."id", "public"."users"."zoneId" FROM "public"."users" WHERE ("public"."users"."id" = $1 AND 1=1) LIMIT $2 OFFSET $3
prisma:query SELECT "public"."waste_types"."id", "public"."waste_types"."name", "public"."waste_types"."category"::text, "public"."waste_types"."description", "public"."waste_types"."colorCode", "public"."waste_types"."examples", "public"."waste_types"."instructions", "public"."waste_types"."isActive", "public"."waste_types"."createdAt", "public"."waste_types"."updatedAt" FROM "public"."waste_types" WHERE "public"."waste_types"."isActive" = $1 ORDER BY "public"."waste_types"."category" ASC, "public"."waste_types"."name" ASC OFFSET $2
prisma:query INSERT INTO "public"."learn_visits" ("id","userId","zoneId","createdAt") VALUES ($1,$2,$3,$4) RETURNING "public"."learn_visits"."id", "public"."learn_visits"."userId", "public"."learn_visits"."zoneId", "public"."learn_visits"."createdAt"
prisma:query INSERT INTO "public"."learn_visits" ("id","userId","zoneId","createdAt") VALUES ($1,$2,$3,$4) RETURNING "public"."learn_visits"."id", "public"."learn_visits"."userId", "public"."learn_visits"."zoneId", "public"."learn_visits"."createdAt"
prisma:query SELECT "public"."vehicles"."id", "public"."vehicles"."plate", "public"."vehicles"."type"::text, "public"."vehicles"."brand", "public"."vehicles"."model", "public"."vehicles"."year", "public"."vehicles"."capacity", "public"."vehicles"."status"::text, "public"."vehicles"."isActive", "public"."vehicles"."currentLat", "public"."vehicles"."currentLng", "public"."vehicles"."createdAt", "public"."vehicles"."updatedAt" FROM "public"."vehicles" WHERE 1=1 ORDER BY "public"."vehicles"."createdAt" DESC OFFSET $1
prisma:query SELECT "public"."routes"."id", "public"."routes"."name", "public"."routes"."status"::text, "public"."routes"."zoneId", "public"."routes"."vehicleId", "public"."routes"."operatorId", "public"."routes"."createdById", "public"."routes"."dayOfWeek", "public"."routes"."startTime", "public"."routes"."estimatedDuration", "public"."routes"."pathGeometry", "public"."routes"."createdAt", "public"."routes"."updatedAt", COALESCE("aggr_selection_0_Waypoint"."_aggr_count_waypoints", 0) AS "_aggr_count_waypoints" FROM "public"."routes" LEFT JOIN (SELECT "public"."waypoints"."routeId", COUNT(*) AS "_aggr_count_waypoints" FROM "public"."waypoints" WHERE 1=1 GROUP BY "public"."waypoints"."routeId") AS "aggr_selection_0_Waypoint" ON ("public"."routes"."id" = "aggr_selection_0_Waypoint"."routeId") WHERE 1=1 ORDER BY "public"."routes"."createdAt" DESC OFFSET $1
prisma:query SELECT "public"."zones"."id", "public"."zones"."name", "public"."zones"."description", "public"."zones"."district", "public"."zones"."color", "public"."zones"."isActive", "public"."zones"."geometry", "public"."zones"."createdById", "public"."zones"."createdAt", "public"."zones"."updatedAt", COALESCE("aggr_selection_0_User"."_aggr_count_users", 0) AS "_aggr_count_users", COALESCE("aggr_selection_1_Route"."_aggr_count_routes", 0) AS "_aggr_count_routes" FROM "public"."zones" LEFT JOIN (SELECT "public"."users"."zoneId", COUNT(*) AS "_aggr_count_users" FROM "public"."users" WHERE 1=1 GROUP BY "public"."users"."zoneId") AS "aggr_selection_0_User" ON ("public"."zones"."id" = "aggr_selection_0_User"."zoneId") LEFT JOIN (SELECT "public"."routes"."zoneId", COUNT(*) AS "_aggr_count_routes" FROM "public"."routes" WHERE 1=1 GROUP BY "public"."routes"."zoneId") AS "aggr_selection_1_Route" ON ("public"."zones"."id" = "aggr_selection_1_Route"."zoneId") WHERE 1=1 ORDER BY "public"."zones"."createdAt" DESC OFFSET $1
prisma:query SELECT "public"."users"."id", "public"."users"."firstName", "public"."users"."lastName" FROM "public"."users" WHERE "public"."users"."id" IN ($1) OFFSET $2
prisma:query SELECT "public"."zones"."id", "public"."zones"."name", "public"."zones"."color" FROM "public"."zones" WHERE "public"."zones"."id" IN ($1,$2,$3,$4,$5,$6,$7,$8,$9) OFFSET $10
prisma:query SELECT "public"."vehicles"."id", "public"."vehicles"."plate", "public"."vehicles"."type"::text FROM "public"."vehicles" WHERE "public"."vehicles"."id" IN ($1,$2) OFFSET $3
prisma:query SELECT "public"."users"."id", "public"."users"."firstName", "public"."users"."lastName" FROM "public"."users" WHERE "public"."users"."id" IN ($1,$2,$3,$4,$5,$6,$7,$8,$9) OFFSET $10
prisma:query SELECT "public"."zones"."id", "public"."zones"."name", "public"."zones"."description", "public"."zones"."district", "public"."zones"."color", "public"."zones"."isActive", "public"."zones"."geometry", "public"."zones"."createdById", "public"."zones"."createdAt", "public"."zones"."updatedAt", COALESCE("aggr_selection_0_User"."_aggr_count_users", 0) AS "_aggr_count_users", COALESCE("aggr_selection_1_Route"."_aggr_count_routes", 0) AS "_aggr_count_routes" FROM "public"."zones" LEFT JOIN (SELECT "public"."users"."zoneId", COUNT(*) AS "_aggr_count_users" FROM "public"."users" WHERE 1=1 GROUP BY "public"."users"."zoneId") AS "aggr_selection_0_User" ON ("public"."zones"."id" = "aggr_selection_0_User"."zoneId") LEFT JOIN (SELECT "public"."routes"."zoneId", COUNT(*) AS "_aggr_count_routes" FROM "public"."routes" WHERE 1=1 GROUP BY "public"."routes"."zoneId") AS "aggr_selection_1_Route" ON ("public"."zones"."id" = "aggr_selection_1_Route"."zoneId") WHERE 1=1 ORDER BY "public"."zones"."createdAt" DESC OFFSET $1
prisma:query SELECT "public"."users"."id", "public"."users"."firstName", "public"."users"."lastName" FROM "public"."users" WHERE "public"."users"."id" IN ($1) OFFSET $2
prisma:query SELECT "public"."zones"."id", "public"."zones"."name", "public"."zones"."description", "public"."zones"."district", "public"."zones"."color", "public"."zones"."isActive", "public"."zones"."geometry", "public"."zones"."createdById", "public"."zones"."createdAt", "public"."zones"."updatedAt", COALESCE("aggr_selection_0_User"."_aggr_count_users", 0) AS "_aggr_count_users", COALESCE("aggr_selection_1_Route"."_aggr_count_routes", 0) AS "_aggr_count_routes" FROM "public"."zones" LEFT JOIN (SELECT "public"."users"."zoneId", COUNT(*) AS "_aggr_count_users" FROM "public"."users" WHERE 1=1 GROUP BY "public"."users"."zoneId") AS "aggr_selection_0_User" ON ("public"."zones"."id" = "aggr_selection_0_User"."zoneId") LEFT JOIN (SELECT "public"."routes"."zoneId", COUNT(*) AS "_aggr_count_routes" FROM "public"."routes" WHERE 1=1 GROUP BY "public"."routes"."zoneId") AS "aggr_selection_1_Route" ON ("public"."zones"."id" = "aggr_selection_1_Route"."zoneId") WHERE 1=1 ORDER BY "public"."zones"."createdAt" DESC OFFSET $1
prisma:query SELECT "public"."users"."id", "public"."users"."firstName", "public"."users"."lastName" FROM "public"."users" WHERE "public"."users"."id" IN ($1) OFFSET $2
prisma:query SELECT "public"."zones"."id", "public"."zones"."name", "public"."zones"."description", "public"."zones"."district", "public"."zones"."color", "public"."zones"."isActive", "public"."zones"."geometry", "public"."zones"."createdById", "public"."zones"."createdAt", "public"."zones"."updatedAt", COALESCE("aggr_selection_0_User"."_aggr_count_users", 0) AS "_aggr_count_users", COALESCE("aggr_selection_1_Route"."_aggr_count_routes", 0) AS "_aggr_count_routes" FROM "public"."zones" LEFT JOIN (SELECT "public"."users"."zoneId", COUNT(*) AS "_aggr_count_users" FROM "public"."users" WHERE 1=1 GROUP BY "public"."users"."zoneId") AS "aggr_selection_0_User" ON ("public"."zones"."id" = "aggr_selection_0_User"."zoneId") LEFT JOIN (SELECT "public"."routes"."zoneId", COUNT(*) AS "_aggr_count_routes" FROM "public"."routes" WHERE 1=1 GROUP BY "public"."routes"."zoneId") AS "aggr_selection_1_Route" ON ("public"."zones"."id" = "aggr_selection_1_Route"."zoneId") WHERE 1=1 ORDER BY "public"."zones"."createdAt" DESC OFFSET $1
prisma:query SELECT "public"."users"."id", "public"."users"."firstName", "public"."users"."lastName" FROM "public"."users" WHERE "public"."users"."id" IN ($1) OFFSET $2
prisma:query SELECT "public"."zones"."id", "public"."zones"."name", "public"."zones"."description", "public"."zones"."district", "public"."zones"."color", "public"."zones"."isActive", "public"."zones"."geometry", "public"."zones"."createdById", "public"."zones"."createdAt", "public"."zones"."updatedAt", COALESCE("aggr_selection_0_User"."_aggr_count_users", 0) AS "_aggr_count_users", COALESCE("aggr_selection_1_Route"."_aggr_count_routes", 0) AS "_aggr_count_routes" FROM "public"."zones" LEFT JOIN (SELECT "public"."users"."zoneId", COUNT(*) AS "_aggr_count_users" FROM "public"."users" WHERE 1=1 GROUP BY "public"."users"."zoneId") AS "aggr_selection_0_User" ON ("public"."zones"."id" = "aggr_selection_0_User"."zoneId") LEFT JOIN (SELECT "public"."routes"."zoneId", COUNT(*) AS "_aggr_count_routes" FROM "public"."routes" WHERE 1=1 GROUP BY "public"."routes"."zoneId") AS "aggr_selection_1_Route" ON ("public"."zones"."id" = "aggr_selection_1_Route"."zoneId") WHERE 1=1 ORDER BY "public"."zones"."createdAt" DESC OFFSET $1
prisma:query SELECT "public"."users"."id", "public"."users"."firstName", "public"."users"."lastName" FROM "public"."users" WHERE "public"."users"."id" IN ($1) OFFSET $2
prisma:query SELECT "public"."users"."id", "public"."users"."email", "public"."users"."firstName", "public"."users"."lastName", "public"."users"."dni", "public"."users"."phone", "public"."users"."address", "public"."users"."district", "public"."users"."role"::text, "public"."users"."isActive", "public"."users"."isVerified", "public"."users"."zoneId", "public"."users"."alertRadius" FROM "public"."users" WHERE ("public"."users"."id" = $1 AND 1=1) LIMIT $2 OFFSET $3
prisma:query SELECT "public"."zones"."id", "public"."zones"."name", "public"."zones"."district", "public"."zones"."color" FROM "public"."zones" WHERE "public"."zones"."id" IN ($1) OFFSET $2
prisma:query SELECT "public"."users"."id", "public"."users"."email", "public"."users"."firstName", "public"."users"."lastName", "public"."users"."dni", "public"."users"."phone", "public"."users"."address", "public"."users"."district", "public"."users"."role"::text, "public"."users"."isActive", "public"."users"."isVerified", "public"."users"."zoneId", "public"."users"."alertRadius" FROM "public"."users" WHERE ("public"."users"."id" = $1 AND 1=1) LIMIT $2 OFFSET $3
prisma:query SELECT "public"."zones"."id", "public"."zones"."name", "public"."zones"."district", "public"."zones"."color" FROM "public"."zones" WHERE "public"."zones"."id" IN ($1) OFFSET $2
prisma:query SELECT "public"."routes"."id", "public"."routes"."name", "public"."routes"."status"::text, "public"."routes"."zoneId", "public"."routes"."vehicleId", "public"."routes"."operatorId", "public"."routes"."createdById", "public"."routes"."dayOfWeek", "public"."routes"."startTime", "public"."routes"."estimatedDuration", "public"."routes"."pathGeometry", "public"."routes"."createdAt", "public"."routes"."updatedAt", COALESCE("aggr_selection_0_Waypoint"."_aggr_count_waypoints", 0) AS "_aggr_count_waypoints" FROM "public"."routes" LEFT JOIN (SELECT "public"."waypoints"."routeId", COUNT(*) AS "_aggr_count_waypoints" FROM "public"."waypoints" WHERE 1=1 GROUP BY "public"."waypoints"."routeId") AS "aggr_selection_0_Waypoint" ON ("public"."routes"."id" = "aggr_selection_0_Waypoint"."routeId") WHERE 1=1 ORDER BY "public"."routes"."createdAt" DESC OFFSET $1
prisma:query SELECT "public"."zones"."id", "public"."zones"."name", "public"."zones"."color" FROM "public"."zones" WHERE "public"."zones"."id" IN ($1,$2,$3,$4,$5,$6,$7,$8,$9) OFFSET $10
prisma:query SELECT "public"."vehicles"."id", "public"."vehicles"."plate", "public"."vehicles"."type"::text FROM "public"."vehicles" WHERE "public"."vehicles"."id" IN ($1,$2) OFFSET $3
prisma:query SELECT "public"."zones"."id", "public"."zones"."name", "public"."zones"."description", "public"."zones"."district", "public"."zones"."color", "public"."zones"."isActive", "public"."zones"."geometry", "public"."zones"."createdById", "public"."zones"."createdAt", "public"."zones"."updatedAt", COALESCE("aggr_selection_0_User"."_aggr_count_users", 0) AS "_aggr_count_users", COALESCE("aggr_selection_1_Route"."_aggr_count_routes", 0) AS "_aggr_count_routes" FROM "public"."zones" LEFT JOIN (SELECT "public"."users"."zoneId", COUNT(*) AS "_aggr_count_users" FROM "public"."users" WHERE 1=1 GROUP BY "public"."users"."zoneId") AS "aggr_selection_0_User" ON ("public"."zones"."id" = "aggr_selection_0_User"."zoneId") LEFT JOIN (SELECT "public"."routes"."zoneId", COUNT(*) AS "_aggr_count_routes" FROM "public"."routes" WHERE 1=1 GROUP BY "public"."routes"."zoneId") AS "aggr_selection_1_Route" ON ("public"."zones"."id" = "aggr_selection_1_Route"."zoneId") WHERE 1=1 ORDER BY "public"."zones"."createdAt" DESC OFFSET $1
prisma:query SELECT "public"."users"."id", "public"."users"."firstName", "public"."users"."lastName" FROM "public"."users" WHERE "public"."users"."id" IN ($1,$2,$3,$4,$5,$6,$7,$8,$9) OFFSET $10
prisma:query SELECT "public"."users"."id", "public"."users"."firstName", "public"."users"."lastName" FROM "public"."users" WHERE "public"."users"."id" IN ($1) OFFSET $2
prisma:query SELECT "public"."zones"."id", "public"."zones"."name", "public"."zones"."description", "public"."zones"."district", "public"."zones"."color", "public"."zones"."isActive", "public"."zones"."geometry", "public"."zones"."createdById", "public"."zones"."createdAt", "public"."zones"."updatedAt", COALESCE("aggr_selection_0_User"."_aggr_count_users", 0) AS "_aggr_count_users", COALESCE("aggr_selection_1_Route"."_aggr_count_routes", 0) AS "_aggr_count_routes" FROM "public"."zones" LEFT JOIN (SELECT "public"."users"."zoneId", COUNT(*) AS "_aggr_count_users" FROM "public"."users" WHERE 1=1 GROUP BY "public"."users"."zoneId") AS "aggr_selection_0_User" ON ("public"."zones"."id" = "aggr_selection_0_User"."zoneId") LEFT JOIN (SELECT "public"."routes"."zoneId", COUNT(*) AS "_aggr_count_routes" FROM "public"."routes" WHERE 1=1 GROUP BY "public"."routes"."zoneId") AS "aggr_selection_1_Route" ON ("public"."zones"."id" = "aggr_selection_1_Route"."zoneId") WHERE 1=1 ORDER BY "public"."zones"."createdAt" DESC OFFSET $1
prisma:query SELECT "public"."routes"."id", "public"."routes"."name", "public"."routes"."status"::text, "public"."routes"."zoneId", "public"."routes"."vehicleId", "public"."routes"."operatorId", "public"."routes"."createdById", "public"."routes"."dayOfWeek", "public"."routes"."startTime", "public"."routes"."estimatedDuration", "public"."routes"."pathGeometry", "public"."routes"."createdAt", "public"."routes"."updatedAt", COALESCE("aggr_selection_0_Waypoint"."_aggr_count_waypoints", 0) AS "_aggr_count_waypoints" FROM "public"."routes" LEFT JOIN (SELECT "public"."waypoints"."routeId", COUNT(*) AS "_aggr_count_waypoints" FROM "public"."waypoints" WHERE 1=1 GROUP BY "public"."waypoints"."routeId") AS "aggr_selection_0_Waypoint" ON ("public"."routes"."id" = "aggr_selection_0_Waypoint"."routeId") WHERE 1=1 ORDER BY "public"."routes"."createdAt" DESC OFFSET $1
prisma:query SELECT "public"."users"."id", "public"."users"."firstName", "public"."users"."lastName" FROM "public"."users" WHERE "public"."users"."id" IN ($1) OFFSET $2
prisma:query SELECT "public"."zones"."id", "public"."zones"."name", "public"."zones"."color" FROM "public"."zones" WHERE "public"."zones"."id" IN ($1,$2,$3,$4,$5,$6,$7,$8,$9) OFFSET $10
prisma:query SELECT "public"."vehicles"."id", "public"."vehicles"."plate", "public"."vehicles"."type"::text FROM "public"."vehicles" WHERE "public"."vehicles"."id" IN ($1,$2) OFFSET $3
prisma:query SELECT "public"."users"."id", "public"."users"."firstName", "public"."users"."lastName" FROM "public"."users" WHERE "public"."users"."id" IN ($1,$2,$3,$4,$5,$6,$7,$8,$9) OFFSET $10
prisma:query SELECT 1
prisma:query DELETE FROM "public"."refresh_tokens" WHERE "public"."refresh_tokens"."token" = $1
prisma:query SELECT "public"."users"."id", "public"."users"."email", "public"."users"."password", "public"."users"."role"::text, "public"."users"."firstName", "public"."users"."lastName", "public"."users"."zoneId", "public"."users"."isActive", "public"."users"."isVerified", "public"."users"."lockedUntil", "public"."users"."failedLoginAttempts" FROM "public"."users" WHERE ("public"."users"."email" = $1 AND 1=1) LIMIT $2 OFFSET $3
prisma:query BEGIN
prisma:query UPDATE "public"."users" SET "failedLoginAttempts" = $1, "lockedUntil" = $2, "lastLoginAt" = $3, "updatedAt" = $4 WHERE ("public"."users"."id" = $5 AND 1=1) RETURNING "public"."users"."id", "public"."users"."email", "public"."users"."password", "public"."users"."dni", "public"."users"."firstName", "public"."users"."lastName", "public"."users"."phone", "public"."users"."address", "public"."users"."district", "public"."users"."role"::text, "public"."users"."isActive", "public"."users"."isVerified", "public"."users"."emailVerificationToken", "public"."users"."emailVerificationExpiry", "public"."users"."passwordResetToken", "public"."users"."passwordResetExpiry", "public"."users"."failedLoginAttempts", "public"."users"."lockedUntil", "public"."users"."lastLoginAt", "public"."users"."zoneId", "public"."users"."homeLat", "public"."users"."homeLng", "public"."users"."alertRadius", "public"."users"."createdAt", "public"."users"."updatedAt"
prisma:query INSERT INTO "public"."refresh_tokens" ("id","token","userId","expiresAt","createdAt") VALUES ($1,$2,$3,$4,$5) RETURNING "public"."refresh_tokens"."id", "public"."refresh_tokens"."token", "public"."refresh_tokens"."userId", "public"."refresh_tokens"."expiresAt", "public"."refresh_tokens"."createdAt"
prisma:query COMMIT
prisma:query SELECT 1
prisma:query SELECT "public"."routes"."id", "public"."routes"."name", "public"."routes"."status"::text, "public"."routes"."zoneId", "public"."routes"."vehicleId", "public"."routes"."operatorId", "public"."routes"."createdById", "public"."routes"."dayOfWeek", "public"."routes"."startTime", "public"."routes"."estimatedDuration", "public"."routes"."pathGeometry", "public"."routes"."createdAt", "public"."routes"."updatedAt", COALESCE("aggr_selection_0_Waypoint"."_aggr_count_waypoints", 0) AS "_aggr_count_waypoints" FROM "public"."routes" LEFT JOIN (SELECT "public"."waypoints"."routeId", COUNT(*) AS "_aggr_count_waypoints" FROM "public"."waypoints" WHERE 1=1 GROUP BY "public"."waypoints"."routeId") AS "aggr_selection_0_Waypoint" ON ("public"."routes"."id" = "aggr_selection_0_Waypoint"."routeId") WHERE 1=1 ORDER BY "public"."routes"."createdAt" DESC OFFSET $1
prisma:query SELECT "public"."zones"."id", "public"."zones"."name", "public"."zones"."color" FROM "public"."zones" WHERE "public"."zones"."id" IN ($1,$2,$3,$4,$5,$6,$7,$8,$9) OFFSET $10
prisma:query SELECT "public"."zones"."id", "public"."zones"."name", "public"."zones"."description", "public"."zones"."district", "public"."zones"."color", "public"."zones"."isActive", "public"."zones"."geometry", "public"."zones"."createdById", "public"."zones"."createdAt", "public"."zones"."updatedAt", COALESCE("aggr_selection_0_User"."_aggr_count_users", 0) AS "_aggr_count_users", COALESCE("aggr_selection_1_Route"."_aggr_count_routes", 0) AS "_aggr_count_routes" FROM "public"."zones" LEFT JOIN (SELECT "public"."users"."zoneId", COUNT(*) AS "_aggr_count_users" FROM "public"."users" WHERE 1=1 GROUP BY "public"."users"."zoneId") AS "aggr_selection_0_User" ON ("public"."zones"."id" = "aggr_selection_0_User"."zoneId") LEFT JOIN (SELECT "public"."routes"."zoneId", COUNT(*) AS "_aggr_count_routes" FROM "public"."routes" WHERE 1=1 GROUP BY "public"."routes"."zoneId") AS "aggr_selection_1_Route" ON ("public"."zones"."id" = "aggr_selection_1_Route"."zoneId") WHERE 1=1 ORDER BY "public"."zones"."createdAt" DESC OFFSET $1
prisma:query SELECT "public"."users"."id", "public"."users"."firstName", "public"."users"."lastName" FROM "public"."users" WHERE "public"."users"."id" IN ($1) OFFSET $2
prisma:query SELECT "public"."vehicles"."id", "public"."vehicles"."plate", "public"."vehicles"."type"::text FROM "public"."vehicles" WHERE "public"."vehicles"."id" IN ($1,$2) OFFSET $3
prisma:query SELECT "public"."users"."id", "public"."users"."firstName", "public"."users"."lastName" FROM "public"."users" WHERE "public"."users"."id" IN ($1,$2,$3,$4,$5,$6,$7,$8,$9) OFFSET $10
prisma:query SELECT "public"."zones"."id", "public"."zones"."name", "public"."zones"."description", "public"."zones"."district", "public"."zones"."color", "public"."zones"."isActive", "public"."zones"."geometry", "public"."zones"."createdById", "public"."zones"."createdAt", "public"."zones"."updatedAt", COALESCE("aggr_selection_0_User"."_aggr_count_users", 0) AS "_aggr_count_users", COALESCE("aggr_selection_1_Route"."_aggr_count_routes", 0) AS "_aggr_count_routes" FROM "public"."zones" LEFT JOIN (SELECT "public"."users"."zoneId", COUNT(*) AS "_aggr_count_users" FROM "public"."users" WHERE 1=1 GROUP BY "public"."users"."zoneId") AS "aggr_selection_0_User" ON ("public"."zones"."id" = "aggr_selection_0_User"."zoneId") LEFT JOIN (SELECT "public"."routes"."zoneId", COUNT(*) AS "_aggr_count_routes" FROM "public"."routes" WHERE 1=1 GROUP BY "public"."routes"."zoneId") AS "aggr_selection_1_Route" ON ("public"."zones"."id" = "aggr_selection_1_Route"."zoneId") WHERE 1=1 ORDER BY "public"."zones"."createdAt" DESC OFFSET $1
prisma:query SELECT "public"."users"."id", "public"."users"."firstName", "public"."users"."lastName" FROM "public"."users" WHERE "public"."users"."id" IN ($1) OFFSET $2
prisma:query SELECT "public"."routes"."id", "public"."routes"."name", "public"."routes"."status"::text, "public"."routes"."zoneId", "public"."routes"."vehicleId", "public"."routes"."operatorId", "public"."routes"."createdById", "public"."routes"."dayOfWeek", "public"."routes"."startTime", "public"."routes"."estimatedDuration", "public"."routes"."pathGeometry", "public"."routes"."createdAt", "public"."routes"."updatedAt", COALESCE("aggr_selection_0_Waypoint"."_aggr_count_waypoints", 0) AS "_aggr_count_waypoints" FROM "public"."routes" LEFT JOIN (SELECT "public"."waypoints"."routeId", COUNT(*) AS "_aggr_count_waypoints" FROM "public"."waypoints" WHERE 1=1 GROUP BY "public"."waypoints"."routeId") AS "aggr_selection_0_Waypoint" ON ("public"."routes"."id" = "aggr_selection_0_Waypoint"."routeId") WHERE 1=1 ORDER BY "public"."routes"."createdAt" DESC OFFSET $1
prisma:query SELECT "public"."zones"."id", "public"."zones"."name", "public"."zones"."color" FROM "public"."zones" WHERE "public"."zones"."id" IN ($1,$2,$3,$4,$5,$6,$7,$8,$9) OFFSET $10
prisma:query SELECT "public"."vehicles"."id", "public"."vehicles"."plate", "public"."vehicles"."type"::text FROM "public"."vehicles" WHERE "public"."vehicles"."id" IN ($1,$2) OFFSET $3
prisma:query SELECT "public"."users"."id", "public"."users"."firstName", "public"."users"."lastName" FROM "public"."users" WHERE "public"."users"."id" IN ($1,$2,$3,$4,$5,$6,$7,$8,$9) OFFSET $10
prisma:query SELECT "public"."zones"."id", "public"."zones"."name", "public"."zones"."description", "public"."zones"."district", "public"."zones"."color", "public"."zones"."isActive", "public"."zones"."geometry", "public"."zones"."createdById", "public"."zones"."createdAt", "public"."zones"."updatedAt", COALESCE("aggr_selection_0_User"."_aggr_count_users", 0) AS "_aggr_count_users", COALESCE("aggr_selection_1_Route"."_aggr_count_routes", 0) AS "_aggr_count_routes" FROM "public"."zones" LEFT JOIN (SELECT "public"."users"."zoneId", COUNT(*) AS "_aggr_count_users" FROM "public"."users" WHERE 1=1 GROUP BY "public"."users"."zoneId") AS "aggr_selection_0_User" ON ("public"."zones"."id" = "aggr_selection_0_User"."zoneId") LEFT JOIN (SELECT "public"."routes"."zoneId", COUNT(*) AS "_aggr_count_routes" FROM "public"."routes" WHERE 1=1 GROUP BY "public"."routes"."zoneId") AS "aggr_selection_1_Route" ON ("public"."zones"."id" = "aggr_selection_1_Route"."zoneId") WHERE 1=1 ORDER BY "public"."zones"."createdAt" DESC OFFSET $1
prisma:query SELECT "public"."users"."id", "public"."users"."firstName", "public"."users"."lastName" FROM "public"."users" WHERE "public"."users"."id" IN ($1) OFFSET $2
prisma:query SELECT "public"."users"."id", "public"."users"."email", "public"."users"."firstName", "public"."users"."lastName", "public"."users"."dni", "public"."users"."phone", "public"."users"."address", "public"."users"."district", "public"."users"."role"::text, "public"."users"."isActive", "public"."users"."isVerified", "public"."users"."zoneId", "public"."users"."createdAt" FROM "public"."users" WHERE "public"."users"."role" = CAST($1::text AS "public"."Role") ORDER BY "public"."users"."createdAt" DESC OFFSET $2
prisma:query SELECT "public"."zones"."id", "public"."zones"."name", "public"."zones"."district", "public"."zones"."color" FROM "public"."zones" WHERE "public"."zones"."id" IN ($1,$2) OFFSET $3
prisma:query SELECT "public"."zones"."id", "public"."zones"."name", "public"."zones"."description", "public"."zones"."district", "public"."zones"."color", "public"."zones"."isActive", "public"."zones"."geometry", "public"."zones"."createdById", "public"."zones"."createdAt", "public"."zones"."updatedAt", COALESCE("aggr_selection_0_User"."_aggr_count_users", 0) AS "_aggr_count_users", COALESCE("aggr_selection_1_Route"."_aggr_count_routes", 0) AS "_aggr_count_routes" FROM "public"."zones" LEFT JOIN (SELECT "public"."users"."zoneId", COUNT(*) AS "_aggr_count_users" FROM "public"."users" WHERE 1=1 GROUP BY "public"."users"."zoneId") AS "aggr_selection_0_User" ON ("public"."zones"."id" = "aggr_selection_0_User"."zoneId") LEFT JOIN (SELECT "public"."routes"."zoneId", COUNT(*) AS "_aggr_count_routes" FROM "public"."routes" WHERE 1=1 GROUP BY "public"."routes"."zoneId") AS "aggr_selection_1_Route" ON ("public"."zones"."id" = "aggr_selection_1_Route"."zoneId") WHERE 1=1 ORDER BY "public"."zones"."createdAt" DESC OFFSET $1
prisma:query SELECT "public"."users"."id", "public"."users"."firstName", "public"."users"."lastName" FROM "public"."users" WHERE "public"."users"."id" IN ($1) OFFSET $2
prisma:query SELECT 1
prisma:query SELECT "public"."users"."id", "public"."users"."email", "public"."users"."firstName", "public"."users"."lastName", "public"."users"."dni", "public"."users"."phone", "public"."users"."address", "public"."users"."district", "public"."users"."role"::text, "public"."users"."isActive", "public"."users"."isVerified", "public"."users"."zoneId", "public"."users"."createdAt" FROM "public"."users" WHERE "public"."users"."role" = CAST($1::text AS "public"."Role") ORDER BY "public"."users"."createdAt" DESC OFFSET $2
prisma:query SELECT "public"."zones"."id", "public"."zones"."name", "public"."zones"."district", "public"."zones"."color" FROM "public"."zones" WHERE "public"."zones"."id" IN ($1,$2,$3,$4,$5,$6,$7,$8,$9) OFFSET $10
prisma:query SELECT "public"."users"."id", "public"."users"."email", "public"."users"."firstName", "public"."users"."lastName", "public"."users"."dni", "public"."users"."phone", "public"."users"."address", "public"."users"."district", "public"."users"."role"::text, "public"."users"."isActive", "public"."users"."isVerified", "public"."users"."zoneId", "public"."users"."createdAt" FROM "public"."users" WHERE "public"."users"."role" = CAST($1::text AS "public"."Role") ORDER BY "public"."users"."createdAt" DESC OFFSET $2
prisma:query SELECT 1
prisma:query SELECT "public"."users"."id", "public"."users"."zoneId" FROM "public"."users" WHERE ("public"."users"."id" = $1 AND 1=1) LIMIT $2 OFFSET $3
prisma:query SELECT "public"."waste_types"."id", "public"."waste_types"."name", "public"."waste_types"."category"::text, "public"."waste_types"."description", "public"."waste_types"."colorCode", "public"."waste_types"."examples", "public"."waste_types"."instructions", "public"."waste_types"."isActive", "public"."waste_types"."createdAt", "public"."waste_types"."updatedAt" FROM "public"."waste_types" WHERE 1=1 ORDER BY "public"."waste_types"."category" ASC, "public"."waste_types"."name" ASC OFFSET $1
prisma:query INSERT INTO "public"."learn_visits" ("id","userId","zoneId","createdAt") VALUES ($1,$2,$3,$4) RETURNING "public"."learn_visits"."id", "public"."learn_visits"."userId", "public"."learn_visits"."zoneId", "public"."learn_visits"."createdAt"
prisma:query SELECT "public"."waste_types"."id", "public"."waste_types"."name", "public"."waste_types"."category"::text, "public"."waste_types"."description", "public"."waste_types"."colorCode", "public"."waste_types"."examples", "public"."waste_types"."instructions", "public"."waste_types"."isActive", "public"."waste_types"."createdAt", "public"."waste_types"."updatedAt" FROM "public"."waste_types" WHERE 1=1 ORDER BY "public"."waste_types"."category" ASC, "public"."waste_types"."name" ASC OFFSET $1
prisma:query SELECT "public"."users"."id", "public"."users"."zoneId" FROM "public"."users" WHERE ("public"."users"."id" = $1 AND 1=1) LIMIT $2 OFFSET $3
prisma:query INSERT INTO "public"."learn_visits" ("id","userId","zoneId","createdAt") VALUES ($1,$2,$3,$4) RETURNING "public"."learn_visits"."id", "public"."learn_visits"."userId", "public"."learn_visits"."zoneId", "public"."learn_visits"."createdAt"
prisma:query SELECT "public"."waste_types"."id", "public"."waste_types"."name", "public"."waste_types"."category"::text, "public"."waste_types"."description", "public"."waste_types"."colorCode", "public"."waste_types"."examples", "public"."waste_types"."instructions", "public"."waste_types"."isActive", "public"."waste_types"."createdAt", "public"."waste_types"."updatedAt" FROM "public"."waste_types" WHERE 1=1 ORDER BY "public"."waste_types"."category" ASC, "public"."waste_types"."name" ASC OFFSET $1
prisma:query SELECT "public"."waste_types"."id", "public"."waste_types"."name", "public"."waste_types"."category"::text, "public"."waste_types"."description", "public"."waste_types"."colorCode", "public"."waste_types"."examples", "public"."waste_types"."instructions", "public"."waste_types"."isActive", "public"."waste_types"."createdAt", "public"."waste_types"."updatedAt" FROM "public"."waste_types" WHERE 1=1 ORDER BY "public"."waste_types"."category" ASC, "public"."waste_types"."name" ASC OFFSET $1
prisma:query SELECT "public"."vehicles"."id", "public"."vehicles"."plate", "public"."vehicles"."type"::text, "public"."vehicles"."brand", "public"."vehicles"."model", "public"."vehicles"."year", "public"."vehicles"."capacity", "public"."vehicles"."status"::text, "public"."vehicles"."isActive", "public"."vehicles"."currentLat", "public"."vehicles"."currentLng", "public"."vehicles"."createdAt", "public"."vehicles"."updatedAt" FROM "public"."vehicles" WHERE 1=1 ORDER BY "public"."vehicles"."createdAt" DESC OFFSET $1
prisma:query SELECT "public"."vehicles"."id", "public"."vehicles"."plate", "public"."vehicles"."type"::text, "public"."vehicles"."brand", "public"."vehicles"."model", "public"."vehicles"."year", "public"."vehicles"."capacity", "public"."vehicles"."status"::text, "public"."vehicles"."isActive", "public"."vehicles"."currentLat", "public"."vehicles"."currentLng", "public"."vehicles"."createdAt", "public"."vehicles"."updatedAt" FROM "public"."vehicles" WHERE 1=1 ORDER BY "public"."vehicles"."createdAt" DESC OFFSET $1
prisma:query SELECT "public"."waste_types"."id", "public"."waste_types"."name", "public"."waste_types"."category"::text, "public"."waste_types"."description", "public"."waste_types"."colorCode", "public"."waste_types"."examples", "public"."waste_types"."instructions", "public"."waste_types"."isActive", "public"."waste_types"."createdAt", "public"."waste_types"."updatedAt" FROM "public"."waste_types" WHERE 1=1 ORDER BY "public"."waste_types"."category" ASC, "public"."waste_types"."name" ASC OFFSET $1
prisma:query SELECT "public"."waste_types"."id", "public"."waste_types"."name", "public"."waste_types"."category"::text, "public"."waste_types"."description", "public"."waste_types"."colorCode", "public"."waste_types"."examples", "public"."waste_types"."instructions", "public"."waste_types"."isActive", "public"."waste_types"."createdAt", "public"."waste_types"."updatedAt" FROM "public"."waste_types" WHERE 1=1 ORDER BY "public"."waste_types"."category" ASC, "public"."waste_types"."name" ASC OFFSET $1
prisma:query SELECT 1
prisma:query SELECT "public"."waste_types"."id", "public"."waste_types"."name", "public"."waste_types"."category"::text, "public"."waste_types"."description", "public"."waste_types"."colorCode", "public"."waste_types"."examples", "public"."waste_types"."instructions", "public"."waste_types"."isActive", "public"."waste_types"."createdAt", "public"."waste_types"."updatedAt" FROM "public"."waste_types" WHERE 1=1 ORDER BY "public"."waste_types"."category" ASC, "public"."waste_types"."name" ASC OFFSET $1
prisma:query SELECT 1
prisma:query SELECT "public"."zones"."id", "public"."zones"."name", "public"."zones"."description", "public"."zones"."district", "public"."zones"."color", "public"."zones"."isActive", "public"."zones"."geometry", "public"."zones"."createdById", "public"."zones"."createdAt", "public"."zones"."updatedAt", COALESCE("aggr_selection_0_User"."_aggr_count_users", 0) AS "_aggr_count_users", COALESCE("aggr_selection_1_Route"."_aggr_count_routes", 0) AS "_aggr_count_routes" FROM "public"."zones" LEFT JOIN (SELECT "public"."users"."zoneId", COUNT(*) AS "_aggr_count_users" FROM "public"."users" WHERE 1=1 GROUP BY "public"."users"."zoneId") AS "aggr_selection_0_User" ON ("public"."zones"."id" = "aggr_selection_0_User"."zoneId") LEFT JOIN (SELECT "public"."routes"."zoneId", COUNT(*) AS "_aggr_count_routes" FROM "public"."routes" WHERE 1=1 GROUP BY "public"."routes"."zoneId") AS "aggr_selection_1_Route" ON ("public"."zones"."id" = "aggr_selection_1_Route"."zoneId") WHERE 1=1 ORDER BY "public"."zones"."createdAt" DESC OFFSET $1
prisma:query SELECT "public"."users"."id", "public"."users"."firstName", "public"."users"."lastName" FROM "public"."users" WHERE "public"."users"."id" IN ($1) OFFSET $2
prisma:query SELECT "public"."zones"."id", "public"."zones"."name", "public"."zones"."description", "public"."zones"."district", "public"."zones"."color", "public"."zones"."isActive", "public"."zones"."geometry", "public"."zones"."createdById", "public"."zones"."createdAt", "public"."zones"."updatedAt", COALESCE("aggr_selection_0_User"."_aggr_count_users", 0) AS "_aggr_count_users", COALESCE("aggr_selection_1_Route"."_aggr_count_routes", 0) AS "_aggr_count_routes" FROM "public"."zones" LEFT JOIN (SELECT "public"."users"."zoneId", COUNT(*) AS "_aggr_count_users" FROM "public"."users" WHERE 1=1 GROUP BY "public"."users"."zoneId") AS "aggr_selection_0_User" ON ("public"."zones"."id" = "aggr_selection_0_User"."zoneId") LEFT JOIN (SELECT "public"."routes"."zoneId", COUNT(*) AS "_aggr_count_routes" FROM "public"."routes" WHERE 1=1 GROUP BY "public"."routes"."zoneId") AS "aggr_selection_1_Route" ON ("public"."zones"."id" = "aggr_selection_1_Route"."zoneId") WHERE 1=1 ORDER BY "public"."zones"."createdAt" DESC OFFSET $1
prisma:query SELECT "public"."users"."id", "public"."users"."firstName", "public"."users"."lastName" FROM "public"."users" WHERE "public"."users"."id" IN ($1) OFFSET $2
prisma:query SELECT "public"."routes"."id", "public"."routes"."name", "public"."routes"."status"::text, "public"."routes"."zoneId", "public"."routes"."vehicleId", "public"."routes"."operatorId", "public"."routes"."createdById", "public"."routes"."dayOfWeek", "public"."routes"."startTime", "public"."routes"."estimatedDuration", "public"."routes"."pathGeometry", "public"."routes"."createdAt", "public"."routes"."updatedAt", COALESCE("aggr_selection_0_Waypoint"."_aggr_count_waypoints", 0) AS "_aggr_count_waypoints" FROM "public"."routes" LEFT JOIN (SELECT "public"."waypoints"."routeId", COUNT(*) AS "_aggr_count_waypoints" FROM "public"."waypoints" WHERE 1=1 GROUP BY "public"."waypoints"."routeId") AS "aggr_selection_0_Waypoint" ON ("public"."routes"."id" = "aggr_selection_0_Waypoint"."routeId") WHERE 1=1 ORDER BY "public"."routes"."createdAt" DESC OFFSET $1
prisma:query SELECT "public"."zones"."id", "public"."zones"."name", "public"."zones"."color" FROM "public"."zones" WHERE "public"."zones"."id" IN ($1,$2,$3,$4,$5,$6,$7,$8,$9) OFFSET $10
prisma:query SELECT "public"."vehicles"."id", "public"."vehicles"."plate", "public"."vehicles"."type"::text FROM "public"."vehicles" WHERE "public"."vehicles"."id" IN ($1,$2) OFFSET $3
prisma:query SELECT "public"."users"."id", "public"."users"."firstName", "public"."users"."lastName" FROM "public"."users" WHERE "public"."users"."id" IN ($1,$2,$3,$4,$5,$6,$7,$8,$9) OFFSET $10
prisma:query SELECT "public"."routes"."id", "public"."routes"."name", "public"."routes"."status"::text, "public"."routes"."zoneId", "public"."routes"."vehicleId", "public"."routes"."operatorId", "public"."routes"."createdById", "public"."routes"."dayOfWeek", "public"."routes"."startTime", "public"."routes"."estimatedDuration", "public"."routes"."pathGeometry", "public"."routes"."createdAt", "public"."routes"."updatedAt", COALESCE("aggr_selection_0_Waypoint"."_aggr_count_waypoints", 0) AS "_aggr_count_waypoints" FROM "public"."routes" LEFT JOIN (SELECT "public"."waypoints"."routeId", COUNT(*) AS "_aggr_count_waypoints" FROM "public"."waypoints" WHERE 1=1 GROUP BY "public"."waypoints"."routeId") AS "aggr_selection_0_Waypoint" ON ("public"."routes"."id" = "aggr_selection_0_Waypoint"."routeId") WHERE 1=1 ORDER BY "public"."routes"."createdAt" DESC OFFSET $1
prisma:query SELECT "public"."zones"."id", "public"."zones"."name", "public"."zones"."color" FROM "public"."zones" WHERE "public"."zones"."id" IN ($1,$2,$3,$4,$5,$6,$7,$8,$9) OFFSET $10
prisma:query SELECT "public"."vehicles"."id", "public"."vehicles"."plate", "public"."vehicles"."type"::text FROM "public"."vehicles" WHERE "public"."vehicles"."id" IN ($1,$2) OFFSET $3
prisma:query SELECT "public"."users"."id", "public"."users"."firstName", "public"."users"."lastName" FROM "public"."users" WHERE "public"."users"."id" IN ($1,$2,$3,$4,$5,$6,$7,$8,$9) OFFSET $10
prisma:query DELETE FROM "public"."refresh_tokens" WHERE "public"."refresh_tokens"."token" = $1
prisma:query SELECT "public"."users"."id", "public"."users"."email", "public"."users"."password", "public"."users"."role"::text, "public"."users"."firstName", "public"."users"."lastName", "public"."users"."zoneId", "public"."users"."isActive", "public"."users"."isVerified", "public"."users"."lockedUntil", "public"."users"."failedLoginAttempts" FROM "public"."users" WHERE ("public"."users"."email" = $1 AND 1=1) LIMIT $2 OFFSET $3
prisma:query BEGIN
prisma:query UPDATE "public"."users" SET "failedLoginAttempts" = $1, "lockedUntil" = $2, "lastLoginAt" = $3, "updatedAt" = $4 WHERE ("public"."users"."id" = $5 AND 1=1) RETURNING "public"."users"."id", "public"."users"."email", "public"."users"."password", "public"."users"."dni", "public"."users"."firstName", "public"."users"."lastName", "public"."users"."phone", "public"."users"."address", "public"."users"."district", "public"."users"."role"::text, "public"."users"."isActive", "public"."users"."isVerified", "public"."users"."emailVerificationToken", "public"."users"."emailVerificationExpiry", "public"."users"."passwordResetToken", "public"."users"."passwordResetExpiry", "public"."users"."failedLoginAttempts", "public"."users"."lockedUntil", "public"."users"."lastLoginAt", "public"."users"."zoneId", "public"."users"."homeLat", "public"."users"."homeLng", "public"."users"."alertRadius", "public"."users"."createdAt", "public"."users"."updatedAt"
prisma:query INSERT INTO "public"."refresh_tokens" ("id","token","userId","expiresAt","createdAt") VALUES ($1,$2,$3,$4,$5) RETURNING "public"."refresh_tokens"."id", "public"."refresh_tokens"."token", "public"."refresh_tokens"."userId", "public"."refresh_tokens"."expiresAt", "public"."refresh_tokens"."createdAt"
prisma:query COMMIT
prisma:query SELECT "public"."zones"."id", "public"."zones"."name", "public"."zones"."description", "public"."zones"."district", "public"."zones"."color", "public"."zones"."isActive", "public"."zones"."geometry", "public"."zones"."createdById", "public"."zones"."createdAt", "public"."zones"."updatedAt", COALESCE("aggr_selection_0_User"."_aggr_count_users", 0) AS "_aggr_count_users", COALESCE("aggr_selection_1_Route"."_aggr_count_routes", 0) AS "_aggr_count_routes" FROM "public"."zones" LEFT JOIN (SELECT "public"."users"."zoneId", COUNT(*) AS "_aggr_count_users" FROM "public"."users" WHERE 1=1 GROUP BY "public"."users"."zoneId") AS "aggr_selection_0_User" ON ("public"."zones"."id" = "aggr_selection_0_User"."zoneId") LEFT JOIN (SELECT "public"."routes"."zoneId", COUNT(*) AS "_aggr_count_routes" FROM "public"."routes" WHERE 1=1 GROUP BY "public"."routes"."zoneId") AS "aggr_selection_1_Route" ON ("public"."zones"."id" = "aggr_selection_1_Route"."zoneId") WHERE 1=1 ORDER BY "public"."zones"."createdAt" DESC OFFSET $1
prisma:query SELECT "public"."routes"."id", "public"."routes"."name", "public"."routes"."status"::text, "public"."routes"."zoneId", "public"."routes"."vehicleId", "public"."routes"."operatorId", "public"."routes"."createdById", "public"."routes"."dayOfWeek", "public"."routes"."startTime", "public"."routes"."estimatedDuration", "public"."routes"."pathGeometry", "public"."routes"."createdAt", "public"."routes"."updatedAt", COALESCE("aggr_selection_0_Waypoint"."_aggr_count_waypoints", 0) AS "_aggr_count_waypoints" FROM "public"."routes" LEFT JOIN (SELECT "public"."waypoints"."routeId", COUNT(*) AS "_aggr_count_waypoints" FROM "public"."waypoints" WHERE 1=1 GROUP BY "public"."waypoints"."routeId") AS "aggr_selection_0_Waypoint" ON ("public"."routes"."id" = "aggr_selection_0_Waypoint"."routeId") WHERE 1=1 ORDER BY "public"."routes"."createdAt" DESC OFFSET $1
prisma:query SELECT "public"."users"."id", "public"."users"."firstName", "public"."users"."lastName" FROM "public"."users" WHERE "public"."users"."id" IN ($1) OFFSET $2
prisma:query SELECT "public"."zones"."id", "public"."zones"."name", "public"."zones"."color" FROM "public"."zones" WHERE "public"."zones"."id" IN ($1,$2,$3,$4,$5,$6,$7,$8,$9) OFFSET $10
prisma:query SELECT "public"."vehicles"."id", "public"."vehicles"."plate", "public"."vehicles"."type"::text FROM "public"."vehicles" WHERE "public"."vehicles"."id" IN ($1,$2) OFFSET $3
prisma:query SELECT "public"."users"."id", "public"."users"."firstName", "public"."users"."lastName" FROM "public"."users" WHERE "public"."users"."id" IN ($1,$2,$3,$4,$5,$6,$7,$8,$9) OFFSET $10
prisma:query SELECT "public"."zones"."id", "public"."zones"."name", "public"."zones"."description", "public"."zones"."district", "public"."zones"."color", "public"."zones"."isActive", "public"."zones"."geometry", "public"."zones"."createdById", "public"."zones"."createdAt", "public"."zones"."updatedAt", COALESCE("aggr_selection_0_User"."_aggr_count_users", 0) AS "_aggr_count_users", COALESCE("aggr_selection_1_Route"."_aggr_count_routes", 0) AS "_aggr_count_routes" FROM "public"."zones" LEFT JOIN (SELECT "public"."users"."zoneId", COUNT(*) AS "_aggr_count_users" FROM "public"."users" WHERE 1=1 GROUP BY "public"."users"."zoneId") AS "aggr_selection_0_User" ON ("public"."zones"."id" = "aggr_selection_0_User"."zoneId") LEFT JOIN (SELECT "public"."routes"."zoneId", COUNT(*) AS "_aggr_count_routes" FROM "public"."routes" WHERE 1=1 GROUP BY "public"."routes"."zoneId") AS "aggr_selection_1_Route" ON ("public"."zones"."id" = "aggr_selection_1_Route"."zoneId") WHERE 1=1 ORDER BY "public"."zones"."createdAt" DESC OFFSET $1
prisma:query SELECT "public"."users"."id", "public"."users"."firstName", "public"."users"."lastName" FROM "public"."users" WHERE "public"."users"."id" IN ($1) OFFSET $2
prisma:query SELECT "public"."routes"."id", "public"."routes"."name", "public"."routes"."status"::text, "public"."routes"."zoneId", "public"."routes"."vehicleId", "public"."routes"."operatorId", "public"."routes"."createdById", "public"."routes"."dayOfWeek", "public"."routes"."startTime", "public"."routes"."estimatedDuration", "public"."routes"."pathGeometry", "public"."routes"."createdAt", "public"."routes"."updatedAt", COALESCE("aggr_selection_0_Waypoint"."_aggr_count_waypoints", 0) AS "_aggr_count_waypoints" FROM "public"."routes" LEFT JOIN (SELECT "public"."waypoints"."routeId", COUNT(*) AS "_aggr_count_waypoints" FROM "public"."waypoints" WHERE 1=1 GROUP BY "public"."waypoints"."routeId") AS "aggr_selection_0_Waypoint" ON ("public"."routes"."id" = "aggr_selection_0_Waypoint"."routeId") WHERE 1=1 ORDER BY "public"."routes"."createdAt" DESC OFFSET $1
prisma:query SELECT "public"."zones"."id", "public"."zones"."name", "public"."zones"."color" FROM "public"."zones" WHERE "public"."zones"."id" IN ($1,$2,$3,$4,$5,$6,$7,$8,$9) OFFSET $10
prisma:query SELECT "public"."vehicles"."id", "public"."vehicles"."plate", "public"."vehicles"."type"::text FROM "public"."vehicles" WHERE "public"."vehicles"."id" IN ($1,$2) OFFSET $3
prisma:query SELECT "public"."users"."id", "public"."users"."firstName", "public"."users"."lastName" FROM "public"."users" WHERE "public"."users"."id" IN ($1,$2,$3,$4,$5,$6,$7,$8,$9) OFFSET $10
prisma:query SELECT "public"."zones"."id", "public"."zones"."name", "public"."zones"."description", "public"."zones"."district", "public"."zones"."color", "public"."zones"."isActive", "public"."zones"."geometry", "public"."zones"."createdById", "public"."zones"."createdAt", "public"."zones"."updatedAt", COALESCE("aggr_selection_0_User"."_aggr_count_users", 0) AS "_aggr_count_users", COALESCE("aggr_selection_1_Route"."_aggr_count_routes", 0) AS "_aggr_count_routes" FROM "public"."zones" LEFT JOIN (SELECT "public"."users"."zoneId", COUNT(*) AS "_aggr_count_users" FROM "public"."users" WHERE 1=1 GROUP BY "public"."users"."zoneId") AS "aggr_selection_0_User" ON ("public"."zones"."id" = "aggr_selection_0_User"."zoneId") LEFT JOIN (SELECT "public"."routes"."zoneId", COUNT(*) AS "_aggr_count_routes" FROM "public"."routes" WHERE 1=1 GROUP BY "public"."routes"."zoneId") AS "aggr_selection_1_Route" ON ("public"."zones"."id" = "aggr_selection_1_Route"."zoneId") WHERE 1=1 ORDER BY "public"."zones"."createdAt" DESC OFFSET $1
prisma:query SELECT "public"."users"."id", "public"."users"."firstName", "public"."users"."lastName" FROM "public"."users" WHERE "public"."users"."id" IN ($1) OFFSET $2
prisma:query SELECT "public"."route_executions"."id", "public"."route_executions"."routeId", "public"."route_executions"."operatorId", "public"."route_executions"."vehicleId", "public"."route_executions"."date", "public"."route_executions"."startedAt", "public"."route_executions"."endedAt", "public"."route_executions"."status"::text, "public"."route_executions"."delayMinutes", "public"."route_executions"."notes", "public"."route_executions"."createdAt", "public"."route_executions"."updatedAt" FROM "public"."route_executions" WHERE ("public"."route_executions"."date" >= $1 AND "public"."route_executions"."date" <= $2) OFFSET $3
prisma:query SELECT "public"."zones"."id", "public"."zones"."name", "public"."zones"."description", "public"."zones"."district", "public"."zones"."color", "public"."zones"."isActive", "public"."zones"."geometry", "public"."zones"."createdById", "public"."zones"."createdAt", "public"."zones"."updatedAt", COALESCE("aggr_selection_0_User"."_aggr_count_users", 0) AS "_aggr_count_users", COALESCE("aggr_selection_1_Route"."_aggr_count_routes", 0) AS "_aggr_count_routes" FROM "public"."zones" LEFT JOIN (SELECT "public"."users"."zoneId", COUNT(*) AS "_aggr_count_users" FROM "public"."users" WHERE 1=1 GROUP BY "public"."users"."zoneId") AS "aggr_selection_0_User" ON ("public"."zones"."id" = "aggr_selection_0_User"."zoneId") LEFT JOIN (SELECT "public"."routes"."zoneId", COUNT(*) AS "_aggr_count_routes" FROM "public"."routes" WHERE 1=1 GROUP BY "public"."routes"."zoneId") AS "aggr_selection_1_Route" ON ("public"."zones"."id" = "aggr_selection_1_Route"."zoneId") WHERE 1=1 ORDER BY "public"."zones"."createdAt" DESC OFFSET $1
prisma:query SELECT "public"."zones"."id", "public"."zones"."name", "public"."zones"."district", "public"."zones"."color" FROM "public"."zones" WHERE "public"."zones"."isActive" = $1 OFFSET $2
prisma:query SELECT "public"."users"."id", "public"."users"."firstName", "public"."users"."lastName" FROM "public"."users" WHERE "public"."users"."id" IN ($1) OFFSET $2
prisma:query SELECT 1
prisma:query SELECT 1
prisma:query SELECT "public"."zones"."id", "public"."zones"."name", "public"."zones"."description", "public"."zones"."district", "public"."zones"."color", "public"."zones"."isActive", "public"."zones"."geometry", "public"."zones"."createdById", "public"."zones"."createdAt", "public"."zones"."updatedAt", COALESCE("aggr_selection_0_User"."_aggr_count_users", 0) AS "_aggr_count_users", COALESCE("aggr_selection_1_Route"."_aggr_count_routes", 0) AS "_aggr_count_routes" FROM "public"."zones" LEFT JOIN (SELECT "public"."users"."zoneId", COUNT(*) AS "_aggr_count_users" FROM "public"."users" WHERE 1=1 GROUP BY "public"."users"."zoneId") AS "aggr_selection_0_User" ON ("public"."zones"."id" = "aggr_selection_0_User"."zoneId") LEFT JOIN (SELECT "public"."routes"."zoneId", COUNT(*) AS "_aggr_count_routes" FROM "public"."routes" WHERE 1=1 GROUP BY "public"."routes"."zoneId") AS "aggr_selection_1_Route" ON ("public"."zones"."id" = "aggr_selection_1_Route"."zoneId") WHERE 1=1 ORDER BY "public"."zones"."createdAt" DESC OFFSET $1
prisma:query SELECT "public"."users"."id", "public"."users"."firstName", "public"."users"."lastName" FROM "public"."users" WHERE "public"."users"."id" IN ($1) OFFSET $2
prisma:query SELECT "public"."users"."id", "public"."users"."email", "public"."users"."firstName", "public"."users"."lastName", "public"."users"."dni", "public"."users"."phone", "public"."users"."address", "public"."users"."district", "public"."users"."role"::text, "public"."users"."isActive", "public"."users"."isVerified", "public"."users"."zoneId", "public"."users"."createdAt" FROM "public"."users" WHERE "public"."users"."role" = CAST($1::text AS "public"."Role") ORDER BY "public"."users"."createdAt" DESC OFFSET $2
prisma:query SELECT "public"."zones"."id", "public"."zones"."name", "public"."zones"."district", "public"."zones"."color" FROM "public"."zones" WHERE "public"."zones"."id" IN ($1,$2) OFFSET $3
prisma:query SELECT "public"."zones"."id", "public"."zones"."name", "public"."zones"."description", "public"."zones"."district", "public"."zones"."color", "public"."zones"."isActive", "public"."zones"."geometry", "public"."zones"."createdById", "public"."zones"."createdAt", "public"."zones"."updatedAt", COALESCE("aggr_selection_0_User"."_aggr_count_users", 0) AS "_aggr_count_users", COALESCE("aggr_selection_1_Route"."_aggr_count_routes", 0) AS "_aggr_count_routes" FROM "public"."zones" LEFT JOIN (SELECT "public"."users"."zoneId", COUNT(*) AS "_aggr_count_users" FROM "public"."users" WHERE 1=1 GROUP BY "public"."users"."zoneId") AS "aggr_selection_0_User" ON ("public"."zones"."id" = "aggr_selection_0_User"."zoneId") LEFT JOIN (SELECT "public"."routes"."zoneId", COUNT(*) AS "_aggr_count_routes" FROM "public"."routes" WHERE 1=1 GROUP BY "public"."routes"."zoneId") AS "aggr_selection_1_Route" ON ("public"."zones"."id" = "aggr_selection_1_Route"."zoneId") WHERE 1=1 ORDER BY "public"."zones"."createdAt" DESC OFFSET $1
prisma:query SELECT "public"."users"."id", "public"."users"."firstName", "public"."users"."lastName" FROM "public"."users" WHERE "public"."users"."id" IN ($1) OFFSET $2
prisma:query SELECT 1
prisma:query SELECT 1
prisma:query SELECT "public"."zones"."id", "public"."zones"."name", "public"."zones"."description", "public"."zones"."district", "public"."zones"."color", "public"."zones"."isActive", "public"."zones"."geometry", "public"."zones"."createdById", "public"."zones"."createdAt", "public"."zones"."updatedAt", COALESCE("aggr_selection_0_User"."_aggr_count_users", 0) AS "_aggr_count_users", COALESCE("aggr_selection_1_Route"."_aggr_count_routes", 0) AS "_aggr_count_routes" FROM "public"."zones" LEFT JOIN (SELECT "public"."users"."zoneId", COUNT(*) AS "_aggr_count_users" FROM "public"."users" WHERE 1=1 GROUP BY "public"."users"."zoneId") AS "aggr_selection_0_User" ON ("public"."zones"."id" = "aggr_selection_0_User"."zoneId") LEFT JOIN (SELECT "public"."routes"."zoneId", COUNT(*) AS "_aggr_count_routes" FROM "public"."routes" WHERE 1=1 GROUP BY "public"."routes"."zoneId") AS "aggr_selection_1_Route" ON ("public"."zones"."id" = "aggr_selection_1_Route"."zoneId") WHERE 1=1 ORDER BY "public"."zones"."createdAt" DESC OFFSET $1
prisma:query SELECT "public"."users"."id", "public"."users"."firstName", "public"."users"."lastName" FROM "public"."users" WHERE "public"."users"."id" IN ($1) OFFSET $2
prisma:query SELECT "public"."users"."id", "public"."users"."email", "public"."users"."firstName", "public"."users"."lastName", "public"."users"."dni", "public"."users"."phone", "public"."users"."address", "public"."users"."district", "public"."users"."role"::text, "public"."users"."isActive", "public"."users"."isVerified", "public"."users"."zoneId", "public"."users"."alertRadius" FROM "public"."users" WHERE ("public"."users"."id" = $1 AND 1=1) LIMIT $2 OFFSET $3
prisma:query SELECT "public"."zones"."id", "public"."zones"."name", "public"."zones"."description", "public"."zones"."district", "public"."zones"."color", "public"."zones"."isActive", "public"."zones"."geometry", "public"."zones"."createdById", "public"."zones"."createdAt", "public"."zones"."updatedAt", COALESCE("aggr_selection_0_User"."_aggr_count_users", 0) AS "_aggr_count_users", COALESCE("aggr_selection_1_Route"."_aggr_count_routes", 0) AS "_aggr_count_routes" FROM "public"."zones" LEFT JOIN (SELECT "public"."users"."zoneId", COUNT(*) AS "_aggr_count_users" FROM "public"."users" WHERE 1=1 GROUP BY "public"."users"."zoneId") AS "aggr_selection_0_User" ON ("public"."zones"."id" = "aggr_selection_0_User"."zoneId") LEFT JOIN (SELECT "public"."routes"."zoneId", COUNT(*) AS "_aggr_count_routes" FROM "public"."routes" WHERE 1=1 GROUP BY "public"."routes"."zoneId") AS "aggr_selection_1_Route" ON ("public"."zones"."id" = "aggr_selection_1_Route"."zoneId") WHERE 1=1 ORDER BY "public"."zones"."createdAt" DESC OFFSET $1
prisma:query SELECT "public"."users"."id", "public"."users"."firstName", "public"."users"."lastName" FROM "public"."users" WHERE "public"."users"."id" IN ($1) OFFSET $2
prisma:query SELECT "public"."users"."id", "public"."users"."email", "public"."users"."firstName", "public"."users"."lastName", "public"."users"."dni", "public"."users"."phone", "public"."users"."address", "public"."users"."district", "public"."users"."role"::text, "public"."users"."isActive", "public"."users"."isVerified", "public"."users"."zoneId", "public"."users"."alertRadius" FROM "public"."users" WHERE ("public"."users"."id" = $1 AND 1=1) LIMIT $2 OFFSET $3
prisma:query SELECT "public"."zones"."id", "public"."zones"."name", "public"."zones"."description", "public"."zones"."district", "public"."zones"."color", "public"."zones"."isActive", "public"."zones"."geometry", "public"."zones"."createdById", "public"."zones"."createdAt", "public"."zones"."updatedAt", COALESCE("aggr_selection_0_User"."_aggr_count_users", 0) AS "_aggr_count_users", COALESCE("aggr_selection_1_Route"."_aggr_count_routes", 0) AS "_aggr_count_routes" FROM "public"."zones" LEFT JOIN (SELECT "public"."users"."zoneId", COUNT(*) AS "_aggr_count_users" FROM "public"."users" WHERE 1=1 GROUP BY "public"."users"."zoneId") AS "aggr_selection_0_User" ON ("public"."zones"."id" = "aggr_selection_0_User"."zoneId") LEFT JOIN (SELECT "public"."routes"."zoneId", COUNT(*) AS "_aggr_count_routes" FROM "public"."routes" WHERE 1=1 GROUP BY "public"."routes"."zoneId") AS "aggr_selection_1_Route" ON ("public"."zones"."id" = "aggr_selection_1_Route"."zoneId") WHERE 1=1 ORDER BY "public"."zones"."createdAt" DESC OFFSET $1
prisma:query SELECT 1
prisma:query SELECT "public"."users"."id", "public"."users"."firstName", "public"."users"."lastName" FROM "public"."users" WHERE "public"."users"."id" IN ($1) OFFSET $2
prisma:query SELECT "public"."incidents"."id", "public"."incidents"."type"::text, "public"."incidents"."description", "public"."incidents"."status"::text, "public"."incidents"."imageUrl", "public"."incidents"."lat", "public"."incidents"."lng", "public"."incidents"."address", "public"."incidents"."citizenId", "public"."incidents"."trackingCode", "public"."incidents"."createdAt", "public"."incidents"."updatedAt" FROM "public"."incidents" WHERE 1=1 ORDER BY "public"."incidents"."createdAt" DESC OFFSET $1
prisma:query SELECT "public"."routes"."id", "public"."routes"."name", "public"."routes"."status"::text, "public"."routes"."zoneId", "public"."routes"."vehicleId", "public"."routes"."operatorId", "public"."routes"."createdById", "public"."routes"."dayOfWeek", "public"."routes"."startTime", "public"."routes"."estimatedDuration", "public"."routes"."pathGeometry", "public"."routes"."createdAt", "public"."routes"."updatedAt", COALESCE("aggr_selection_0_Waypoint"."_aggr_count_waypoints", 0) AS "_aggr_count_waypoints" FROM "public"."routes" LEFT JOIN (SELECT "public"."waypoints"."routeId", COUNT(*) AS "_aggr_count_waypoints" FROM "public"."waypoints" WHERE 1=1 GROUP BY "public"."waypoints"."routeId") AS "aggr_selection_0_Waypoint" ON ("public"."routes"."id" = "aggr_selection_0_Waypoint"."routeId") WHERE 1=1 ORDER BY "public"."routes"."createdAt" DESC OFFSET $1
prisma:query SELECT "public"."zones"."id", "public"."zones"."name", "public"."zones"."color" FROM "public"."zones" WHERE "public"."zones"."id" IN ($1,$2,$3,$4,$5,$6,$7,$8,$9) OFFSET $10
prisma:query SELECT "public"."vehicles"."id", "public"."vehicles"."plate", "public"."vehicles"."type"::text FROM "public"."vehicles" WHERE "public"."vehicles"."id" IN ($1,$2) OFFSET $3
prisma:query SELECT "public"."users"."id", "public"."users"."firstName", "public"."users"."lastName" FROM "public"."users" WHERE "public"."users"."id" IN ($1,$2,$3,$4,$5,$6,$7,$8,$9) OFFSET $10
prisma:query SELECT "public"."zones"."id", "public"."zones"."name", "public"."zones"."description", "public"."zones"."district", "public"."zones"."color", "public"."zones"."isActive", "public"."zones"."geometry", "public"."zones"."createdById", "public"."zones"."createdAt", "public"."zones"."updatedAt", COALESCE("aggr_selection_0_User"."_aggr_count_users", 0) AS "_aggr_count_users", COALESCE("aggr_selection_1_Route"."_aggr_count_routes", 0) AS "_aggr_count_routes" FROM "public"."zones" LEFT JOIN (SELECT "public"."users"."zoneId", COUNT(*) AS "_aggr_count_users" FROM "public"."users" WHERE 1=1 GROUP BY "public"."users"."zoneId") AS "aggr_selection_0_User" ON ("public"."zones"."id" = "aggr_selection_0_User"."zoneId") LEFT JOIN (SELECT "public"."routes"."zoneId", COUNT(*) AS "_aggr_count_routes" FROM "public"."routes" WHERE 1=1 GROUP BY "public"."routes"."zoneId") AS "aggr_selection_1_Route" ON ("public"."zones"."id" = "aggr_selection_1_Route"."zoneId") WHERE 1=1 ORDER BY "public"."zones"."createdAt" DESC OFFSET $1
prisma:query SELECT "public"."users"."id", "public"."users"."firstName", "public"."users"."lastName" FROM "public"."users" WHERE "public"."users"."id" IN ($1) OFFSET $2
prisma:query SELECT "public"."incidents"."id", "public"."incidents"."type"::text, "public"."incidents"."description", "public"."incidents"."status"::text, "public"."incidents"."imageUrl", "public"."incidents"."lat", "public"."incidents"."lng", "public"."incidents"."address", "public"."incidents"."citizenId", "public"."incidents"."trackingCode", "public"."incidents"."createdAt", "public"."incidents"."updatedAt" FROM "public"."incidents" WHERE 1=1 ORDER BY "public"."incidents"."createdAt" DESC OFFSET $1
prisma:query SELECT "public"."routes"."id", "public"."routes"."name", "public"."routes"."status"::text, "public"."routes"."zoneId", "public"."routes"."vehicleId", "public"."routes"."operatorId", "public"."routes"."createdById", "public"."routes"."dayOfWeek", "public"."routes"."startTime", "public"."routes"."estimatedDuration", "public"."routes"."pathGeometry", "public"."routes"."createdAt", "public"."routes"."updatedAt", COALESCE("aggr_selection_0_Waypoint"."_aggr_count_waypoints", 0) AS "_aggr_count_waypoints" FROM "public"."routes" LEFT JOIN (SELECT "public"."waypoints"."routeId", COUNT(*) AS "_aggr_count_waypoints" FROM "public"."waypoints" WHERE 1=1 GROUP BY "public"."waypoints"."routeId") AS "aggr_selection_0_Waypoint" ON ("public"."routes"."id" = "aggr_selection_0_Waypoint"."routeId") WHERE 1=1 ORDER BY "public"."routes"."createdAt" DESC OFFSET $1
prisma:query SELECT "public"."zones"."id", "public"."zones"."name", "public"."zones"."color" FROM "public"."zones" WHERE "public"."zones"."id" IN ($1,$2,$3,$4,$5,$6,$7,$8,$9) OFFSET $10
prisma:query SELECT "public"."vehicles"."id", "public"."vehicles"."plate", "public"."vehicles"."type"::text FROM "public"."vehicles" WHERE "public"."vehicles"."id" IN ($1,$2) OFFSET $3
prisma:query SELECT "public"."users"."id", "public"."users"."firstName", "public"."users"."lastName" FROM "public"."users" WHERE "public"."users"."id" IN ($1,$2,$3,$4,$5,$6,$7,$8,$9) OFFSET $10
prisma:query SELECT "public"."vehicles"."id", "public"."vehicles"."plate", "public"."vehicles"."type"::text, "public"."vehicles"."brand", "public"."vehicles"."model", "public"."vehicles"."year", "public"."vehicles"."capacity", "public"."vehicles"."status"::text, "public"."vehicles"."isActive", "public"."vehicles"."currentLat", "public"."vehicles"."currentLng", "public"."vehicles"."createdAt", "public"."vehicles"."updatedAt" FROM "public"."vehicles" WHERE 1=1 ORDER BY "public"."vehicles"."createdAt" DESC OFFSET $1
prisma:query SELECT "public"."vehicles"."id", "public"."vehicles"."plate", "public"."vehicles"."type"::text, "public"."vehicles"."brand", "public"."vehicles"."model", "public"."vehicles"."year", "public"."vehicles"."capacity", "public"."vehicles"."status"::text, "public"."vehicles"."isActive", "public"."vehicles"."currentLat", "public"."vehicles"."currentLng", "public"."vehicles"."createdAt", "public"."vehicles"."updatedAt" FROM "public"."vehicles" WHERE 1=1 ORDER BY "public"."vehicles"."createdAt" DESC OFFSET $1
prisma:query SELECT "public"."zones"."id", "public"."zones"."name", "public"."zones"."description", "public"."zones"."district", "public"."zones"."color", "public"."zones"."isActive", "public"."zones"."geometry", "public"."zones"."createdById", "public"."zones"."createdAt", "public"."zones"."updatedAt", COALESCE("aggr_selection_0_User"."_aggr_count_users", 0) AS "_aggr_count_users", COALESCE("aggr_selection_1_Route"."_aggr_count_routes", 0) AS "_aggr_count_routes" FROM "public"."zones" LEFT JOIN (SELECT "public"."users"."zoneId", COUNT(*) AS "_aggr_count_users" FROM "public"."users" WHERE 1=1 GROUP BY "public"."users"."zoneId") AS "aggr_selection_0_User" ON ("public"."zones"."id" = "aggr_selection_0_User"."zoneId") LEFT JOIN (SELECT "public"."routes"."zoneId", COUNT(*) AS "_aggr_count_routes" FROM "public"."routes" WHERE 1=1 GROUP BY "public"."routes"."zoneId") AS "aggr_selection_1_Route" ON ("public"."zones"."id" = "aggr_selection_1_Route"."zoneId") WHERE 1=1 ORDER BY "public"."zones"."createdAt" DESC OFFSET $1
prisma:query SELECT "public"."users"."id", "public"."users"."firstName", "public"."users"."lastName" FROM "public"."users" WHERE "public"."users"."id" IN ($1) OFFSET $2
prisma:query SELECT "public"."zones"."id", "public"."zones"."name", "public"."zones"."description", "public"."zones"."district", "public"."zones"."color", "public"."zones"."isActive", "public"."zones"."geometry", "public"."zones"."createdById", "public"."zones"."createdAt", "public"."zones"."updatedAt", COALESCE("aggr_selection_0_User"."_aggr_count_users", 0) AS "_aggr_count_users", COALESCE("aggr_selection_1_Route"."_aggr_count_routes", 0) AS "_aggr_count_routes" FROM "public"."zones" LEFT JOIN (SELECT "public"."users"."zoneId", COUNT(*) AS "_aggr_count_users" FROM "public"."users" WHERE 1=1 GROUP BY "public"."users"."zoneId") AS "aggr_selection_0_User" ON ("public"."zones"."id" = "aggr_selection_0_User"."zoneId") LEFT JOIN (SELECT "public"."routes"."zoneId", COUNT(*) AS "_aggr_count_routes" FROM "public"."routes" WHERE 1=1 GROUP BY "public"."routes"."zoneId") AS "aggr_selection_1_Route" ON ("public"."zones"."id" = "aggr_selection_1_Route"."zoneId") WHERE 1=1 ORDER BY "public"."zones"."createdAt" DESC OFFSET $1
prisma:query SELECT "public"."users"."id", "public"."users"."firstName", "public"."users"."lastName" FROM "public"."users" WHERE "public"."users"."id" IN ($1) OFFSET $2
prisma:query SELECT 1
prisma:query SELECT "public"."zones"."id", "public"."zones"."name", "public"."zones"."description", "public"."zones"."district", "public"."zones"."color", "public"."zones"."isActive", "public"."zones"."geometry", "public"."zones"."createdById", "public"."zones"."createdAt", "public"."zones"."updatedAt", COALESCE("aggr_selection_0_User"."_aggr_count_users", 0) AS "_aggr_count_users", COALESCE("aggr_selection_1_Route"."_aggr_count_routes", 0) AS "_aggr_count_routes" FROM "public"."zones" LEFT JOIN (SELECT "public"."users"."zoneId", COUNT(*) AS "_aggr_count_users" FROM "public"."users" WHERE 1=1 GROUP BY "public"."users"."zoneId") AS "aggr_selection_0_User" ON ("public"."zones"."id" = "aggr_selection_0_User"."zoneId") LEFT JOIN (SELECT "public"."routes"."zoneId", COUNT(*) AS "_aggr_count_routes" FROM "public"."routes" WHERE 1=1 GROUP BY "public"."routes"."zoneId") AS "aggr_selection_1_Route" ON ("public"."zones"."id" = "aggr_selection_1_Route"."zoneId") WHERE 1=1 ORDER BY "public"."zones"."createdAt" DESC OFFSET $1
prisma:query SELECT "public"."users"."id", "public"."users"."firstName", "public"."users"."lastName" FROM "public"."users" WHERE "public"."users"."id" IN ($1) OFFSET $2
prisma:query SELECT 1
prisma:query SELECT 1
prisma:query SELECT 1
prisma:query SELECT "public"."routes"."id", "public"."routes"."name", "public"."routes"."status"::text, "public"."routes"."zoneId", "public"."routes"."vehicleId", "public"."routes"."operatorId", "public"."routes"."createdById", "public"."routes"."dayOfWeek", "public"."routes"."startTime", "public"."routes"."estimatedDuration", "public"."routes"."pathGeometry", "public"."routes"."createdAt", "public"."routes"."updatedAt", COALESCE("aggr_selection_0_Waypoint"."_aggr_count_waypoints", 0) AS "_aggr_count_waypoints" FROM "public"."routes" LEFT JOIN (SELECT "public"."waypoints"."routeId", COUNT(*) AS "_aggr_count_waypoints" FROM "public"."waypoints" WHERE 1=1 GROUP BY "public"."waypoints"."routeId") AS "aggr_selection_0_Waypoint" ON ("public"."routes"."id" = "aggr_selection_0_Waypoint"."routeId") WHERE 1=1 ORDER BY "public"."routes"."createdAt" DESC OFFSET $1
prisma:query SELECT "public"."vehicles"."id", "public"."vehicles"."plate", "public"."vehicles"."type"::text, "public"."vehicles"."brand", "public"."vehicles"."model", "public"."vehicles"."year", "public"."vehicles"."capacity", "public"."vehicles"."status"::text, "public"."vehicles"."isActive", "public"."vehicles"."currentLat", "public"."vehicles"."currentLng", "public"."vehicles"."createdAt", "public"."vehicles"."updatedAt" FROM "public"."vehicles" WHERE 1=1 ORDER BY "public"."vehicles"."createdAt" DESC OFFSET $1
prisma:query SELECT "public"."incidents"."id", "public"."incidents"."type"::text, "public"."incidents"."description", "public"."incidents"."status"::text, "public"."incidents"."imageUrl", "public"."incidents"."lat", "public"."incidents"."lng", "public"."incidents"."address", "public"."incidents"."citizenId", "public"."incidents"."trackingCode", "public"."incidents"."createdAt", "public"."incidents"."updatedAt" FROM "public"."incidents" WHERE 1=1 ORDER BY "public"."incidents"."createdAt" DESC OFFSET $1
prisma:query SELECT "public"."zones"."id", "public"."zones"."name", "public"."zones"."description", "public"."zones"."district", "public"."zones"."color", "public"."zones"."isActive", "public"."zones"."geometry", "public"."zones"."createdById", "public"."zones"."createdAt", "public"."zones"."updatedAt", COALESCE("aggr_selection_0_User"."_aggr_count_users", 0) AS "_aggr_count_users", COALESCE("aggr_selection_1_Route"."_aggr_count_routes", 0) AS "_aggr_count_routes" FROM "public"."zones" LEFT JOIN (SELECT "public"."users"."zoneId", COUNT(*) AS "_aggr_count_users" FROM "public"."users" WHERE 1=1 GROUP BY "public"."users"."zoneId") AS "aggr_selection_0_User" ON ("public"."zones"."id" = "aggr_selection_0_User"."zoneId") LEFT JOIN (SELECT "public"."routes"."zoneId", COUNT(*) AS "_aggr_count_routes" FROM "public"."routes" WHERE 1=1 GROUP BY "public"."routes"."zoneId") AS "aggr_selection_1_Route" ON ("public"."zones"."id" = "aggr_selection_1_Route"."zoneId") WHERE 1=1 ORDER BY "public"."zones"."createdAt" DESC OFFSET $1
prisma:query SELECT "public"."zones"."id", "public"."zones"."name", "public"."zones"."color" FROM "public"."zones" WHERE "public"."zones"."id" IN ($1,$2,$3,$4,$5,$6,$7,$8,$9) OFFSET $10
prisma:query SELECT "public"."users"."id", "public"."users"."firstName", "public"."users"."lastName" FROM "public"."users" WHERE "public"."users"."id" IN ($1) OFFSET $2
prisma:query SELECT "public"."vehicles"."id", "public"."vehicles"."plate", "public"."vehicles"."type"::text FROM "public"."vehicles" WHERE "public"."vehicles"."id" IN ($1,$2) OFFSET $3
prisma:query SELECT "public"."vehicles"."id", "public"."vehicles"."plate", "public"."vehicles"."type"::text, "public"."vehicles"."brand", "public"."vehicles"."model", "public"."vehicles"."year", "public"."vehicles"."capacity", "public"."vehicles"."status"::text, "public"."vehicles"."isActive", "public"."vehicles"."currentLat", "public"."vehicles"."currentLng", "public"."vehicles"."createdAt", "public"."vehicles"."updatedAt" FROM "public"."vehicles" WHERE 1=1 ORDER BY "public"."vehicles"."createdAt" DESC OFFSET $1
prisma:query SELECT "public"."incidents"."id", "public"."incidents"."type"::text, "public"."incidents"."description", "public"."incidents"."status"::text, "public"."incidents"."imageUrl", "public"."incidents"."lat", "public"."incidents"."lng", "public"."incidents"."address", "public"."incidents"."citizenId", "public"."incidents"."trackingCode", "public"."incidents"."createdAt", "public"."incidents"."updatedAt" FROM "public"."incidents" WHERE 1=1 ORDER BY "public"."incidents"."createdAt" DESC OFFSET $1
prisma:query SELECT "public"."users"."id", "public"."users"."firstName", "public"."users"."lastName" FROM "public"."users" WHERE "public"."users"."id" IN ($1,$2,$3,$4,$5,$6,$7,$8,$9) OFFSET $10
prisma:query SELECT "public"."routes"."id", "public"."routes"."name", "public"."routes"."status"::text, "public"."routes"."zoneId", "public"."routes"."vehicleId", "public"."routes"."operatorId", "public"."routes"."createdById", "public"."routes"."dayOfWeek", "public"."routes"."startTime", "public"."routes"."estimatedDuration", "public"."routes"."pathGeometry", "public"."routes"."createdAt", "public"."routes"."updatedAt", COALESCE("aggr_selection_0_Waypoint"."_aggr_count_waypoints", 0) AS "_aggr_count_waypoints" FROM "public"."routes" LEFT JOIN (SELECT "public"."waypoints"."routeId", COUNT(*) AS "_aggr_count_waypoints" FROM "public"."waypoints" WHERE 1=1 GROUP BY "public"."waypoints"."routeId") AS "aggr_selection_0_Waypoint" ON ("public"."routes"."id" = "aggr_selection_0_Waypoint"."routeId") WHERE 1=1 ORDER BY "public"."routes"."createdAt" DESC OFFSET $1
prisma:query SELECT "public"."zones"."id", "public"."zones"."name", "public"."zones"."color" FROM "public"."zones" WHERE "public"."zones"."id" IN ($1,$2,$3,$4,$5,$6,$7,$8,$9) OFFSET $10
prisma:query SELECT "public"."vehicles"."id", "public"."vehicles"."plate", "public"."vehicles"."type"::text FROM "public"."vehicles" WHERE "public"."vehicles"."id" IN ($1,$2) OFFSET $3
prisma:query SELECT "public"."users"."id", "public"."users"."firstName", "public"."users"."lastName" FROM "public"."users" WHERE "public"."users"."id" IN ($1,$2,$3,$4,$5,$6,$7,$8,$9) OFFSET $10
prisma:query SELECT 1
prisma:query SELECT 1
prisma:query SELECT 1
prisma:query SELECT "public"."incidents"."id", "public"."incidents"."type"::text, "public"."incidents"."description", "public"."incidents"."status"::text, "public"."incidents"."imageUrl", "public"."incidents"."lat", "public"."incidents"."lng", "public"."incidents"."address", "public"."incidents"."citizenId", "public"."incidents"."trackingCode", "public"."incidents"."createdAt", "public"."incidents"."updatedAt" FROM "public"."incidents" WHERE 1=1 ORDER BY "public"."incidents"."createdAt" DESC OFFSET $1
prisma:query SELECT "public"."routes"."id", "public"."routes"."name", "public"."routes"."status"::text, "public"."routes"."zoneId", "public"."routes"."vehicleId", "public"."routes"."operatorId", "public"."routes"."createdById", "public"."routes"."dayOfWeek", "public"."routes"."startTime", "public"."routes"."estimatedDuration", "public"."routes"."pathGeometry", "public"."routes"."createdAt", "public"."routes"."updatedAt", COALESCE("aggr_selection_0_Waypoint"."_aggr_count_waypoints", 0) AS "_aggr_count_waypoints" FROM "public"."routes" LEFT JOIN (SELECT "public"."waypoints"."routeId", COUNT(*) AS "_aggr_count_waypoints" FROM "public"."waypoints" WHERE 1=1 GROUP BY "public"."waypoints"."routeId") AS "aggr_selection_0_Waypoint" ON ("public"."routes"."id" = "aggr_selection_0_Waypoint"."routeId") WHERE 1=1 ORDER BY "public"."routes"."createdAt" DESC OFFSET $1
prisma:query SELECT "public"."zones"."id", "public"."zones"."name", "public"."zones"."description", "public"."zones"."district", "public"."zones"."color", "public"."zones"."isActive", "public"."zones"."geometry", "public"."zones"."createdById", "public"."zones"."createdAt", "public"."zones"."updatedAt", COALESCE("aggr_selection_0_User"."_aggr_count_users", 0) AS "_aggr_count_users", COALESCE("aggr_selection_1_Route"."_aggr_count_routes", 0) AS "_aggr_count_routes" FROM "public"."zones" LEFT JOIN (SELECT "public"."users"."zoneId", COUNT(*) AS "_aggr_count_users" FROM "public"."users" WHERE 1=1 GROUP BY "public"."users"."zoneId") AS "aggr_selection_0_User" ON ("public"."zones"."id" = "aggr_selection_0_User"."zoneId") LEFT JOIN (SELECT "public"."routes"."zoneId", COUNT(*) AS "_aggr_count_routes" FROM "public"."routes" WHERE 1=1 GROUP BY "public"."routes"."zoneId") AS "aggr_selection_1_Route" ON ("public"."zones"."id" = "aggr_selection_1_Route"."zoneId") WHERE 1=1 ORDER BY "public"."zones"."createdAt" DESC OFFSET $1
prisma:query SELECT "public"."zones"."id", "public"."zones"."name", "public"."zones"."color" FROM "public"."zones" WHERE "public"."zones"."id" IN ($1,$2,$3,$4,$5,$6,$7,$8,$9) OFFSET $10
prisma:query SELECT "public"."users"."id", "public"."users"."firstName", "public"."users"."lastName" FROM "public"."users" WHERE "public"."users"."id" IN ($1) OFFSET $2
prisma:query SELECT "public"."vehicles"."id", "public"."vehicles"."plate", "public"."vehicles"."type"::text FROM "public"."vehicles" WHERE "public"."vehicles"."id" IN ($1,$2) OFFSET $3
prisma:query SELECT "public"."users"."id", "public"."users"."firstName", "public"."users"."lastName" FROM "public"."users" WHERE "public"."users"."id" IN ($1,$2,$3,$4,$5,$6,$7,$8,$9) OFFSET $10
prisma:query SELECT "public"."vehicles"."id", "public"."vehicles"."plate", "public"."vehicles"."type"::text, "public"."vehicles"."brand", "public"."vehicles"."model", "public"."vehicles"."year", "public"."vehicles"."capacity", "public"."vehicles"."status"::text, "public"."vehicles"."isActive", "public"."vehicles"."currentLat", "public"."vehicles"."currentLng", "public"."vehicles"."createdAt", "public"."vehicles"."updatedAt" FROM "public"."vehicles" WHERE 1=1 ORDER BY "public"."vehicles"."createdAt" DESC OFFSET $1
prisma:query SELECT "public"."routes"."id", "public"."routes"."name", "public"."routes"."status"::text, "public"."routes"."zoneId", "public"."routes"."vehicleId", "public"."routes"."operatorId", "public"."routes"."createdById", "public"."routes"."dayOfWeek", "public"."routes"."startTime", "public"."routes"."estimatedDuration", "public"."routes"."pathGeometry", "public"."routes"."createdAt", "public"."routes"."updatedAt", COALESCE("aggr_selection_0_Waypoint"."_aggr_count_waypoints", 0) AS "_aggr_count_waypoints" FROM "public"."routes" LEFT JOIN (SELECT "public"."waypoints"."routeId", COUNT(*) AS "_aggr_count_waypoints" FROM "public"."waypoints" WHERE 1=1 GROUP BY "public"."waypoints"."routeId") AS "aggr_selection_0_Waypoint" ON ("public"."routes"."id" = "aggr_selection_0_Waypoint"."routeId") WHERE 1=1 ORDER BY "public"."routes"."createdAt" DESC OFFSET $1
prisma:query SELECT "public"."vehicles"."id", "public"."vehicles"."plate", "public"."vehicles"."type"::text, "public"."vehicles"."brand", "public"."vehicles"."model", "public"."vehicles"."year", "public"."vehicles"."capacity", "public"."vehicles"."status"::text, "public"."vehicles"."isActive", "public"."vehicles"."currentLat", "public"."vehicles"."currentLng", "public"."vehicles"."createdAt", "public"."vehicles"."updatedAt" FROM "public"."vehicles" WHERE 1=1 ORDER BY "public"."vehicles"."createdAt" DESC OFFSET $1
prisma:query SELECT "public"."zones"."id", "public"."zones"."name", "public"."zones"."color" FROM "public"."zones" WHERE "public"."zones"."id" IN ($1,$2,$3,$4,$5,$6,$7,$8,$9) OFFSET $10
prisma:query SELECT "public"."incidents"."id", "public"."incidents"."type"::text, "public"."incidents"."description", "public"."incidents"."status"::text, "public"."incidents"."imageUrl", "public"."incidents"."lat", "public"."incidents"."lng", "public"."incidents"."address", "public"."incidents"."citizenId", "public"."incidents"."trackingCode", "public"."incidents"."createdAt", "public"."incidents"."updatedAt" FROM "public"."incidents" WHERE 1=1 ORDER BY "public"."incidents"."createdAt" DESC OFFSET $1
prisma:query SELECT "public"."vehicles"."id", "public"."vehicles"."plate", "public"."vehicles"."type"::text FROM "public"."vehicles" WHERE "public"."vehicles"."id" IN ($1,$2) OFFSET $3
prisma:query SELECT "public"."users"."id", "public"."users"."firstName", "public"."users"."lastName" FROM "public"."users" WHERE "public"."users"."id" IN ($1,$2,$3,$4,$5,$6,$7,$8,$9) OFFSET $10
prisma:query SELECT "public"."zones"."id", "public"."zones"."name", "public"."zones"."description", "public"."zones"."district", "public"."zones"."color", "public"."zones"."isActive", "public"."zones"."geometry", "public"."zones"."createdById", "public"."zones"."createdAt", "public"."zones"."updatedAt", COALESCE("aggr_selection_0_User"."_aggr_count_users", 0) AS "_aggr_count_users", COALESCE("aggr_selection_1_Route"."_aggr_count_routes", 0) AS "_aggr_count_routes" FROM "public"."zones" LEFT JOIN (SELECT "public"."users"."zoneId", COUNT(*) AS "_aggr_count_users" FROM "public"."users" WHERE 1=1 GROUP BY "public"."users"."zoneId") AS "aggr_selection_0_User" ON ("public"."zones"."id" = "aggr_selection_0_User"."zoneId") LEFT JOIN (SELECT "public"."routes"."zoneId", COUNT(*) AS "_aggr_count_routes" FROM "public"."routes" WHERE 1=1 GROUP BY "public"."routes"."zoneId") AS "aggr_selection_1_Route" ON ("public"."zones"."id" = "aggr_selection_1_Route"."zoneId") WHERE 1=1 ORDER BY "public"."zones"."createdAt" DESC OFFSET $1
prisma:query SELECT "public"."users"."id", "public"."users"."firstName", "public"."users"."lastName" FROM "public"."users" WHERE "public"."users"."id" IN ($1) OFFSET $2
prisma:query SELECT 1
prisma:query SELECT "public"."zones"."id", "public"."zones"."name", "public"."zones"."description", "public"."zones"."district", "public"."zones"."color", "public"."zones"."isActive", "public"."zones"."geometry", "public"."zones"."createdById", "public"."zones"."createdAt", "public"."zones"."updatedAt", COALESCE("aggr_selection_0_User"."_aggr_count_users", 0) AS "_aggr_count_users", COALESCE("aggr_selection_1_Route"."_aggr_count_routes", 0) AS "_aggr_count_routes" FROM "public"."zones" LEFT JOIN (SELECT "public"."users"."zoneId", COUNT(*) AS "_aggr_count_users" FROM "public"."users" WHERE 1=1 GROUP BY "public"."users"."zoneId") AS "aggr_selection_0_User" ON ("public"."zones"."id" = "aggr_selection_0_User"."zoneId") LEFT JOIN (SELECT "public"."routes"."zoneId", COUNT(*) AS "_aggr_count_routes" FROM "public"."routes" WHERE 1=1 GROUP BY "public"."routes"."zoneId") AS "aggr_selection_1_Route" ON ("public"."zones"."id" = "aggr_selection_1_Route"."zoneId") WHERE 1=1 ORDER BY "public"."zones"."createdAt" DESC OFFSET $1
prisma:query SELECT "public"."users"."id", "public"."users"."firstName", "public"."users"."lastName" FROM "public"."users" WHERE "public"."users"."id" IN ($1) OFFSET $2
prisma:query SELECT "public"."zones"."id", "public"."zones"."name", "public"."zones"."description", "public"."zones"."district", "public"."zones"."color", "public"."zones"."isActive", "public"."zones"."geometry", "public"."zones"."createdById", "public"."zones"."createdAt", "public"."zones"."updatedAt", COALESCE("aggr_selection_0_User"."_aggr_count_users", 0) AS "_aggr_count_users", COALESCE("aggr_selection_1_Route"."_aggr_count_routes", 0) AS "_aggr_count_routes" FROM "public"."zones" LEFT JOIN (SELECT "public"."users"."zoneId", COUNT(*) AS "_aggr_count_users" FROM "public"."users" WHERE 1=1 GROUP BY "public"."users"."zoneId") AS "aggr_selection_0_User" ON ("public"."zones"."id" = "aggr_selection_0_User"."zoneId") LEFT JOIN (SELECT "public"."routes"."zoneId", COUNT(*) AS "_aggr_count_routes" FROM "public"."routes" WHERE 1=1 GROUP BY "public"."routes"."zoneId") AS "aggr_selection_1_Route" ON ("public"."zones"."id" = "aggr_selection_1_Route"."zoneId") WHERE 1=1 ORDER BY "public"."zones"."createdAt" DESC OFFSET $1
prisma:query SELECT "public"."users"."id", "public"."users"."firstName", "public"."users"."lastName" FROM "public"."users" WHERE "public"."users"."id" IN ($1) OFFSET $2
prisma:query SELECT "public"."users"."id", "public"."users"."email", "public"."users"."firstName", "public"."users"."lastName", "public"."users"."dni", "public"."users"."phone", "public"."users"."address", "public"."users"."district", "public"."users"."role"::text, "public"."users"."isActive", "public"."users"."isVerified", "public"."users"."zoneId", "public"."users"."alertRadius" FROM "public"."users" WHERE ("public"."users"."id" = $1 AND 1=1) LIMIT $2 OFFSET $3
prisma:query SELECT "public"."users"."id", "public"."users"."email", "public"."users"."firstName", "public"."users"."lastName", "public"."users"."dni", "public"."users"."phone", "public"."users"."address", "public"."users"."district", "public"."users"."role"::text, "public"."users"."isActive", "public"."users"."isVerified", "public"."users"."zoneId", "public"."users"."alertRadius" FROM "public"."users" WHERE ("public"."users"."id" = $1 AND 1=1) LIMIT $2 OFFSET $3
prisma:query DELETE FROM "public"."refresh_tokens" WHERE "public"."refresh_tokens"."token" = $1
prisma:query SELECT "public"."users"."id", "public"."users"."email", "public"."users"."password", "public"."users"."role"::text, "public"."users"."firstName", "public"."users"."lastName", "public"."users"."zoneId", "public"."users"."isActive", "public"."users"."isVerified", "public"."users"."lockedUntil", "public"."users"."failedLoginAttempts" FROM "public"."users" WHERE ("public"."users"."email" = $1 AND 1=1) LIMIT $2 OFFSET $3
prisma:query BEGIN
prisma:query UPDATE "public"."users" SET "failedLoginAttempts" = $1, "lockedUntil" = $2, "lastLoginAt" = $3, "updatedAt" = $4 WHERE ("public"."users"."id" = $5 AND 1=1) RETURNING "public"."users"."id", "public"."users"."email", "public"."users"."password", "public"."users"."dni", "public"."users"."firstName", "public"."users"."lastName", "public"."users"."phone", "public"."users"."address", "public"."users"."district", "public"."users"."role"::text, "public"."users"."isActive", "public"."users"."isVerified", "public"."users"."emailVerificationToken", "public"."users"."emailVerificationExpiry", "public"."users"."passwordResetToken", "public"."users"."passwordResetExpiry", "public"."users"."failedLoginAttempts", "public"."users"."lockedUntil", "public"."users"."lastLoginAt", "public"."users"."zoneId", "public"."users"."homeLat", "public"."users"."homeLng", "public"."users"."alertRadius", "public"."users"."createdAt", "public"."users"."updatedAt"
prisma:query INSERT INTO "public"."refresh_tokens" ("id","token","userId","expiresAt","createdAt") VALUES ($1,$2,$3,$4,$5) RETURNING "public"."refresh_tokens"."id", "public"."refresh_tokens"."token", "public"."refresh_tokens"."userId", "public"."refresh_tokens"."expiresAt", "public"."refresh_tokens"."createdAt"
prisma:query COMMIT
prisma:query SELECT 1
prisma:query SELECT 1
prisma:query SELECT "public"."users"."id", "public"."users"."zoneId" FROM "public"."users" WHERE ("public"."users"."id" = $1 AND 1=1) LIMIT $2 OFFSET $3
prisma:query SELECT "public"."zones"."id", "public"."zones"."name", "public"."zones"."description", "public"."zones"."district", "public"."zones"."color", "public"."zones"."isActive", "public"."zones"."geometry", "public"."zones"."createdById", "public"."zones"."createdAt", "public"."zones"."updatedAt", COALESCE("aggr_selection_0_User"."_aggr_count_users", 0) AS "_aggr_count_users", COALESCE("aggr_selection_1_Route"."_aggr_count_routes", 0) AS "_aggr_count_routes" FROM "public"."zones" LEFT JOIN (SELECT "public"."users"."zoneId", COUNT(*) AS "_aggr_count_users" FROM "public"."users" WHERE 1=1 GROUP BY "public"."users"."zoneId") AS "aggr_selection_0_User" ON ("public"."zones"."id" = "aggr_selection_0_User"."zoneId") LEFT JOIN (SELECT "public"."routes"."zoneId", COUNT(*) AS "_aggr_count_routes" FROM "public"."routes" WHERE 1=1 GROUP BY "public"."routes"."zoneId") AS "aggr_selection_1_Route" ON ("public"."zones"."id" = "aggr_selection_1_Route"."zoneId") WHERE 1=1 ORDER BY "public"."zones"."createdAt" DESC OFFSET $1
prisma:query SELECT "public"."routes"."id", "public"."routes"."name", "public"."routes"."status"::text, "public"."routes"."zoneId", "public"."routes"."vehicleId", "public"."routes"."operatorId", "public"."routes"."createdById", "public"."routes"."dayOfWeek", "public"."routes"."startTime", "public"."routes"."estimatedDuration", "public"."routes"."pathGeometry", "public"."routes"."createdAt", "public"."routes"."updatedAt", COALESCE("aggr_selection_0_Waypoint"."_aggr_count_waypoints", 0) AS "_aggr_count_waypoints" FROM "public"."routes" LEFT JOIN (SELECT "public"."waypoints"."routeId", COUNT(*) AS "_aggr_count_waypoints" FROM "public"."waypoints" WHERE 1=1 GROUP BY "public"."waypoints"."routeId") AS "aggr_selection_0_Waypoint" ON ("public"."routes"."id" = "aggr_selection_0_Waypoint"."routeId") WHERE 1=1 ORDER BY "public"."routes"."createdAt" DESC OFFSET $1
prisma:query SELECT "public"."zones"."id", "public"."zones"."name", "public"."zones"."description", "public"."zones"."district", "public"."zones"."color", "public"."zones"."isActive", "public"."zones"."geometry", "public"."zones"."createdById", "public"."zones"."createdAt", "public"."zones"."updatedAt", COALESCE("aggr_selection_0_User"."_aggr_count_users", 0) AS "_aggr_count_users", COALESCE("aggr_selection_1_Route"."_aggr_count_routes", 0) AS "_aggr_count_routes" FROM "public"."zones" LEFT JOIN (SELECT "public"."users"."zoneId", COUNT(*) AS "_aggr_count_users" FROM "public"."users" WHERE 1=1 GROUP BY "public"."users"."zoneId") AS "aggr_selection_0_User" ON ("public"."zones"."id" = "aggr_selection_0_User"."zoneId") LEFT JOIN (SELECT "public"."routes"."zoneId", COUNT(*) AS "_aggr_count_routes" FROM "public"."routes" WHERE 1=1 GROUP BY "public"."routes"."zoneId") AS "aggr_selection_1_Route" ON ("public"."zones"."id" = "aggr_selection_1_Route"."zoneId") WHERE ("public"."zones"."id" = $1 AND 1=1) LIMIT $2 OFFSET $3
prisma:query SELECT "public"."users"."id", "public"."users"."firstName", "public"."users"."lastName" FROM "public"."users" WHERE "public"."users"."id" IN ($1) OFFSET $2
prisma:query SELECT "public"."zones"."id", "public"."zones"."name", "public"."zones"."color" FROM "public"."zones" WHERE "public"."zones"."id" IN ($1,$2,$3,$4,$5,$6,$7,$8,$9) OFFSET $10
prisma:query SELECT "public"."routes"."id", "public"."routes"."name", "public"."routes"."status"::text, "public"."routes"."zoneId" FROM "public"."routes" WHERE "public"."routes"."zoneId" IN ($1) OFFSET $2
prisma:query SELECT "public"."incidents"."id", "public"."incidents"."type"::text, "public"."incidents"."description", "public"."incidents"."status"::text, "public"."incidents"."imageUrl", "public"."incidents"."lat", "public"."incidents"."lng", "public"."incidents"."address", "public"."incidents"."citizenId", "public"."incidents"."trackingCode", "public"."incidents"."createdAt", "public"."incidents"."updatedAt" FROM "public"."incidents" LEFT JOIN "public"."users" AS "j0" ON ("j0"."id") = ("public"."incidents"."citizenId") WHERE ("j0"."zoneId" = $1 AND ("j0"."id" IS NOT NULL)) ORDER BY "public"."incidents"."createdAt" DESC OFFSET $2
prisma:query SELECT "public"."vehicles"."id", "public"."vehicles"."plate", "public"."vehicles"."type"::text FROM "public"."vehicles" WHERE "public"."vehicles"."id" IN ($1,$2) OFFSET $3
prisma:query SELECT "public"."users"."id", "public"."users"."firstName", "public"."users"."lastName" FROM "public"."users" WHERE "public"."users"."id" IN ($1,$2,$3,$4,$5,$6,$7,$8,$9) OFFSET $10
prisma:query SELECT "public"."zones"."id", "public"."zones"."name", "public"."zones"."description", "public"."zones"."district", "public"."zones"."color", "public"."zones"."isActive", "public"."zones"."geometry", "public"."zones"."createdById", "public"."zones"."createdAt", "public"."zones"."updatedAt", COALESCE("aggr_selection_0_User"."_aggr_count_users", 0) AS "_aggr_count_users", COALESCE("aggr_selection_1_Route"."_aggr_count_routes", 0) AS "_aggr_count_routes" FROM "public"."zones" LEFT JOIN (SELECT "public"."users"."zoneId", COUNT(*) AS "_aggr_count_users" FROM "public"."users" WHERE 1=1 GROUP BY "public"."users"."zoneId") AS "aggr_selection_0_User" ON ("public"."zones"."id" = "aggr_selection_0_User"."zoneId") LEFT JOIN (SELECT "public"."routes"."zoneId", COUNT(*) AS "_aggr_count_routes" FROM "public"."routes" WHERE 1=1 GROUP BY "public"."routes"."zoneId") AS "aggr_selection_1_Route" ON ("public"."zones"."id" = "aggr_selection_1_Route"."zoneId") WHERE 1=1 ORDER BY "public"."zones"."createdAt" DESC OFFSET $1
prisma:query SELECT "public"."users"."id", "public"."users"."firstName", "public"."users"."lastName" FROM "public"."users" WHERE "public"."users"."id" IN ($1) OFFSET $2
prisma:query SELECT "public"."zones"."id", "public"."zones"."name", "public"."zones"."description", "public"."zones"."district", "public"."zones"."color", "public"."zones"."isActive", "public"."zones"."geometry", "public"."zones"."createdById", "public"."zones"."createdAt", "public"."zones"."updatedAt", COALESCE("aggr_selection_0_User"."_aggr_count_users", 0) AS "_aggr_count_users", COALESCE("aggr_selection_1_Route"."_aggr_count_routes", 0) AS "_aggr_count_routes" FROM "public"."zones" LEFT JOIN (SELECT "public"."users"."zoneId", COUNT(*) AS "_aggr_count_users" FROM "public"."users" WHERE 1=1 GROUP BY "public"."users"."zoneId") AS "aggr_selection_0_User" ON ("public"."zones"."id" = "aggr_selection_0_User"."zoneId") LEFT JOIN (SELECT "public"."routes"."zoneId", COUNT(*) AS "_aggr_count_routes" FROM "public"."routes" WHERE 1=1 GROUP BY "public"."routes"."zoneId") AS "aggr_selection_1_Route" ON ("public"."zones"."id" = "aggr_selection_1_Route"."zoneId") WHERE ("public"."zones"."id" = $1 AND 1=1) LIMIT $2 OFFSET $3
prisma:query SELECT "public"."users"."id", "public"."users"."zoneId" FROM "public"."users" WHERE ("public"."users"."id" = $1 AND 1=1) LIMIT $2 OFFSET $3
prisma:query SELECT "public"."routes"."id", "public"."routes"."name", "public"."routes"."status"::text, "public"."routes"."zoneId" FROM "public"."routes" WHERE "public"."routes"."zoneId" IN ($1) OFFSET $2
prisma:query SELECT "public"."incidents"."id", "public"."incidents"."type"::text, "public"."incidents"."description", "public"."incidents"."status"::text, "public"."incidents"."imageUrl", "public"."incidents"."lat", "public"."incidents"."lng", "public"."incidents"."address", "public"."incidents"."citizenId", "public"."incidents"."trackingCode", "public"."incidents"."createdAt", "public"."incidents"."updatedAt" FROM "public"."incidents" LEFT JOIN "public"."users" AS "j0" ON ("j0"."id") = ("public"."incidents"."citizenId") WHERE ("j0"."zoneId" = $1 AND ("j0"."id" IS NOT NULL)) ORDER BY "public"."incidents"."createdAt" DESC OFFSET $2
prisma:query SELECT "public"."routes"."id", "public"."routes"."name", "public"."routes"."status"::text, "public"."routes"."zoneId", "public"."routes"."vehicleId", "public"."routes"."operatorId", "public"."routes"."createdById", "public"."routes"."dayOfWeek", "public"."routes"."startTime", "public"."routes"."estimatedDuration", "public"."routes"."pathGeometry", "public"."routes"."createdAt", "public"."routes"."updatedAt", COALESCE("aggr_selection_0_Waypoint"."_aggr_count_waypoints", 0) AS "_aggr_count_waypoints" FROM "public"."routes" LEFT JOIN (SELECT "public"."waypoints"."routeId", COUNT(*) AS "_aggr_count_waypoints" FROM "public"."waypoints" WHERE 1=1 GROUP BY "public"."waypoints"."routeId") AS "aggr_selection_0_Waypoint" ON ("public"."routes"."id" = "aggr_selection_0_Waypoint"."routeId") WHERE 1=1 ORDER BY "public"."routes"."createdAt" DESC OFFSET $1
prisma:query SELECT "public"."zones"."id", "public"."zones"."name", "public"."zones"."color" FROM "public"."zones" WHERE "public"."zones"."id" IN ($1,$2,$3,$4,$5,$6,$7,$8,$9) OFFSET $10
prisma:query SELECT "public"."vehicles"."id", "public"."vehicles"."plate", "public"."vehicles"."type"::text FROM "public"."vehicles" WHERE "public"."vehicles"."id" IN ($1,$2) OFFSET $3
prisma:query SELECT "public"."users"."id", "public"."users"."firstName", "public"."users"."lastName" FROM "public"."users" WHERE "public"."users"."id" IN ($1,$2,$3,$4,$5,$6,$7,$8,$9) OFFSET $10
prisma:query SELECT 1
prisma:query SELECT "public"."zones"."id", "public"."zones"."name", "public"."zones"."description", "public"."zones"."district", "public"."zones"."color", "public"."zones"."isActive", "public"."zones"."geometry", "public"."zones"."createdById", "public"."zones"."createdAt", "public"."zones"."updatedAt", COALESCE("aggr_selection_0_User"."_aggr_count_users", 0) AS "_aggr_count_users", COALESCE("aggr_selection_1_Route"."_aggr_count_routes", 0) AS "_aggr_count_routes" FROM "public"."zones" LEFT JOIN (SELECT "public"."users"."zoneId", COUNT(*) AS "_aggr_count_users" FROM "public"."users" WHERE 1=1 GROUP BY "public"."users"."zoneId") AS "aggr_selection_0_User" ON ("public"."zones"."id" = "aggr_selection_0_User"."zoneId") LEFT JOIN (SELECT "public"."routes"."zoneId", COUNT(*) AS "_aggr_count_routes" FROM "public"."routes" WHERE 1=1 GROUP BY "public"."routes"."zoneId") AS "aggr_selection_1_Route" ON ("public"."zones"."id" = "aggr_selection_1_Route"."zoneId") WHERE 1=1 ORDER BY "public"."zones"."createdAt" DESC OFFSET $1
prisma:query SELECT "public"."users"."id", "public"."users"."firstName", "public"."users"."lastName" FROM "public"."users" WHERE "public"."users"."id" IN ($1) OFFSET $2
prisma:query SELECT "public"."users"."id", "public"."users"."email", "public"."users"."firstName", "public"."users"."lastName", "public"."users"."dni", "public"."users"."phone", "public"."users"."address", "public"."users"."district", "public"."users"."role"::text, "public"."users"."isActive", "public"."users"."isVerified", "public"."users"."zoneId", "public"."users"."alertRadius" FROM "public"."users" WHERE ("public"."users"."id" = $1 AND 1=1) LIMIT $2 OFFSET $3
prisma:query SELECT "public"."zones"."id", "public"."zones"."name", "public"."zones"."district", "public"."zones"."color" FROM "public"."zones" WHERE "public"."zones"."id" IN ($1) OFFSET $2
prisma:query SELECT "public"."zones"."id", "public"."zones"."name", "public"."zones"."description", "public"."zones"."district", "public"."zones"."color", "public"."zones"."isActive", "public"."zones"."geometry", "public"."zones"."createdById", "public"."zones"."createdAt", "public"."zones"."updatedAt", COALESCE("aggr_selection_0_User"."_aggr_count_users", 0) AS "_aggr_count_users", COALESCE("aggr_selection_1_Route"."_aggr_count_routes", 0) AS "_aggr_count_routes" FROM "public"."zones" LEFT JOIN (SELECT "public"."users"."zoneId", COUNT(*) AS "_aggr_count_users" FROM "public"."users" WHERE 1=1 GROUP BY "public"."users"."zoneId") AS "aggr_selection_0_User" ON ("public"."zones"."id" = "aggr_selection_0_User"."zoneId") LEFT JOIN (SELECT "public"."routes"."zoneId", COUNT(*) AS "_aggr_count_routes" FROM "public"."routes" WHERE 1=1 GROUP BY "public"."routes"."zoneId") AS "aggr_selection_1_Route" ON ("public"."zones"."id" = "aggr_selection_1_Route"."zoneId") WHERE 1=1 ORDER BY "public"."zones"."createdAt" DESC OFFSET $1
prisma:query SELECT "public"."users"."id", "public"."users"."firstName", "public"."users"."lastName" FROM "public"."users" WHERE "public"."users"."id" IN ($1) OFFSET $2
prisma:query SELECT "public"."users"."id", "public"."users"."email", "public"."users"."firstName", "public"."users"."lastName", "public"."users"."dni", "public"."users"."phone", "public"."users"."address", "public"."users"."district", "public"."users"."role"::text, "public"."users"."isActive", "public"."users"."isVerified", "public"."users"."zoneId", "public"."users"."alertRadius" FROM "public"."users" WHERE ("public"."users"."id" = $1 AND 1=1) LIMIT $2 OFFSET $3
prisma:query SELECT "public"."zones"."id", "public"."zones"."name", "public"."zones"."district", "public"."zones"."color" FROM "public"."zones" WHERE "public"."zones"."id" IN ($1) OFFSET $2
prisma:query SELECT "public"."routes"."id", "public"."routes"."name", "public"."routes"."status"::text, "public"."routes"."zoneId", "public"."routes"."vehicleId", "public"."routes"."operatorId", "public"."routes"."createdById", "public"."routes"."dayOfWeek", "public"."routes"."startTime", "public"."routes"."estimatedDuration", "public"."routes"."pathGeometry", "public"."routes"."createdAt", "public"."routes"."updatedAt", COALESCE("aggr_selection_0_Waypoint"."_aggr_count_waypoints", 0) AS "_aggr_count_waypoints" FROM "public"."routes" LEFT JOIN (SELECT "public"."waypoints"."routeId", COUNT(*) AS "_aggr_count_waypoints" FROM "public"."waypoints" WHERE 1=1 GROUP BY "public"."waypoints"."routeId") AS "aggr_selection_0_Waypoint" ON ("public"."routes"."id" = "aggr_selection_0_Waypoint"."routeId") WHERE 1=1 ORDER BY "public"."routes"."createdAt" DESC OFFSET $1
prisma:query SELECT "public"."zones"."id", "public"."zones"."name", "public"."zones"."description", "public"."zones"."district", "public"."zones"."color", "public"."zones"."isActive", "public"."zones"."geometry", "public"."zones"."createdById", "public"."zones"."createdAt", "public"."zones"."updatedAt", COALESCE("aggr_selection_0_User"."_aggr_count_users", 0) AS "_aggr_count_users", COALESCE("aggr_selection_1_Route"."_aggr_count_routes", 0) AS "_aggr_count_routes" FROM "public"."zones" LEFT JOIN (SELECT "public"."users"."zoneId", COUNT(*) AS "_aggr_count_users" FROM "public"."users" WHERE 1=1 GROUP BY "public"."users"."zoneId") AS "aggr_selection_0_User" ON ("public"."zones"."id" = "aggr_selection_0_User"."zoneId") LEFT JOIN (SELECT "public"."routes"."zoneId", COUNT(*) AS "_aggr_count_routes" FROM "public"."routes" WHERE 1=1 GROUP BY "public"."routes"."zoneId") AS "aggr_selection_1_Route" ON ("public"."zones"."id" = "aggr_selection_1_Route"."zoneId") WHERE 1=1 ORDER BY "public"."zones"."createdAt" DESC OFFSET $1
prisma:query SELECT 1
prisma:query SELECT "public"."users"."id", "public"."users"."zoneId" FROM "public"."users" WHERE ("public"."users"."id" = $1 AND 1=1) LIMIT $2 OFFSET $3
prisma:query SELECT "public"."users"."id", "public"."users"."firstName", "public"."users"."lastName" FROM "public"."users" WHERE "public"."users"."id" IN ($1) OFFSET $2
prisma:query SELECT "public"."zones"."id", "public"."zones"."name", "public"."zones"."color" FROM "public"."zones" WHERE "public"."zones"."id" IN ($1,$2,$3,$4,$5,$6,$7,$8,$9) OFFSET $10
prisma:query SELECT "public"."vehicles"."id", "public"."vehicles"."plate", "public"."vehicles"."type"::text FROM "public"."vehicles" WHERE "public"."vehicles"."id" IN ($1,$2) OFFSET $3
prisma:query SELECT "public"."zones"."id", "public"."zones"."name", "public"."zones"."description", "public"."zones"."district", "public"."zones"."color", "public"."zones"."isActive", "public"."zones"."geometry", "public"."zones"."createdById", "public"."zones"."createdAt", "public"."zones"."updatedAt", COALESCE("aggr_selection_0_User"."_aggr_count_users", 0) AS "_aggr_count_users", COALESCE("aggr_selection_1_Route"."_aggr_count_routes", 0) AS "_aggr_count_routes" FROM "public"."zones" LEFT JOIN (SELECT "public"."users"."zoneId", COUNT(*) AS "_aggr_count_users" FROM "public"."users" WHERE 1=1 GROUP BY "public"."users"."zoneId") AS "aggr_selection_0_User" ON ("public"."zones"."id" = "aggr_selection_0_User"."zoneId") LEFT JOIN (SELECT "public"."routes"."zoneId", COUNT(*) AS "_aggr_count_routes" FROM "public"."routes" WHERE 1=1 GROUP BY "public"."routes"."zoneId") AS "aggr_selection_1_Route" ON ("public"."zones"."id" = "aggr_selection_1_Route"."zoneId") WHERE ("public"."zones"."id" = $1 AND 1=1) LIMIT $2 OFFSET $3
prisma:query SELECT "public"."users"."id", "public"."users"."firstName", "public"."users"."lastName" FROM "public"."users" WHERE "public"."users"."id" IN ($1,$2,$3,$4,$5,$6,$7,$8,$9) OFFSET $10
prisma:query SELECT "public"."incidents"."id", "public"."incidents"."type"::text, "public"."incidents"."description", "public"."incidents"."status"::text, "public"."incidents"."imageUrl", "public"."incidents"."lat", "public"."incidents"."lng", "public"."incidents"."address", "public"."incidents"."citizenId", "public"."incidents"."trackingCode", "public"."incidents"."createdAt", "public"."incidents"."updatedAt" FROM "public"."incidents" LEFT JOIN "public"."users" AS "j0" ON ("j0"."id") = ("public"."incidents"."citizenId") WHERE ("j0"."zoneId" = $1 AND ("j0"."id" IS NOT NULL)) ORDER BY "public"."incidents"."createdAt" DESC OFFSET $2
prisma:query SELECT "public"."routes"."id", "public"."routes"."name", "public"."routes"."status"::text, "public"."routes"."zoneId" FROM "public"."routes" WHERE "public"."routes"."zoneId" IN ($1) OFFSET $2
prisma:query SELECT "public"."zones"."id", "public"."zones"."name", "public"."zones"."description", "public"."zones"."district", "public"."zones"."color", "public"."zones"."isActive", "public"."zones"."geometry", "public"."zones"."createdById", "public"."zones"."createdAt", "public"."zones"."updatedAt", COALESCE("aggr_selection_0_User"."_aggr_count_users", 0) AS "_aggr_count_users", COALESCE("aggr_selection_1_Route"."_aggr_count_routes", 0) AS "_aggr_count_routes" FROM "public"."zones" LEFT JOIN (SELECT "public"."users"."zoneId", COUNT(*) AS "_aggr_count_users" FROM "public"."users" WHERE 1=1 GROUP BY "public"."users"."zoneId") AS "aggr_selection_0_User" ON ("public"."zones"."id" = "aggr_selection_0_User"."zoneId") LEFT JOIN (SELECT "public"."routes"."zoneId", COUNT(*) AS "_aggr_count_routes" FROM "public"."routes" WHERE 1=1 GROUP BY "public"."routes"."zoneId") AS "aggr_selection_1_Route" ON ("public"."zones"."id" = "aggr_selection_1_Route"."zoneId") WHERE 1=1 ORDER BY "public"."zones"."createdAt" DESC OFFSET $1
prisma:query SELECT "public"."users"."id", "public"."users"."firstName", "public"."users"."lastName" FROM "public"."users" WHERE "public"."users"."id" IN ($1) OFFSET $2
prisma:query SELECT "public"."users"."id", "public"."users"."zoneId" FROM "public"."users" WHERE ("public"."users"."id" = $1 AND 1=1) LIMIT $2 OFFSET $3
prisma:query SELECT "public"."routes"."id", "public"."routes"."name", "public"."routes"."status"::text, "public"."routes"."zoneId", "public"."routes"."vehicleId", "public"."routes"."operatorId", "public"."routes"."createdById", "public"."routes"."dayOfWeek", "public"."routes"."startTime", "public"."routes"."estimatedDuration", "public"."routes"."pathGeometry", "public"."routes"."createdAt", "public"."routes"."updatedAt", COALESCE("aggr_selection_0_Waypoint"."_aggr_count_waypoints", 0) AS "_aggr_count_waypoints" FROM "public"."routes" LEFT JOIN (SELECT "public"."waypoints"."routeId", COUNT(*) AS "_aggr_count_waypoints" FROM "public"."waypoints" WHERE 1=1 GROUP BY "public"."waypoints"."routeId") AS "aggr_selection_0_Waypoint" ON ("public"."routes"."id" = "aggr_selection_0_Waypoint"."routeId") WHERE 1=1 ORDER BY "public"."routes"."createdAt" DESC OFFSET $1
prisma:query SELECT "public"."incidents"."id", "public"."incidents"."type"::text, "public"."incidents"."description", "public"."incidents"."status"::text, "public"."incidents"."imageUrl", "public"."incidents"."lat", "public"."incidents"."lng", "public"."incidents"."address", "public"."incidents"."citizenId", "public"."incidents"."trackingCode", "public"."incidents"."createdAt", "public"."incidents"."updatedAt" FROM "public"."incidents" LEFT JOIN "public"."users" AS "j0" ON ("j0"."id") = ("public"."incidents"."citizenId") WHERE ("j0"."zoneId" = $1 AND ("j0"."id" IS NOT NULL)) ORDER BY "public"."incidents"."createdAt" DESC OFFSET $2
prisma:query SELECT "public"."zones"."id", "public"."zones"."name", "public"."zones"."description", "public"."zones"."district", "public"."zones"."color", "public"."zones"."isActive", "public"."zones"."geometry", "public"."zones"."createdById", "public"."zones"."createdAt", "public"."zones"."updatedAt", COALESCE("aggr_selection_0_User"."_aggr_count_users", 0) AS "_aggr_count_users", COALESCE("aggr_selection_1_Route"."_aggr_count_routes", 0) AS "_aggr_count_routes" FROM "public"."zones" LEFT JOIN (SELECT "public"."users"."zoneId", COUNT(*) AS "_aggr_count_users" FROM "public"."users" WHERE 1=1 GROUP BY "public"."users"."zoneId") AS "aggr_selection_0_User" ON ("public"."zones"."id" = "aggr_selection_0_User"."zoneId") LEFT JOIN (SELECT "public"."routes"."zoneId", COUNT(*) AS "_aggr_count_routes" FROM "public"."routes" WHERE 1=1 GROUP BY "public"."routes"."zoneId") AS "aggr_selection_1_Route" ON ("public"."zones"."id" = "aggr_selection_1_Route"."zoneId") WHERE ("public"."zones"."id" = $1 AND 1=1) LIMIT $2 OFFSET $3
prisma:query SELECT "public"."zones"."id", "public"."zones"."name", "public"."zones"."color" FROM "public"."zones" WHERE "public"."zones"."id" IN ($1,$2,$3,$4,$5,$6,$7,$8,$9) OFFSET $10
prisma:query SELECT "public"."vehicles"."id", "public"."vehicles"."plate", "public"."vehicles"."type"::text FROM "public"."vehicles" WHERE "public"."vehicles"."id" IN ($1,$2) OFFSET $3
prisma:query SELECT "public"."routes"."id", "public"."routes"."name", "public"."routes"."status"::text, "public"."routes"."zoneId" FROM "public"."routes" WHERE "public"."routes"."zoneId" IN ($1) OFFSET $2
prisma:query SELECT "public"."users"."id", "public"."users"."firstName", "public"."users"."lastName" FROM "public"."users" WHERE "public"."users"."id" IN ($1,$2,$3,$4,$5,$6,$7,$8,$9) OFFSET $10
prisma:query DELETE FROM "public"."refresh_tokens" WHERE "public"."refresh_tokens"."token" = $1
prisma:query SELECT "public"."users"."id", "public"."users"."email", "public"."users"."password", "public"."users"."role"::text, "public"."users"."firstName", "public"."users"."lastName", "public"."users"."zoneId", "public"."users"."isActive", "public"."users"."isVerified", "public"."users"."lockedUntil", "public"."users"."failedLoginAttempts" FROM "public"."users" WHERE ("public"."users"."email" = $1 AND 1=1) LIMIT $2 OFFSET $3
prisma:query BEGIN
prisma:query UPDATE "public"."users" SET "failedLoginAttempts" = $1, "lockedUntil" = $2, "lastLoginAt" = $3, "updatedAt" = $4 WHERE ("public"."users"."id" = $5 AND 1=1) RETURNING "public"."users"."id", "public"."users"."email", "public"."users"."password", "public"."users"."dni", "public"."users"."firstName", "public"."users"."lastName", "public"."users"."phone", "public"."users"."address", "public"."users"."district", "public"."users"."role"::text, "public"."users"."isActive", "public"."users"."isVerified", "public"."users"."emailVerificationToken", "public"."users"."emailVerificationExpiry", "public"."users"."passwordResetToken", "public"."users"."passwordResetExpiry", "public"."users"."failedLoginAttempts", "public"."users"."lockedUntil", "public"."users"."lastLoginAt", "public"."users"."zoneId", "public"."users"."homeLat", "public"."users"."homeLng", "public"."users"."alertRadius", "public"."users"."createdAt", "public"."users"."updatedAt"
prisma:query INSERT INTO "public"."refresh_tokens" ("id","token","userId","expiresAt","createdAt") VALUES ($1,$2,$3,$4,$5) RETURNING "public"."refresh_tokens"."id", "public"."refresh_tokens"."token", "public"."refresh_tokens"."userId", "public"."refresh_tokens"."expiresAt", "public"."refresh_tokens"."createdAt"
prisma:query COMMIT
prisma:query SELECT 1
prisma:query SELECT "public"."routes"."id", "public"."routes"."name", "public"."routes"."status"::text, "public"."routes"."zoneId", "public"."routes"."vehicleId", "public"."routes"."operatorId", "public"."routes"."createdById", "public"."routes"."dayOfWeek", "public"."routes"."startTime", "public"."routes"."estimatedDuration", "public"."routes"."pathGeometry", "public"."routes"."createdAt", "public"."routes"."updatedAt", COALESCE("aggr_selection_0_Waypoint"."_aggr_count_waypoints", 0) AS "_aggr_count_waypoints" FROM "public"."routes" LEFT JOIN (SELECT "public"."waypoints"."routeId", COUNT(*) AS "_aggr_count_waypoints" FROM "public"."waypoints" WHERE 1=1 GROUP BY "public"."waypoints"."routeId") AS "aggr_selection_0_Waypoint" ON ("public"."routes"."id" = "aggr_selection_0_Waypoint"."routeId") WHERE 1=1 ORDER BY "public"."routes"."createdAt" DESC OFFSET $1
prisma:query SELECT "public"."zones"."id", "public"."zones"."name", "public"."zones"."description", "public"."zones"."district", "public"."zones"."color", "public"."zones"."isActive", "public"."zones"."geometry", "public"."zones"."createdById", "public"."zones"."createdAt", "public"."zones"."updatedAt", COALESCE("aggr_selection_0_User"."_aggr_count_users", 0) AS "_aggr_count_users", COALESCE("aggr_selection_1_Route"."_aggr_count_routes", 0) AS "_aggr_count_routes" FROM "public"."zones" LEFT JOIN (SELECT "public"."users"."zoneId", COUNT(*) AS "_aggr_count_users" FROM "public"."users" WHERE 1=1 GROUP BY "public"."users"."zoneId") AS "aggr_selection_0_User" ON ("public"."zones"."id" = "aggr_selection_0_User"."zoneId") LEFT JOIN (SELECT "public"."routes"."zoneId", COUNT(*) AS "_aggr_count_routes" FROM "public"."routes" WHERE 1=1 GROUP BY "public"."routes"."zoneId") AS "aggr_selection_1_Route" ON ("public"."zones"."id" = "aggr_selection_1_Route"."zoneId") WHERE 1=1 ORDER BY "public"."zones"."createdAt" DESC OFFSET $1
prisma:query SELECT "public"."incidents"."id", "public"."incidents"."type"::text, "public"."incidents"."description", "public"."incidents"."status"::text, "public"."incidents"."imageUrl", "public"."incidents"."lat", "public"."incidents"."lng", "public"."incidents"."address", "public"."incidents"."citizenId", "public"."incidents"."trackingCode", "public"."incidents"."createdAt", "public"."incidents"."updatedAt" FROM "public"."incidents" WHERE 1=1 ORDER BY "public"."incidents"."createdAt" DESC OFFSET $1
prisma:query SELECT "public"."zones"."id", "public"."zones"."name", "public"."zones"."color" FROM "public"."zones" WHERE "public"."zones"."id" IN ($1,$2,$3,$4,$5,$6,$7,$8,$9) OFFSET $10
prisma:query SELECT "public"."users"."id", "public"."users"."firstName", "public"."users"."lastName" FROM "public"."users" WHERE "public"."users"."id" IN ($1) OFFSET $2
prisma:query SELECT "public"."vehicles"."id", "public"."vehicles"."plate", "public"."vehicles"."type"::text FROM "public"."vehicles" WHERE "public"."vehicles"."id" IN ($1,$2) OFFSET $3
prisma:query SELECT "public"."users"."id", "public"."users"."firstName", "public"."users"."lastName" FROM "public"."users" WHERE "public"."users"."id" IN ($1,$2,$3,$4,$5,$6,$7,$8,$9) OFFSET $10
prisma:query SELECT "public"."zones"."id", "public"."zones"."name", "public"."zones"."description", "public"."zones"."district", "public"."zones"."color", "public"."zones"."isActive", "public"."zones"."geometry", "public"."zones"."createdById", "public"."zones"."createdAt", "public"."zones"."updatedAt", COALESCE("aggr_selection_0_User"."_aggr_count_users", 0) AS "_aggr_count_users", COALESCE("aggr_selection_1_Route"."_aggr_count_routes", 0) AS "_aggr_count_routes" FROM "public"."zones" LEFT JOIN (SELECT "public"."users"."zoneId", COUNT(*) AS "_aggr_count_users" FROM "public"."users" WHERE 1=1 GROUP BY "public"."users"."zoneId") AS "aggr_selection_0_User" ON ("public"."zones"."id" = "aggr_selection_0_User"."zoneId") LEFT JOIN (SELECT "public"."routes"."zoneId", COUNT(*) AS "_aggr_count_routes" FROM "public"."routes" WHERE 1=1 GROUP BY "public"."routes"."zoneId") AS "aggr_selection_1_Route" ON ("public"."zones"."id" = "aggr_selection_1_Route"."zoneId") WHERE 1=1 ORDER BY "public"."zones"."createdAt" DESC OFFSET $1
prisma:query SELECT "public"."users"."id", "public"."users"."firstName", "public"."users"."lastName" FROM "public"."users" WHERE "public"."users"."id" IN ($1) OFFSET $2
prisma:query SELECT "public"."incidents"."id", "public"."incidents"."type"::text, "public"."incidents"."description", "public"."incidents"."status"::text, "public"."incidents"."imageUrl", "public"."incidents"."lat", "public"."incidents"."lng", "public"."incidents"."address", "public"."incidents"."citizenId", "public"."incidents"."trackingCode", "public"."incidents"."createdAt", "public"."incidents"."updatedAt" FROM "public"."incidents" WHERE 1=1 ORDER BY "public"."incidents"."createdAt" DESC OFFSET $1
prisma:query SELECT "public"."routes"."id", "public"."routes"."name", "public"."routes"."status"::text, "public"."routes"."zoneId", "public"."routes"."vehicleId", "public"."routes"."operatorId", "public"."routes"."createdById", "public"."routes"."dayOfWeek", "public"."routes"."startTime", "public"."routes"."estimatedDuration", "public"."routes"."pathGeometry", "public"."routes"."createdAt", "public"."routes"."updatedAt", COALESCE("aggr_selection_0_Waypoint"."_aggr_count_waypoints", 0) AS "_aggr_count_waypoints" FROM "public"."routes" LEFT JOIN (SELECT "public"."waypoints"."routeId", COUNT(*) AS "_aggr_count_waypoints" FROM "public"."waypoints" WHERE 1=1 GROUP BY "public"."waypoints"."routeId") AS "aggr_selection_0_Waypoint" ON ("public"."routes"."id" = "aggr_selection_0_Waypoint"."routeId") WHERE 1=1 ORDER BY "public"."routes"."createdAt" DESC OFFSET $1
prisma:query SELECT "public"."zones"."id", "public"."zones"."name", "public"."zones"."color" FROM "public"."zones" WHERE "public"."zones"."id" IN ($1,$2,$3,$4,$5,$6,$7,$8,$9) OFFSET $10
prisma:query SELECT "public"."vehicles"."id", "public"."vehicles"."plate", "public"."vehicles"."type"::text FROM "public"."vehicles" WHERE "public"."vehicles"."id" IN ($1,$2) OFFSET $3
prisma:query SELECT "public"."users"."id", "public"."users"."firstName", "public"."users"."lastName" FROM "public"."users" WHERE "public"."users"."id" IN ($1,$2,$3,$4,$5,$6,$7,$8,$9) OFFSET $10
prisma:query SELECT "public"."vehicles"."id", "public"."vehicles"."plate", "public"."vehicles"."type"::text, "public"."vehicles"."brand", "public"."vehicles"."model", "public"."vehicles"."year", "public"."vehicles"."capacity", "public"."vehicles"."status"::text, "public"."vehicles"."isActive", "public"."vehicles"."currentLat", "public"."vehicles"."currentLng", "public"."vehicles"."createdAt", "public"."vehicles"."updatedAt" FROM "public"."vehicles" WHERE 1=1 ORDER BY "public"."vehicles"."createdAt" DESC OFFSET $1
prisma:query SELECT "public"."vehicles"."id", "public"."vehicles"."plate", "public"."vehicles"."type"::text, "public"."vehicles"."brand", "public"."vehicles"."model", "public"."vehicles"."year", "public"."vehicles"."capacity", "public"."vehicles"."status"::text, "public"."vehicles"."isActive", "public"."vehicles"."currentLat", "public"."vehicles"."currentLng", "public"."vehicles"."createdAt", "public"."vehicles"."updatedAt" FROM "public"."vehicles" WHERE 1=1 ORDER BY "public"."vehicles"."createdAt" DESC OFFSET $1
prisma:query SELECT "public"."users"."id", "public"."users"."email", "public"."users"."firstName", "public"."users"."lastName", "public"."users"."dni", "public"."users"."phone", "public"."users"."address", "public"."users"."district", "public"."users"."role"::text, "public"."users"."isActive", "public"."users"."isVerified", "public"."users"."zoneId", "public"."users"."createdAt" FROM "public"."users" WHERE "public"."users"."role" = CAST($1::text AS "public"."Role") ORDER BY "public"."users"."createdAt" DESC OFFSET $2
prisma:query SELECT "public"."zones"."id", "public"."zones"."name", "public"."zones"."description", "public"."zones"."district", "public"."zones"."color", "public"."zones"."isActive", "public"."zones"."geometry", "public"."zones"."createdById", "public"."zones"."createdAt", "public"."zones"."updatedAt", COALESCE("aggr_selection_0_User"."_aggr_count_users", 0) AS "_aggr_count_users", COALESCE("aggr_selection_1_Route"."_aggr_count_routes", 0) AS "_aggr_count_routes" FROM "public"."zones" LEFT JOIN (SELECT "public"."users"."zoneId", COUNT(*) AS "_aggr_count_users" FROM "public"."users" WHERE 1=1 GROUP BY "public"."users"."zoneId") AS "aggr_selection_0_User" ON ("public"."zones"."id" = "aggr_selection_0_User"."zoneId") LEFT JOIN (SELECT "public"."routes"."zoneId", COUNT(*) AS "_aggr_count_routes" FROM "public"."routes" WHERE 1=1 GROUP BY "public"."routes"."zoneId") AS "aggr_selection_1_Route" ON ("public"."zones"."id" = "aggr_selection_1_Route"."zoneId") WHERE 1=1 ORDER BY "public"."zones"."createdAt" DESC OFFSET $1
prisma:query SELECT "public"."zones"."id", "public"."zones"."name", "public"."zones"."district", "public"."zones"."color" FROM "public"."zones" WHERE "public"."zones"."id" IN ($1,$2) OFFSET $3
prisma:query SELECT "public"."users"."id", "public"."users"."firstName", "public"."users"."lastName" FROM "public"."users" WHERE "public"."users"."id" IN ($1) OFFSET $2
prisma:query SELECT "public"."zones"."id", "public"."zones"."name", "public"."zones"."description", "public"."zones"."district", "public"."zones"."color", "public"."zones"."isActive", "public"."zones"."geometry", "public"."zones"."createdById", "public"."zones"."createdAt", "public"."zones"."updatedAt", COALESCE("aggr_selection_0_User"."_aggr_count_users", 0) AS "_aggr_count_users", COALESCE("aggr_selection_1_Route"."_aggr_count_routes", 0) AS "_aggr_count_routes" FROM "public"."zones" LEFT JOIN (SELECT "public"."users"."zoneId", COUNT(*) AS "_aggr_count_users" FROM "public"."users" WHERE 1=1 GROUP BY "public"."users"."zoneId") AS "aggr_selection_0_User" ON ("public"."zones"."id" = "aggr_selection_0_User"."zoneId") LEFT JOIN (SELECT "public"."routes"."zoneId", COUNT(*) AS "_aggr_count_routes" FROM "public"."routes" WHERE 1=1 GROUP BY "public"."routes"."zoneId") AS "aggr_selection_1_Route" ON ("public"."zones"."id" = "aggr_selection_1_Route"."zoneId") WHERE 1=1 ORDER BY "public"."zones"."createdAt" DESC OFFSET $1
prisma:query SELECT "public"."users"."id", "public"."users"."firstName", "public"."users"."lastName" FROM "public"."users" WHERE "public"."users"."id" IN ($1) OFFSET $2
prisma:query SELECT 1
prisma:query SELECT 1
prisma:query SELECT "public"."zones"."id", "public"."zones"."name", "public"."zones"."description", "public"."zones"."district", "public"."zones"."color", "public"."zones"."isActive", "public"."zones"."geometry", "public"."zones"."createdById", "public"."zones"."createdAt", "public"."zones"."updatedAt", COALESCE("aggr_selection_0_User"."_aggr_count_users", 0) AS "_aggr_count_users", COALESCE("aggr_selection_1_Route"."_aggr_count_routes", 0) AS "_aggr_count_routes" FROM "public"."zones" LEFT JOIN (SELECT "public"."users"."zoneId", COUNT(*) AS "_aggr_count_users" FROM "public"."users" WHERE 1=1 GROUP BY "public"."users"."zoneId") AS "aggr_selection_0_User" ON ("public"."zones"."id" = "aggr_selection_0_User"."zoneId") LEFT JOIN (SELECT "public"."routes"."zoneId", COUNT(*) AS "_aggr_count_routes" FROM "public"."routes" WHERE 1=1 GROUP BY "public"."routes"."zoneId") AS "aggr_selection_1_Route" ON ("public"."zones"."id" = "aggr_selection_1_Route"."zoneId") WHERE 1=1 ORDER BY "public"."zones"."createdAt" DESC OFFSET $1
prisma:query SELECT "public"."routes"."id", "public"."routes"."name", "public"."routes"."status"::text, "public"."routes"."zoneId", "public"."routes"."vehicleId", "public"."routes"."operatorId", "public"."routes"."createdById", "public"."routes"."dayOfWeek", "public"."routes"."startTime", "public"."routes"."estimatedDuration", "public"."routes"."pathGeometry", "public"."routes"."createdAt", "public"."routes"."updatedAt", COALESCE("aggr_selection_0_Waypoint"."_aggr_count_waypoints", 0) AS "_aggr_count_waypoints" FROM "public"."routes" LEFT JOIN (SELECT "public"."waypoints"."routeId", COUNT(*) AS "_aggr_count_waypoints" FROM "public"."waypoints" WHERE 1=1 GROUP BY "public"."waypoints"."routeId") AS "aggr_selection_0_Waypoint" ON ("public"."routes"."id" = "aggr_selection_0_Waypoint"."routeId") WHERE 1=1 ORDER BY "public"."routes"."createdAt" DESC OFFSET $1
prisma:query SELECT "public"."users"."id", "public"."users"."firstName", "public"."users"."lastName" FROM "public"."users" WHERE "public"."users"."id" IN ($1) OFFSET $2
prisma:query SELECT "public"."zones"."id", "public"."zones"."name", "public"."zones"."color" FROM "public"."zones" WHERE "public"."zones"."id" IN ($1,$2,$3,$4,$5,$6,$7,$8,$9) OFFSET $10
prisma:query SELECT "public"."vehicles"."id", "public"."vehicles"."plate", "public"."vehicles"."type"::text FROM "public"."vehicles" WHERE "public"."vehicles"."id" IN ($1,$2) OFFSET $3
prisma:query SELECT "public"."users"."id", "public"."users"."firstName", "public"."users"."lastName" FROM "public"."users" WHERE "public"."users"."id" IN ($1,$2,$3,$4,$5,$6,$7,$8,$9) OFFSET $10
prisma:query SELECT "public"."zones"."id", "public"."zones"."name", "public"."zones"."description", "public"."zones"."district", "public"."zones"."color", "public"."zones"."isActive", "public"."zones"."geometry", "public"."zones"."createdById", "public"."zones"."createdAt", "public"."zones"."updatedAt", COALESCE("aggr_selection_0_User"."_aggr_count_users", 0) AS "_aggr_count_users", COALESCE("aggr_selection_1_Route"."_aggr_count_routes", 0) AS "_aggr_count_routes" FROM "public"."zones" LEFT JOIN (SELECT "public"."users"."zoneId", COUNT(*) AS "_aggr_count_users" FROM "public"."users" WHERE 1=1 GROUP BY "public"."users"."zoneId") AS "aggr_selection_0_User" ON ("public"."zones"."id" = "aggr_selection_0_User"."zoneId") LEFT JOIN (SELECT "public"."routes"."zoneId", COUNT(*) AS "_aggr_count_routes" FROM "public"."routes" WHERE 1=1 GROUP BY "public"."routes"."zoneId") AS "aggr_selection_1_Route" ON ("public"."zones"."id" = "aggr_selection_1_Route"."zoneId") WHERE 1=1 ORDER BY "public"."zones"."createdAt" DESC OFFSET $1
prisma:query SELECT "public"."users"."id", "public"."users"."firstName", "public"."users"."lastName" FROM "public"."users" WHERE "public"."users"."id" IN ($1) OFFSET $2
prisma:query SELECT "public"."routes"."id", "public"."routes"."name", "public"."routes"."status"::text, "public"."routes"."zoneId", "public"."routes"."vehicleId", "public"."routes"."operatorId", "public"."routes"."createdById", "public"."routes"."dayOfWeek", "public"."routes"."startTime", "public"."routes"."estimatedDuration", "public"."routes"."pathGeometry", "public"."routes"."createdAt", "public"."routes"."updatedAt", COALESCE("aggr_selection_0_Waypoint"."_aggr_count_waypoints", 0) AS "_aggr_count_waypoints" FROM "public"."routes" LEFT JOIN (SELECT "public"."waypoints"."routeId", COUNT(*) AS "_aggr_count_waypoints" FROM "public"."waypoints" WHERE 1=1 GROUP BY "public"."waypoints"."routeId") AS "aggr_selection_0_Waypoint" ON ("public"."routes"."id" = "aggr_selection_0_Waypoint"."routeId") WHERE 1=1 ORDER BY "public"."routes"."createdAt" DESC OFFSET $1
prisma:query SELECT "public"."zones"."id", "public"."zones"."name", "public"."zones"."color" FROM "public"."zones" WHERE "public"."zones"."id" IN ($1,$2,$3,$4,$5,$6,$7,$8,$9) OFFSET $10
prisma:query SELECT "public"."vehicles"."id", "public"."vehicles"."plate", "public"."vehicles"."type"::text FROM "public"."vehicles" WHERE "public"."vehicles"."id" IN ($1,$2) OFFSET $3
prisma:query SELECT "public"."users"."id", "public"."users"."firstName", "public"."users"."lastName" FROM "public"."users" WHERE "public"."users"."id" IN ($1,$2,$3,$4,$5,$6,$7,$8,$9) OFFSET $10
prisma:query SELECT "public"."routes"."id", "public"."routes"."name", "public"."routes"."status"::text, "public"."routes"."zoneId", "public"."routes"."vehicleId", "public"."routes"."operatorId", "public"."routes"."createdById", "public"."routes"."dayOfWeek", "public"."routes"."startTime", "public"."routes"."estimatedDuration", "public"."routes"."pathGeometry", "public"."routes"."createdAt", "public"."routes"."updatedAt", COALESCE("aggr_selection_0_Waypoint"."_aggr_count_waypoints", 0) AS "_aggr_count_waypoints" FROM "public"."routes" LEFT JOIN (SELECT "public"."waypoints"."routeId", COUNT(*) AS "_aggr_count_waypoints" FROM "public"."waypoints" WHERE 1=1 GROUP BY "public"."waypoints"."routeId") AS "aggr_selection_0_Waypoint" ON ("public"."routes"."id" = "aggr_selection_0_Waypoint"."routeId") WHERE "public"."routes"."zoneId" = $1 ORDER BY "public"."routes"."createdAt" DESC OFFSET $2
prisma:query SELECT "public"."zones"."id", "public"."zones"."name", "public"."zones"."color" FROM "public"."zones" WHERE "public"."zones"."id" IN ($1) OFFSET $2
prisma:query SELECT "public"."vehicles"."id", "public"."vehicles"."plate", "public"."vehicles"."type"::text FROM "public"."vehicles" WHERE "public"."vehicles"."id" IN ($1) OFFSET $2
prisma:query SELECT "public"."users"."id", "public"."users"."firstName", "public"."users"."lastName" FROM "public"."users" WHERE "public"."users"."id" IN ($1) OFFSET $2
prisma:query SELECT "public"."routes"."id", "public"."routes"."name", "public"."routes"."status"::text, "public"."routes"."zoneId", "public"."routes"."vehicleId", "public"."routes"."operatorId", "public"."routes"."createdById", "public"."routes"."dayOfWeek", "public"."routes"."startTime", "public"."routes"."estimatedDuration", "public"."routes"."pathGeometry", "public"."routes"."createdAt", "public"."routes"."updatedAt", COALESCE("aggr_selection_0_Waypoint"."_aggr_count_waypoints", 0) AS "_aggr_count_waypoints" FROM "public"."routes" LEFT JOIN (SELECT "public"."waypoints"."routeId", COUNT(*) AS "_aggr_count_waypoints" FROM "public"."waypoints" WHERE 1=1 GROUP BY "public"."waypoints"."routeId") AS "aggr_selection_0_Waypoint" ON ("public"."routes"."id" = "aggr_selection_0_Waypoint"."routeId") WHERE "public"."routes"."zoneId" = $1 ORDER BY "public"."routes"."createdAt" DESC OFFSET $2
prisma:query SELECT "public"."zones"."id", "public"."zones"."name", "public"."zones"."color" FROM "public"."zones" WHERE "public"."zones"."id" IN ($1) OFFSET $2
prisma:query SELECT "public"."vehicles"."id", "public"."vehicles"."plate", "public"."vehicles"."type"::text FROM "public"."vehicles" WHERE "public"."vehicles"."id" IN ($1) OFFSET $2
prisma:query SELECT "public"."users"."id", "public"."users"."firstName", "public"."users"."lastName" FROM "public"."users" WHERE "public"."users"."id" IN ($1) OFFSET $2
prisma:query SELECT "public"."routes"."id", "public"."routes"."name", "public"."routes"."status"::text, "public"."routes"."zoneId", "public"."routes"."vehicleId", "public"."routes"."operatorId", "public"."routes"."createdById", "public"."routes"."dayOfWeek", "public"."routes"."startTime", "public"."routes"."estimatedDuration", "public"."routes"."pathGeometry", "public"."routes"."createdAt", "public"."routes"."updatedAt", COALESCE("aggr_selection_0_Waypoint"."_aggr_count_waypoints", 0) AS "_aggr_count_waypoints" FROM "public"."routes" LEFT JOIN (SELECT "public"."waypoints"."routeId", COUNT(*) AS "_aggr_count_waypoints" FROM "public"."waypoints" WHERE 1=1 GROUP BY "public"."waypoints"."routeId") AS "aggr_selection_0_Waypoint" ON ("public"."routes"."id" = "aggr_selection_0_Waypoint"."routeId") WHERE "public"."routes"."zoneId" = $1 ORDER BY "public"."routes"."createdAt" DESC OFFSET $2
prisma:query SELECT "public"."zones"."id", "public"."zones"."name", "public"."zones"."color" FROM "public"."zones" WHERE "public"."zones"."id" IN ($1) OFFSET $2
prisma:query SELECT "public"."vehicles"."id", "public"."vehicles"."plate", "public"."vehicles"."type"::text FROM "public"."vehicles" WHERE "public"."vehicles"."id" IN ($1) OFFSET $2
prisma:query SELECT "public"."users"."id", "public"."users"."firstName", "public"."users"."lastName" FROM "public"."users" WHERE "public"."users"."id" IN ($1) OFFSET $2
prisma:query SELECT "public"."routes"."id", "public"."routes"."name", "public"."routes"."status"::text, "public"."routes"."zoneId", "public"."routes"."vehicleId", "public"."routes"."operatorId", "public"."routes"."createdById", "public"."routes"."dayOfWeek", "public"."routes"."startTime", "public"."routes"."estimatedDuration", "public"."routes"."pathGeometry", "public"."routes"."createdAt", "public"."routes"."updatedAt", COALESCE("aggr_selection_0_Waypoint"."_aggr_count_waypoints", 0) AS "_aggr_count_waypoints" FROM "public"."routes" LEFT JOIN (SELECT "public"."waypoints"."routeId", COUNT(*) AS "_aggr_count_waypoints" FROM "public"."waypoints" WHERE 1=1 GROUP BY "public"."waypoints"."routeId") AS "aggr_selection_0_Waypoint" ON ("public"."routes"."id" = "aggr_selection_0_Waypoint"."routeId") WHERE "public"."routes"."zoneId" = $1 ORDER BY "public"."routes"."createdAt" DESC OFFSET $2
prisma:query SELECT "public"."zones"."id", "public"."zones"."name", "public"."zones"."color" FROM "public"."zones" WHERE "public"."zones"."id" IN ($1) OFFSET $2
prisma:query SELECT "public"."vehicles"."id", "public"."vehicles"."plate", "public"."vehicles"."type"::text FROM "public"."vehicles" WHERE "public"."vehicles"."id" IN ($1) OFFSET $2
prisma:query SELECT "public"."users"."id", "public"."users"."firstName", "public"."users"."lastName" FROM "public"."users" WHERE "public"."users"."id" IN ($1) OFFSET $2
prisma:query SELECT "public"."routes"."id", "public"."routes"."name", "public"."routes"."status"::text, "public"."routes"."zoneId", "public"."routes"."vehicleId", "public"."routes"."operatorId", "public"."routes"."createdById", "public"."routes"."dayOfWeek", "public"."routes"."startTime", "public"."routes"."estimatedDuration", "public"."routes"."pathGeometry", "public"."routes"."createdAt", "public"."routes"."updatedAt", COALESCE("aggr_selection_0_Waypoint"."_aggr_count_waypoints", 0) AS "_aggr_count_waypoints" FROM "public"."routes" LEFT JOIN (SELECT "public"."waypoints"."routeId", COUNT(*) AS "_aggr_count_waypoints" FROM "public"."waypoints" WHERE 1=1 GROUP BY "public"."waypoints"."routeId") AS "aggr_selection_0_Waypoint" ON ("public"."routes"."id" = "aggr_selection_0_Waypoint"."routeId") WHERE 1=1 ORDER BY "public"."routes"."createdAt" DESC OFFSET $1
prisma:query SELECT "public"."zones"."id", "public"."zones"."name", "public"."zones"."color" FROM "public"."zones" WHERE "public"."zones"."id" IN ($1,$2,$3,$4,$5,$6,$7,$8,$9) OFFSET $10
prisma:query SELECT "public"."vehicles"."id", "public"."vehicles"."plate", "public"."vehicles"."type"::text FROM "public"."vehicles" WHERE "public"."vehicles"."id" IN ($1,$2) OFFSET $3
prisma:query SELECT "public"."users"."id", "public"."users"."firstName", "public"."users"."lastName" FROM "public"."users" WHERE "public"."users"."id" IN ($1,$2,$3,$4,$5,$6,$7,$8,$9) OFFSET $10
prisma:query SELECT "public"."zones"."id", "public"."zones"."name", "public"."zones"."description", "public"."zones"."district", "public"."zones"."color", "public"."zones"."isActive", "public"."zones"."geometry", "public"."zones"."createdById", "public"."zones"."createdAt", "public"."zones"."updatedAt", COALESCE("aggr_selection_0_User"."_aggr_count_users", 0) AS "_aggr_count_users", COALESCE("aggr_selection_1_Route"."_aggr_count_routes", 0) AS "_aggr_count_routes" FROM "public"."zones" LEFT JOIN (SELECT "public"."users"."zoneId", COUNT(*) AS "_aggr_count_users" FROM "public"."users" WHERE 1=1 GROUP BY "public"."users"."zoneId") AS "aggr_selection_0_User" ON ("public"."zones"."id" = "aggr_selection_0_User"."zoneId") LEFT JOIN (SELECT "public"."routes"."zoneId", COUNT(*) AS "_aggr_count_routes" FROM "public"."routes" WHERE 1=1 GROUP BY "public"."routes"."zoneId") AS "aggr_selection_1_Route" ON ("public"."zones"."id" = "aggr_selection_1_Route"."zoneId") WHERE 1=1 ORDER BY "public"."zones"."createdAt" DESC OFFSET $1
prisma:query SELECT "public"."users"."id", "public"."users"."email", "public"."users"."firstName", "public"."users"."lastName", "public"."users"."dni", "public"."users"."phone", "public"."users"."address", "public"."users"."district", "public"."users"."role"::text, "public"."users"."isActive", "public"."users"."isVerified", "public"."users"."zoneId", "public"."users"."createdAt" FROM "public"."users" WHERE "public"."users"."role" = CAST($1::text AS "public"."Role") ORDER BY "public"."users"."createdAt" DESC OFFSET $2
prisma:query SELECT "public"."users"."id", "public"."users"."firstName", "public"."users"."lastName" FROM "public"."users" WHERE "public"."users"."id" IN ($1) OFFSET $2
prisma:query SELECT "public"."zones"."id", "public"."zones"."name", "public"."zones"."district", "public"."zones"."color" FROM "public"."zones" WHERE "public"."zones"."id" IN ($1,$2) OFFSET $3
prisma:query SELECT "public"."zones"."id", "public"."zones"."name", "public"."zones"."description", "public"."zones"."district", "public"."zones"."color", "public"."zones"."isActive", "public"."zones"."geometry", "public"."zones"."createdById", "public"."zones"."createdAt", "public"."zones"."updatedAt", COALESCE("aggr_selection_0_User"."_aggr_count_users", 0) AS "_aggr_count_users", COALESCE("aggr_selection_1_Route"."_aggr_count_routes", 0) AS "_aggr_count_routes" FROM "public"."zones" LEFT JOIN (SELECT "public"."users"."zoneId", COUNT(*) AS "_aggr_count_users" FROM "public"."users" WHERE 1=1 GROUP BY "public"."users"."zoneId") AS "aggr_selection_0_User" ON ("public"."zones"."id" = "aggr_selection_0_User"."zoneId") LEFT JOIN (SELECT "public"."routes"."zoneId", COUNT(*) AS "_aggr_count_routes" FROM "public"."routes" WHERE 1=1 GROUP BY "public"."routes"."zoneId") AS "aggr_selection_1_Route" ON ("public"."zones"."id" = "aggr_selection_1_Route"."zoneId") WHERE 1=1 ORDER BY "public"."zones"."createdAt" DESC OFFSET $1
prisma:query SELECT "public"."users"."id", "public"."users"."firstName", "public"."users"."lastName" FROM "public"."users" WHERE "public"."users"."id" IN ($1) OFFSET $2
prisma:query SELECT "public"."zones"."id", "public"."zones"."name", "public"."zones"."description", "public"."zones"."district", "public"."zones"."color", "public"."zones"."isActive", "public"."zones"."geometry", "public"."zones"."createdById", "public"."zones"."createdAt", "public"."zones"."updatedAt", COALESCE("aggr_selection_0_User"."_aggr_count_users", 0) AS "_aggr_count_users", COALESCE("aggr_selection_1_Route"."_aggr_count_routes", 0) AS "_aggr_count_routes" FROM "public"."zones" LEFT JOIN (SELECT "public"."users"."zoneId", COUNT(*) AS "_aggr_count_users" FROM "public"."users" WHERE 1=1 GROUP BY "public"."users"."zoneId") AS "aggr_selection_0_User" ON ("public"."zones"."id" = "aggr_selection_0_User"."zoneId") LEFT JOIN (SELECT "public"."routes"."zoneId", COUNT(*) AS "_aggr_count_routes" FROM "public"."routes" WHERE 1=1 GROUP BY "public"."routes"."zoneId") AS "aggr_selection_1_Route" ON ("public"."zones"."id" = "aggr_selection_1_Route"."zoneId") WHERE 1=1 ORDER BY "public"."zones"."createdAt" DESC OFFSET $1
prisma:query SELECT "public"."users"."id", "public"."users"."firstName", "public"."users"."lastName" FROM "public"."users" WHERE "public"."users"."id" IN ($1) OFFSET $2
prisma:query SELECT "public"."route_executions"."id", "public"."route_executions"."routeId", "public"."route_executions"."operatorId", "public"."route_executions"."vehicleId", "public"."route_executions"."date", "public"."route_executions"."startedAt", "public"."route_executions"."endedAt", "public"."route_executions"."status"::text, "public"."route_executions"."delayMinutes", "public"."route_executions"."notes", "public"."route_executions"."createdAt", "public"."route_executions"."updatedAt" FROM "public"."route_executions" WHERE ("public"."route_executions"."date" >= $1 AND "public"."route_executions"."date" <= $2) OFFSET $3
prisma:query SELECT "public"."zones"."id", "public"."zones"."name", "public"."zones"."district", "public"."zones"."color" FROM "public"."zones" WHERE "public"."zones"."isActive" = $1 OFFSET $2
prisma:query SELECT "public"."zones"."id", "public"."zones"."name", "public"."zones"."description", "public"."zones"."district", "public"."zones"."color", "public"."zones"."isActive", "public"."zones"."geometry", "public"."zones"."createdById", "public"."zones"."createdAt", "public"."zones"."updatedAt", COALESCE("aggr_selection_0_User"."_aggr_count_users", 0) AS "_aggr_count_users", COALESCE("aggr_selection_1_Route"."_aggr_count_routes", 0) AS "_aggr_count_routes" FROM "public"."zones" LEFT JOIN (SELECT "public"."users"."zoneId", COUNT(*) AS "_aggr_count_users" FROM "public"."users" WHERE 1=1 GROUP BY "public"."users"."zoneId") AS "aggr_selection_0_User" ON ("public"."zones"."id" = "aggr_selection_0_User"."zoneId") LEFT JOIN (SELECT "public"."routes"."zoneId", COUNT(*) AS "_aggr_count_routes" FROM "public"."routes" WHERE 1=1 GROUP BY "public"."routes"."zoneId") AS "aggr_selection_1_Route" ON ("public"."zones"."id" = "aggr_selection_1_Route"."zoneId") WHERE 1=1 ORDER BY "public"."zones"."createdAt" DESC OFFSET $1
prisma:query SELECT "public"."users"."id", "public"."users"."firstName", "public"."users"."lastName" FROM "public"."users" WHERE "public"."users"."id" IN ($1) OFFSET $2
prisma:query SELECT "public"."zones"."id", "public"."zones"."name", "public"."zones"."description", "public"."zones"."district", "public"."zones"."color", "public"."zones"."isActive", "public"."zones"."geometry", "public"."zones"."createdById", "public"."zones"."createdAt", "public"."zones"."updatedAt", COALESCE("aggr_selection_0_User"."_aggr_count_users", 0) AS "_aggr_count_users", COALESCE("aggr_selection_1_Route"."_aggr_count_routes", 0) AS "_aggr_count_routes" FROM "public"."zones" LEFT JOIN (SELECT "public"."users"."zoneId", COUNT(*) AS "_aggr_count_users" FROM "public"."users" WHERE 1=1 GROUP BY "public"."users"."zoneId") AS "aggr_selection_0_User" ON ("public"."zones"."id" = "aggr_selection_0_User"."zoneId") LEFT JOIN (SELECT "public"."routes"."zoneId", COUNT(*) AS "_aggr_count_routes" FROM "public"."routes" WHERE 1=1 GROUP BY "public"."routes"."zoneId") AS "aggr_selection_1_Route" ON ("public"."zones"."id" = "aggr_selection_1_Route"."zoneId") WHERE 1=1 ORDER BY "public"."zones"."createdAt" DESC OFFSET $1
prisma:query SELECT "public"."users"."id", "public"."users"."firstName", "public"."users"."lastName" FROM "public"."users" WHERE "public"."users"."id" IN ($1) OFFSET $2
prisma:query SELECT "public"."users"."id", "public"."users"."email", "public"."users"."firstName", "public"."users"."lastName", "public"."users"."dni", "public"."users"."phone", "public"."users"."address", "public"."users"."district", "public"."users"."role"::text, "public"."users"."isActive", "public"."users"."isVerified", "public"."users"."zoneId", "public"."users"."createdAt" FROM "public"."users" WHERE "public"."users"."role" = CAST($1::text AS "public"."Role") ORDER BY "public"."users"."createdAt" DESC OFFSET $2
prisma:query SELECT "public"."zones"."id", "public"."zones"."name", "public"."zones"."district", "public"."zones"."color" FROM "public"."zones" WHERE "public"."zones"."id" IN ($1,$2) OFFSET $3
prisma:query SELECT "public"."zones"."id", "public"."zones"."name", "public"."zones"."description", "public"."zones"."district", "public"."zones"."color", "public"."zones"."isActive", "public"."zones"."geometry", "public"."zones"."createdById", "public"."zones"."createdAt", "public"."zones"."updatedAt", COALESCE("aggr_selection_0_User"."_aggr_count_users", 0) AS "_aggr_count_users", COALESCE("aggr_selection_1_Route"."_aggr_count_routes", 0) AS "_aggr_count_routes" FROM "public"."zones" LEFT JOIN (SELECT "public"."users"."zoneId", COUNT(*) AS "_aggr_count_users" FROM "public"."users" WHERE 1=1 GROUP BY "public"."users"."zoneId") AS "aggr_selection_0_User" ON ("public"."zones"."id" = "aggr_selection_0_User"."zoneId") LEFT JOIN (SELECT "public"."routes"."zoneId", COUNT(*) AS "_aggr_count_routes" FROM "public"."routes" WHERE 1=1 GROUP BY "public"."routes"."zoneId") AS "aggr_selection_1_Route" ON ("public"."zones"."id" = "aggr_selection_1_Route"."zoneId") WHERE 1=1 ORDER BY "public"."zones"."createdAt" DESC OFFSET $1
prisma:query SELECT "public"."users"."id", "public"."users"."firstName", "public"."users"."lastName" FROM "public"."users" WHERE "public"."users"."id" IN ($1) OFFSET $2
prisma:query DELETE FROM "public"."refresh_tokens" WHERE "public"."refresh_tokens"."token" = $1
prisma:query SELECT "public"."zones"."id", "public"."zones"."name", "public"."zones"."description", "public"."zones"."district", "public"."zones"."color", "public"."zones"."isActive", "public"."zones"."geometry", "public"."zones"."createdById", "public"."zones"."createdAt", "public"."zones"."updatedAt", COALESCE("aggr_selection_0_User"."_aggr_count_users", 0) AS "_aggr_count_users", COALESCE("aggr_selection_1_Route"."_aggr_count_routes", 0) AS "_aggr_count_routes" FROM "public"."zones" LEFT JOIN (SELECT "public"."users"."zoneId", COUNT(*) AS "_aggr_count_users" FROM "public"."users" WHERE 1=1 GROUP BY "public"."users"."zoneId") AS "aggr_selection_0_User" ON ("public"."zones"."id" = "aggr_selection_0_User"."zoneId") LEFT JOIN (SELECT "public"."routes"."zoneId", COUNT(*) AS "_aggr_count_routes" FROM "public"."routes" WHERE 1=1 GROUP BY "public"."routes"."zoneId") AS "aggr_selection_1_Route" ON ("public"."zones"."id" = "aggr_selection_1_Route"."zoneId") WHERE 1=1 ORDER BY "public"."zones"."createdAt" DESC OFFSET $1
prisma:query SELECT "public"."users"."id", "public"."users"."firstName", "public"."users"."lastName" FROM "public"."users" WHERE "public"."users"."id" IN ($1) OFFSET $2
prisma:query SELECT "public"."zones"."id", "public"."zones"."name", "public"."zones"."description", "public"."zones"."district", "public"."zones"."color", "public"."zones"."isActive", "public"."zones"."geometry", "public"."zones"."createdById", "public"."zones"."createdAt", "public"."zones"."updatedAt", COALESCE("aggr_selection_0_User"."_aggr_count_users", 0) AS "_aggr_count_users", COALESCE("aggr_selection_1_Route"."_aggr_count_routes", 0) AS "_aggr_count_routes" FROM "public"."zones" LEFT JOIN (SELECT "public"."users"."zoneId", COUNT(*) AS "_aggr_count_users" FROM "public"."users" WHERE 1=1 GROUP BY "public"."users"."zoneId") AS "aggr_selection_0_User" ON ("public"."zones"."id" = "aggr_selection_0_User"."zoneId") LEFT JOIN (SELECT "public"."routes"."zoneId", COUNT(*) AS "_aggr_count_routes" FROM "public"."routes" WHERE 1=1 GROUP BY "public"."routes"."zoneId") AS "aggr_selection_1_Route" ON ("public"."zones"."id" = "aggr_selection_1_Route"."zoneId") WHERE 1=1 ORDER BY "public"."zones"."createdAt" DESC OFFSET $1
prisma:query SELECT "public"."users"."id", "public"."users"."firstName", "public"."users"."lastName" FROM "public"."users" WHERE "public"."users"."id" IN ($1) OFFSET $2
[INFO] 04:27:50 Restarting: D:\Proyectos\Ing de Sofware\recoleccion\backend\src\socket\tracking.ts has been modified
✅ Conectado a PostgreSQL
Error: listen EADDRINUSE: address already in use :::4000
    at Server.setupListenHandle [as _listen2] (node:net:2008:16)
    at listenInCluster (node:net:2065:12)
    at Server.listen (node:net:2170:7)
    at main (D:\Proyectos\Ing de Sofware\recoleccion\backend\src\index.ts:93:16)
[ERROR] 04:27:50 Error: listen EADDRINUSE: address already in use :::4000
[INFO] 04:28:15 Restarting: D:\Proyectos\Ing de Sofware\recoleccion\backend\src\socket\tracking.ts has been modified
✅ Conectado a PostgreSQL
🚀 Backend corriendo en http://localhost:4000
   WebSocket (Socket.io) activo
   Ambiente: development
   Frontend: http://localhost:3000,http://localhost:3001
[INFO] 04:29:04 Restarting: D:\Proyectos\Ing de Sofware\recoleccion\backend\src\services\email.service.ts has been modified
✅ Conectado a PostgreSQL
🚀 Backend corriendo en http://localhost:4000
   WebSocket (Socket.io) activo
   Ambiente: development
   Frontend: http://localhost:3000,http://localhost:3001
[INFO] 04:29:17 Restarting: D:\Proyectos\Ing de Sofware\recoleccion\backend\src\services\route.service.ts has been modified
✅ Conectado a PostgreSQL
🚀 Backend corriendo en http://localhost:4000
   WebSocket (Socket.io) activo
   Ambiente: development
   Frontend: http://localhost:3000,http://localhost:3001
[INFO] 04:29:24 Restarting: D:\Proyectos\Ing de Sofware\recoleccion\backend\src\controllers\route.controller.ts has been modified
✅ Conectado a PostgreSQL
Error: listen EADDRINUSE: address already in use :::4000
    at Server.setupListenHandle [as _listen2] (node:net:2008:16)
    at listenInCluster (node:net:2065:12)
    at Server.listen (node:net:2170:7)
    at main (D:\Proyectos\Ing de Sofware\recoleccion\backend\src\index.ts:93:16)
[ERROR] 04:29:24 Error: listen EADDRINUSE: address already in use :::4000
[INFO] 04:29:28 Restarting: D:\Proyectos\Ing de Sofware\recoleccion\backend\src\routes\route.routes.ts has been modified
✅ Conectado a PostgreSQL
Error: listen EADDRINUSE: address already in use :::4000
    at Server.setupListenHandle [as _listen2] (node:net:2008:16)
    at listenInCluster (node:net:2065:12)
    at Server.listen (node:net:2170:7)
    at main (D:\Proyectos\Ing de Sofware\recoleccion\backend\src\index.ts:93:16)
[ERROR] 04:29:29 Error: listen EADDRINUSE: address already in use :::4000
[INFO] 04:29:49 Restarting: D:\Proyectos\Ing de Sofware\recoleccion\backend\src\services\proximity.service.ts has been modified
✅ Conectado a PostgreSQL
Error: listen EADDRINUSE: address already in use :::4000
    at Server.setupListenHandle [as _listen2] (node:net:2008:16)
    at listenInCluster (node:net:2065:12)
    at Server.listen (node:net:2170:7)
    at main (D:\Proyectos\Ing de Sofware\recoleccion\backend\src\index.ts:93:16)
[ERROR] 04:29:50 Error: listen EADDRINUSE: address already in use :::4000
[INFO] 04:36:51 Restarting: D:\Proyectos\Ing de Sofware\recoleccion\backend\src\socket\tracking.ts has been modified
✅ Conectado a PostgreSQL
🚀 Backend corriendo en http://localhost:4000
   WebSocket (Socket.io) activo
   Ambiente: development
   Frontend: http://localhost:3000,http://localhost:3001
[INFO] 04:37:00 Restarting: D:\Proyectos\Ing de Sofware\recoleccion\backend\src\socket\tracking.ts has been modified
✅ Conectado a PostgreSQL
🚀 Backend corriendo en http://localhost:4000
   WebSocket (Socket.io) activo
   Ambiente: development
   Frontend: http://localhost:3000,http://localhost:3001
prisma:query SELECT 1
prisma:query SELECT "public"."zones"."id", "public"."zones"."name", "public"."zones"."description", "public"."zones"."district", "public"."zones"."color", "public"."zones"."isActive", "public"."zones"."geometry", "public"."zones"."createdById", "public"."zones"."createdAt", "public"."zones"."updatedAt", COALESCE("aggr_selection_0_User"."_aggr_count_users", 0) AS "_aggr_count_users", COALESCE("aggr_selection_1_Route"."_aggr_count_routes", 0) AS "_aggr_count_routes" FROM "public"."zones" LEFT JOIN (SELECT "public"."users"."zoneId", COUNT(*) AS "_aggr_count_users" FROM "public"."users" WHERE 1=1 GROUP BY "public"."users"."zoneId") AS "aggr_selection_0_User" ON ("public"."zones"."id" = "aggr_selection_0_User"."zoneId") LEFT JOIN (SELECT "public"."routes"."zoneId", COUNT(*) AS "_aggr_count_routes" FROM "public"."routes" WHERE 1=1 GROUP BY "public"."routes"."zoneId") AS "aggr_selection_1_Route" ON ("public"."zones"."id" = "aggr_selection_1_Route"."zoneId") WHERE 1=1 ORDER BY "public"."zones"."createdAt" DESC OFFSET $1
prisma:query SELECT "public"."users"."id", "public"."users"."firstName", "public"."users"."lastName" FROM "public"."users" WHERE "public"."users"."id" IN ($1) OFFSET $2
prisma:query SELECT "public"."zones"."id", "public"."zones"."name", "public"."zones"."description", "public"."zones"."district", "public"."zones"."color", "public"."zones"."isActive", "public"."zones"."geometry", "public"."zones"."createdById", "public"."zones"."createdAt", "public"."zones"."updatedAt", COALESCE("aggr_selection_0_User"."_aggr_count_users", 0) AS "_aggr_count_users", COALESCE("aggr_selection_1_Route"."_aggr_count_routes", 0) AS "_aggr_count_routes" FROM "public"."zones" LEFT JOIN (SELECT "public"."users"."zoneId", COUNT(*) AS "_aggr_count_users" FROM "public"."users" WHERE 1=1 GROUP BY "public"."users"."zoneId") AS "aggr_selection_0_User" ON ("public"."zones"."id" = "aggr_selection_0_User"."zoneId") LEFT JOIN (SELECT "public"."routes"."zoneId", COUNT(*) AS "_aggr_count_routes" FROM "public"."routes" WHERE 1=1 GROUP BY "public"."routes"."zoneId") AS "aggr_selection_1_Route" ON ("public"."zones"."id" = "aggr_selection_1_Route"."zoneId") WHERE 1=1 ORDER BY "public"."zones"."createdAt" DESC OFFSET $1
prisma:query SELECT "public"."users"."id", "public"."users"."firstName", "public"."users"."lastName" FROM "public"."users" WHERE "public"."users"."id" IN ($1) OFFSET $2
prisma:query SELECT 1
prisma:query SELECT "public"."users"."id", "public"."users"."email", "public"."users"."password", "public"."users"."dni", "public"."users"."firstName", "public"."users"."lastName", "public"."users"."phone", "public"."users"."address", "public"."users"."district", "public"."users"."role"::text, "public"."users"."isActive", "public"."users"."isVerified", "public"."users"."emailVerificationToken", "public"."users"."emailVerificationExpiry", "public"."users"."passwordResetToken", "public"."users"."passwordResetExpiry", "public"."users"."failedLoginAttempts", "public"."users"."lockedUntil", "public"."users"."lastLoginAt", "public"."users"."zoneId", "public"."users"."homeLat", "public"."users"."homeLng", "public"."users"."alertRadius", "public"."users"."createdAt", "public"."users"."updatedAt" FROM "public"."users" WHERE ("public"."users"."email" = $1 AND 1=1) LIMIT $2 OFFSET $3
prisma:query SELECT "public"."users"."id", "public"."users"."email", "public"."users"."password", "public"."users"."dni", "public"."users"."firstName", "public"."users"."lastName", "public"."users"."phone", "public"."users"."address", "public"."users"."district", "public"."users"."role"::text, "public"."users"."isActive", "public"."users"."isVerified", "public"."users"."emailVerificationToken", "public"."users"."emailVerificationExpiry", "public"."users"."passwordResetToken", "public"."users"."passwordResetExpiry", "public"."users"."failedLoginAttempts", "public"."users"."lockedUntil", "public"."users"."lastLoginAt", "public"."users"."zoneId", "public"."users"."homeLat", "public"."users"."homeLng", "public"."users"."alertRadius", "public"."users"."createdAt", "public"."users"."updatedAt" FROM "public"."users" WHERE ("public"."users"."dni" = $1 AND 1=1) LIMIT $2 OFFSET $3
prisma:query SELECT "public"."zones"."id", "public"."zones"."name", "public"."zones"."description", "public"."zones"."district", "public"."zones"."color", "public"."zones"."isActive", "public"."zones"."geometry", "public"."zones"."createdById", "public"."zones"."createdAt", "public"."zones"."updatedAt" FROM "public"."zones" WHERE "public"."zones"."isActive" = $1 OFFSET $2
prisma:query INSERT INTO "public"."users" ("id","email","password","dni","firstName","lastName","phone","address","district","role","isActive","isVerified","emailVerificationToken","emailVerificationExpiry","failedLoginAttempts","zoneId","homeLat","homeLng","alertRadius","createdAt","updatedAt") VALUES ($1,$2,$3,$4,$5,$6,$7,$8,$9,CAST($10::text AS "public"."Role"),$11,$12,$13,$14,$15,$16,$17,$18,$19,$20,$21) RETURNING "public"."users"."id", "public"."users"."email", "public"."users"."firstName", "public"."users"."lastName"
prisma:query SELECT 1
prisma:query SELECT "public"."users"."id", "public"."users"."email", "public"."users"."password", "public"."users"."role"::text, "public"."users"."firstName", "public"."users"."lastName", "public"."users"."zoneId", "public"."users"."isActive", "public"."users"."isVerified", "public"."users"."lockedUntil", "public"."users"."failedLoginAttempts" FROM "public"."users" WHERE ("public"."users"."email" = $1 AND 1=1) LIMIT $2 OFFSET $3
prisma:query SELECT "public"."users"."id", "public"."users"."firstName", "public"."users"."isVerified", "public"."users"."isActive" FROM "public"."users" WHERE ("public"."users"."email" = $1 AND 1=1) LIMIT $2 OFFSET $3
prisma:query UPDATE "public"."users" SET "emailVerificationToken" = $1, "emailVerificationExpiry" = $2, "updatedAt" = $3 WHERE ("public"."users"."id" = $4 AND 1=1) RETURNING "public"."users"."id", "public"."users"."email", "public"."users"."password", "public"."users"."dni", "public"."users"."firstName", "public"."users"."lastName", "public"."users"."phone", "public"."users"."address", "public"."users"."district", "public"."users"."role"::text, "public"."users"."isActive", "public"."users"."isVerified", "public"."users"."emailVerificationToken", "public"."users"."emailVerificationExpiry", "public"."users"."passwordResetToken", "public"."users"."passwordResetExpiry", "public"."users"."failedLoginAttempts", "public"."users"."lockedUntil", "public"."users"."lastLoginAt", "public"."users"."zoneId", "public"."users"."homeLat", "public"."users"."homeLng", "public"."users"."alertRadius", "public"."users"."createdAt", "public"."users"."updatedAt"
[INFO] 04:42:32 Restarting: D:\Proyectos\Ing de Sofware\recoleccion\backend\src\config\env.ts has been modified
✅ Conectado a PostgreSQL
🚀 Backend corriendo en http://localhost:4000
   WebSocket (Socket.io) activo
   Ambiente: development
   Frontend: http://localhost:3000
prisma:query SELECT 1
prisma:query SELECT "public"."users"."id", "public"."users"."email", "public"."users"."password", "public"."users"."role"::text, "public"."users"."firstName", "public"."users"."lastName", "public"."users"."zoneId", "public"."users"."isActive", "public"."users"."isVerified", "public"."users"."lockedUntil", "public"."users"."failedLoginAttempts" FROM "public"."users" WHERE ("public"."users"."email" = $1 AND 1=1) LIMIT $2 OFFSET $3
prisma:query SELECT "public"."users"."id", "public"."users"."firstName", "public"."users"."isVerified", "public"."users"."isActive" FROM "public"."users" WHERE ("public"."users"."email" = $1 AND 1=1) LIMIT $2 OFFSET $3
prisma:query UPDATE "public"."users" SET "emailVerificationToken" = $1, "emailVerificationExpiry" = $2, "updatedAt" = $3 WHERE ("public"."users"."id" = $4 AND 1=1) RETURNING "public"."users"."id", "public"."users"."email", "public"."users"."password", "public"."users"."dni", "public"."users"."firstName", "public"."users"."lastName", "public"."users"."phone", "public"."users"."address", "public"."users"."district", "public"."users"."role"::text, "public"."users"."isActive", "public"."users"."isVerified", "public"."users"."emailVerificationToken", "public"."users"."emailVerificationExpiry", "public"."users"."passwordResetToken", "public"."users"."passwordResetExpiry", "public"."users"."failedLoginAttempts", "public"."users"."lockedUntil", "public"."users"."lastLoginAt", "public"."users"."zoneId", "public"."users"."homeLat", "public"."users"."homeLng", "public"."users"."alertRadius", "public"."users"."createdAt", "public"."users"."updatedAt"
prisma:query SELECT "public"."users"."id", "public"."users"."emailVerificationExpiry", "public"."users"."isVerified" FROM "public"."users" WHERE ("public"."users"."emailVerificationToken" = $1 AND 1=1) LIMIT $2 OFFSET $3
prisma:query UPDATE "public"."users" SET "isVerified" = $1, "isActive" = $2, "emailVerificationToken" = $3, "emailVerificationExpiry" = $4, "updatedAt" = $5 WHERE ("public"."users"."id" = $6 AND 1=1) RETURNING "public"."users"."id", "public"."users"."email", "public"."users"."password", "public"."users"."dni", "public"."users"."firstName", "public"."users"."lastName", "public"."users"."phone", "public"."users"."address", "public"."users"."district", "public"."users"."role"::text, "public"."users"."isActive", "public"."users"."isVerified", "public"."users"."emailVerificationToken", "public"."users"."emailVerificationExpiry", "public"."users"."passwordResetToken", "public"."users"."passwordResetExpiry", "public"."users"."failedLoginAttempts", "public"."users"."lockedUntil", "public"."users"."lastLoginAt", "public"."users"."zoneId", "public"."users"."homeLat", "public"."users"."homeLng", "public"."users"."alertRadius", "public"."users"."createdAt", "public"."users"."updatedAt"
prisma:query SELECT 1
prisma:query SELECT "public"."users"."id", "public"."users"."email", "public"."users"."password", "public"."users"."role"::text, "public"."users"."firstName", "public"."users"."lastName", "public"."users"."zoneId", "public"."users"."isActive", "public"."users"."isVerified", "public"."users"."lockedUntil", "public"."users"."failedLoginAttempts" FROM "public"."users" WHERE ("public"."users"."email" = $1 AND 1=1) LIMIT $2 OFFSET $3
prisma:query BEGIN
prisma:query UPDATE "public"."users" SET "failedLoginAttempts" = $1, "lockedUntil" = $2, "lastLoginAt" = $3, "updatedAt" = $4 WHERE ("public"."users"."id" = $5 AND 1=1) RETURNING "public"."users"."id", "public"."users"."email", "public"."users"."password", "public"."users"."dni", "public"."users"."firstName", "public"."users"."lastName", "public"."users"."phone", "public"."users"."address", "public"."users"."district", "public"."users"."role"::text, "public"."users"."isActive", "public"."users"."isVerified", "public"."users"."emailVerificationToken", "public"."users"."emailVerificationExpiry", "public"."users"."passwordResetToken", "public"."users"."passwordResetExpiry", "public"."users"."failedLoginAttempts", "public"."users"."lockedUntil", "public"."users"."lastLoginAt", "public"."users"."zoneId", "public"."users"."homeLat", "public"."users"."homeLng", "public"."users"."alertRadius", "public"."users"."createdAt", "public"."users"."updatedAt"
prisma:query INSERT INTO "public"."refresh_tokens" ("id","token","userId","expiresAt","createdAt") VALUES ($1,$2,$3,$4,$5) RETURNING "public"."refresh_tokens"."id", "public"."refresh_tokens"."token", "public"."refresh_tokens"."userId", "public"."refresh_tokens"."expiresAt", "public"."refresh_tokens"."createdAt"
prisma:query COMMIT
prisma:query SELECT "public"."routes"."id", "public"."routes"."name", "public"."routes"."status"::text, "public"."routes"."zoneId", "public"."routes"."vehicleId", "public"."routes"."operatorId", "public"."routes"."createdById", "public"."routes"."dayOfWeek", "public"."routes"."startTime", "public"."routes"."estimatedDuration", "public"."routes"."pathGeometry", "public"."routes"."createdAt", "public"."routes"."updatedAt", COALESCE("aggr_selection_0_Waypoint"."_aggr_count_waypoints", 0) AS "_aggr_count_waypoints" FROM "public"."routes" LEFT JOIN (SELECT "public"."waypoints"."routeId", COUNT(*) AS "_aggr_count_waypoints" FROM "public"."waypoints" WHERE 1=1 GROUP BY "public"."waypoints"."routeId") AS "aggr_selection_0_Waypoint" ON ("public"."routes"."id" = "aggr_selection_0_Waypoint"."routeId") WHERE 1=1 ORDER BY "public"."routes"."createdAt" DESC OFFSET $1
prisma:query SELECT "public"."zones"."id", "public"."zones"."name", "public"."zones"."color" FROM "public"."zones" WHERE "public"."zones"."id" IN ($1,$2,$3,$4,$5,$6,$7,$8,$9) OFFSET $10
prisma:query SELECT "public"."vehicles"."id", "public"."vehicles"."plate", "public"."vehicles"."type"::text FROM "public"."vehicles" WHERE "public"."vehicles"."id" IN ($1,$2) OFFSET $3
prisma:query SELECT "public"."users"."id", "public"."users"."firstName", "public"."users"."lastName" FROM "public"."users" WHERE "public"."users"."id" IN ($1,$2,$3,$4,$5,$6,$7,$8,$9) OFFSET $10
prisma:query SELECT "public"."users"."id", "public"."users"."zoneId" FROM "public"."users" WHERE ("public"."users"."id" = $1 AND 1=1) LIMIT $2 OFFSET $3
prisma:query SELECT "public"."zones"."id", "public"."zones"."name", "public"."zones"."description", "public"."zones"."district", "public"."zones"."color", "public"."zones"."isActive", "public"."zones"."geometry", "public"."zones"."createdById", "public"."zones"."createdAt", "public"."zones"."updatedAt", COALESCE("aggr_selection_0_User"."_aggr_count_users", 0) AS "_aggr_count_users", COALESCE("aggr_selection_1_Route"."_aggr_count_routes", 0) AS "_aggr_count_routes" FROM "public"."zones" LEFT JOIN (SELECT "public"."users"."zoneId", COUNT(*) AS "_aggr_count_users" FROM "public"."users" WHERE 1=1 GROUP BY "public"."users"."zoneId") AS "aggr_selection_0_User" ON ("public"."zones"."id" = "aggr_selection_0_User"."zoneId") LEFT JOIN (SELECT "public"."routes"."zoneId", COUNT(*) AS "_aggr_count_routes" FROM "public"."routes" WHERE 1=1 GROUP BY "public"."routes"."zoneId") AS "aggr_selection_1_Route" ON ("public"."zones"."id" = "aggr_selection_1_Route"."zoneId") WHERE 1=1 ORDER BY "public"."zones"."createdAt" DESC OFFSET $1
prisma:query SELECT "public"."users"."id", "public"."users"."firstName", "public"."users"."lastName" FROM "public"."users" WHERE "public"."users"."id" IN ($1) OFFSET $2
prisma:query SELECT "public"."zones"."id", "public"."zones"."name", "public"."zones"."description", "public"."zones"."district", "public"."zones"."color", "public"."zones"."isActive", "public"."zones"."geometry", "public"."zones"."createdById", "public"."zones"."createdAt", "public"."zones"."updatedAt", COALESCE("aggr_selection_0_User"."_aggr_count_users", 0) AS "_aggr_count_users", COALESCE("aggr_selection_1_Route"."_aggr_count_routes", 0) AS "_aggr_count_routes" FROM "public"."zones" LEFT JOIN (SELECT "public"."users"."zoneId", COUNT(*) AS "_aggr_count_users" FROM "public"."users" WHERE 1=1 GROUP BY "public"."users"."zoneId") AS "aggr_selection_0_User" ON ("public"."zones"."id" = "aggr_selection_0_User"."zoneId") LEFT JOIN (SELECT "public"."routes"."zoneId", COUNT(*) AS "_aggr_count_routes" FROM "public"."routes" WHERE 1=1 GROUP BY "public"."routes"."zoneId") AS "aggr_selection_1_Route" ON ("public"."zones"."id" = "aggr_selection_1_Route"."zoneId") WHERE ("public"."zones"."id" = $1 AND 1=1) LIMIT $2 OFFSET $3
prisma:query SELECT "public"."routes"."id", "public"."routes"."name", "public"."routes"."status"::text, "public"."routes"."zoneId" FROM "public"."routes" WHERE "public"."routes"."zoneId" IN ($1) OFFSET $2
prisma:query SELECT "public"."incidents"."id", "public"."incidents"."type"::text, "public"."incidents"."description", "public"."incidents"."status"::text, "public"."incidents"."imageUrl", "public"."incidents"."lat", "public"."incidents"."lng", "public"."incidents"."address", "public"."incidents"."citizenId", "public"."incidents"."trackingCode", "public"."incidents"."createdAt", "public"."incidents"."updatedAt" FROM "public"."incidents" LEFT JOIN "public"."users" AS "j0" ON ("j0"."id") = ("public"."incidents"."citizenId") WHERE ("j0"."zoneId" = $1 AND ("j0"."id" IS NOT NULL)) ORDER BY "public"."incidents"."createdAt" DESC OFFSET $2
prisma:query SELECT "public"."users"."id", "public"."users"."email", "public"."users"."role"::text, "public"."users"."firstName", "public"."users"."lastName" FROM "public"."users" WHERE ("public"."users"."id" = $1 AND 1=1) LIMIT $2 OFFSET $3
prisma:query SELECT "public"."routes"."id", "public"."routes"."name", "public"."routes"."status"::text, "public"."routes"."zoneId", "public"."routes"."vehicleId", "public"."routes"."operatorId", "public"."routes"."createdById", "public"."routes"."dayOfWeek", "public"."routes"."startTime", "public"."routes"."estimatedDuration", "public"."routes"."pathGeometry", "public"."routes"."createdAt", "public"."routes"."updatedAt", COALESCE("aggr_selection_0_Waypoint"."_aggr_count_waypoints", 0) AS "_aggr_count_waypoints" FROM "public"."routes" LEFT JOIN (SELECT "public"."waypoints"."routeId", COUNT(*) AS "_aggr_count_waypoints" FROM "public"."waypoints" WHERE 1=1 GROUP BY "public"."waypoints"."routeId") AS "aggr_selection_0_Waypoint" ON ("public"."routes"."id" = "aggr_selection_0_Waypoint"."routeId") WHERE 1=1 ORDER BY "public"."routes"."createdAt" DESC OFFSET $1
prisma:query SELECT "public"."zones"."id", "public"."zones"."name", "public"."zones"."color" FROM "public"."zones" WHERE "public"."zones"."id" IN ($1,$2,$3,$4,$5,$6,$7,$8,$9) OFFSET $10
prisma:query SELECT "public"."vehicles"."id", "public"."vehicles"."plate", "public"."vehicles"."type"::text FROM "public"."vehicles" WHERE "public"."vehicles"."id" IN ($1,$2) OFFSET $3
prisma:query SELECT "public"."zones"."id", "public"."zones"."name", "public"."zones"."description", "public"."zones"."district", "public"."zones"."color", "public"."zones"."isActive", "public"."zones"."geometry", "public"."zones"."createdById", "public"."zones"."createdAt", "public"."zones"."updatedAt", COALESCE("aggr_selection_0_User"."_aggr_count_users", 0) AS "_aggr_count_users", COALESCE("aggr_selection_1_Route"."_aggr_count_routes", 0) AS "_aggr_count_routes" FROM "public"."zones" LEFT JOIN (SELECT "public"."users"."zoneId", COUNT(*) AS "_aggr_count_users" FROM "public"."users" WHERE 1=1 GROUP BY "public"."users"."zoneId") AS "aggr_selection_0_User" ON ("public"."zones"."id" = "aggr_selection_0_User"."zoneId") LEFT JOIN (SELECT "public"."routes"."zoneId", COUNT(*) AS "_aggr_count_routes" FROM "public"."routes" WHERE 1=1 GROUP BY "public"."routes"."zoneId") AS "aggr_selection_1_Route" ON ("public"."zones"."id" = "aggr_selection_1_Route"."zoneId") WHERE 1=1 ORDER BY "public"."zones"."createdAt" DESC OFFSET $1
prisma:query SELECT "public"."users"."id", "public"."users"."firstName", "public"."users"."lastName" FROM "public"."users" WHERE "public"."users"."id" IN ($1,$2,$3,$4,$5,$6,$7,$8,$9) OFFSET $10
prisma:query SELECT "public"."users"."id", "public"."users"."firstName", "public"."users"."lastName" FROM "public"."users" WHERE "public"."users"."id" IN ($1) OFFSET $2
prisma:query SELECT "public"."users"."id", "public"."users"."zoneId" FROM "public"."users" WHERE ("public"."users"."id" = $1 AND 1=1) LIMIT $2 OFFSET $3
prisma:query SELECT "public"."zones"."id", "public"."zones"."name", "public"."zones"."description", "public"."zones"."district", "public"."zones"."color", "public"."zones"."isActive", "public"."zones"."geometry", "public"."zones"."createdById", "public"."zones"."createdAt", "public"."zones"."updatedAt", COALESCE("aggr_selection_0_User"."_aggr_count_users", 0) AS "_aggr_count_users", COALESCE("aggr_selection_1_Route"."_aggr_count_routes", 0) AS "_aggr_count_routes" FROM "public"."zones" LEFT JOIN (SELECT "public"."users"."zoneId", COUNT(*) AS "_aggr_count_users" FROM "public"."users" WHERE 1=1 GROUP BY "public"."users"."zoneId") AS "aggr_selection_0_User" ON ("public"."zones"."id" = "aggr_selection_0_User"."zoneId") LEFT JOIN (SELECT "public"."routes"."zoneId", COUNT(*) AS "_aggr_count_routes" FROM "public"."routes" WHERE 1=1 GROUP BY "public"."routes"."zoneId") AS "aggr_selection_1_Route" ON ("public"."zones"."id" = "aggr_selection_1_Route"."zoneId") WHERE ("public"."zones"."id" = $1 AND 1=1) LIMIT $2 OFFSET $3
prisma:query SELECT "public"."routes"."id", "public"."routes"."name", "public"."routes"."status"::text, "public"."routes"."zoneId" FROM "public"."routes" WHERE "public"."routes"."zoneId" IN ($1) OFFSET $2
prisma:query SELECT "public"."incidents"."id", "public"."incidents"."type"::text, "public"."incidents"."description", "public"."incidents"."status"::text, "public"."incidents"."imageUrl", "public"."incidents"."lat", "public"."incidents"."lng", "public"."incidents"."address", "public"."incidents"."citizenId", "public"."incidents"."trackingCode", "public"."incidents"."createdAt", "public"."incidents"."updatedAt" FROM "public"."incidents" LEFT JOIN "public"."users" AS "j0" ON ("j0"."id") = ("public"."incidents"."citizenId") WHERE ("j0"."zoneId" = $1 AND ("j0"."id" IS NOT NULL)) ORDER BY "public"."incidents"."createdAt" DESC OFFSET $2
prisma:query SELECT 1
prisma:query SELECT "public"."users"."id", "public"."users"."email", "public"."users"."password", "public"."users"."role"::text, "public"."users"."firstName", "public"."users"."lastName", "public"."users"."zoneId", "public"."users"."isActive", "public"."users"."isVerified", "public"."users"."lockedUntil", "public"."users"."failedLoginAttempts" FROM "public"."users" WHERE ("public"."users"."email" = $1 AND 1=1) LIMIT $2 OFFSET $3
prisma:query BEGIN
prisma:query UPDATE "public"."users" SET "failedLoginAttempts" = $1, "lockedUntil" = $2, "lastLoginAt" = $3, "updatedAt" = $4 WHERE ("public"."users"."id" = $5 AND 1=1) RETURNING "public"."users"."id", "public"."users"."email", "public"."users"."password", "public"."users"."dni", "public"."users"."firstName", "public"."users"."lastName", "public"."users"."phone", "public"."users"."address", "public"."users"."district", "public"."users"."role"::text, "public"."users"."isActive", "public"."users"."isVerified", "public"."users"."emailVerificationToken", "public"."users"."emailVerificationExpiry", "public"."users"."passwordResetToken", "public"."users"."passwordResetExpiry", "public"."users"."failedLoginAttempts", "public"."users"."lockedUntil", "public"."users"."lastLoginAt", "public"."users"."zoneId", "public"."users"."homeLat", "public"."users"."homeLng", "public"."users"."alertRadius", "public"."users"."createdAt", "public"."users"."updatedAt"
prisma:query INSERT INTO "public"."refresh_tokens" ("id","token","userId","expiresAt","createdAt") VALUES ($1,$2,$3,$4,$5) RETURNING "public"."refresh_tokens"."id", "public"."refresh_tokens"."token", "public"."refresh_tokens"."userId", "public"."refresh_tokens"."expiresAt", "public"."refresh_tokens"."createdAt"
prisma:query COMMIT
prisma:query SELECT 1
prisma:query SELECT 1
prisma:query SELECT 1
prisma:query SELECT "public"."zones"."id", "public"."zones"."name", "public"."zones"."description", "public"."zones"."district", "public"."zones"."color", "public"."zones"."isActive", "public"."zones"."geometry", "public"."zones"."createdById", "public"."zones"."createdAt", "public"."zones"."updatedAt", COALESCE("aggr_selection_0_User"."_aggr_count_users", 0) AS "_aggr_count_users", COALESCE("aggr_selection_1_Route"."_aggr_count_routes", 0) AS "_aggr_count_routes" FROM "public"."zones" LEFT JOIN (SELECT "public"."users"."zoneId", COUNT(*) AS "_aggr_count_users" FROM "public"."users" WHERE 1=1 GROUP BY "public"."users"."zoneId") AS "aggr_selection_0_User" ON ("public"."zones"."id" = "aggr_selection_0_User"."zoneId") LEFT JOIN (SELECT "public"."routes"."zoneId", COUNT(*) AS "_aggr_count_routes" FROM "public"."routes" WHERE 1=1 GROUP BY "public"."routes"."zoneId") AS "aggr_selection_1_Route" ON ("public"."zones"."id" = "aggr_selection_1_Route"."zoneId") WHERE 1=1 ORDER BY "public"."zones"."createdAt" DESC OFFSET $1
prisma:query SELECT "public"."zones"."id", "public"."zones"."name", "public"."zones"."description", "public"."zones"."district", "public"."zones"."color", "public"."zones"."isActive", "public"."zones"."geometry", "public"."zones"."createdById", "public"."zones"."createdAt", "public"."zones"."updatedAt", COALESCE("aggr_selection_0_User"."_aggr_count_users", 0) AS "_aggr_count_users", COALESCE("aggr_selection_1_Route"."_aggr_count_routes", 0) AS "_aggr_count_routes" FROM "public"."zones" LEFT JOIN (SELECT "public"."users"."zoneId", COUNT(*) AS "_aggr_count_users" FROM "public"."users" WHERE 1=1 GROUP BY "public"."users"."zoneId") AS "aggr_selection_0_User" ON ("public"."zones"."id" = "aggr_selection_0_User"."zoneId") LEFT JOIN (SELECT "public"."routes"."zoneId", COUNT(*) AS "_aggr_count_routes" FROM "public"."routes" WHERE 1=1 GROUP BY "public"."routes"."zoneId") AS "aggr_selection_1_Route" ON ("public"."zones"."id" = "aggr_selection_1_Route"."zoneId") WHERE ("public"."zones"."id" = $1 AND 1=1) LIMIT $2 OFFSET $3
prisma:query SELECT "public"."users"."id", "public"."users"."zoneId" FROM "public"."users" WHERE ("public"."users"."id" = $1 AND 1=1) LIMIT $2 OFFSET $3
prisma:query SELECT "public"."users"."id", "public"."users"."firstName", "public"."users"."lastName" FROM "public"."users" WHERE "public"."users"."id" IN ($1) OFFSET $2
prisma:query SELECT "public"."routes"."id", "public"."routes"."name", "public"."routes"."status"::text, "public"."routes"."zoneId", "public"."routes"."vehicleId", "public"."routes"."operatorId", "public"."routes"."createdById", "public"."routes"."dayOfWeek", "public"."routes"."startTime", "public"."routes"."estimatedDuration", "public"."routes"."pathGeometry", "public"."routes"."createdAt", "public"."routes"."updatedAt", COALESCE("aggr_selection_0_Waypoint"."_aggr_count_waypoints", 0) AS "_aggr_count_waypoints" FROM "public"."routes" LEFT JOIN (SELECT "public"."waypoints"."routeId", COUNT(*) AS "_aggr_count_waypoints" FROM "public"."waypoints" WHERE 1=1 GROUP BY "public"."waypoints"."routeId") AS "aggr_selection_0_Waypoint" ON ("public"."routes"."id" = "aggr_selection_0_Waypoint"."routeId") WHERE 1=1 ORDER BY "public"."routes"."createdAt" DESC OFFSET $1
prisma:query SELECT "public"."routes"."id", "public"."routes"."name", "public"."routes"."status"::text, "public"."routes"."zoneId" FROM "public"."routes" WHERE "public"."routes"."zoneId" IN ($1) OFFSET $2
prisma:query SELECT "public"."incidents"."id", "public"."incidents"."type"::text, "public"."incidents"."description", "public"."incidents"."status"::text, "public"."incidents"."imageUrl", "public"."incidents"."lat", "public"."incidents"."lng", "public"."incidents"."address", "public"."incidents"."citizenId", "public"."incidents"."trackingCode", "public"."incidents"."createdAt", "public"."incidents"."updatedAt" FROM "public"."incidents" LEFT JOIN "public"."users" AS "j0" ON ("j0"."id") = ("public"."incidents"."citizenId") WHERE ("j0"."zoneId" = $1 AND ("j0"."id" IS NOT NULL)) ORDER BY "public"."incidents"."createdAt" DESC OFFSET $2
prisma:query SELECT "public"."zones"."id", "public"."zones"."name", "public"."zones"."color" FROM "public"."zones" WHERE "public"."zones"."id" IN ($1,$2,$3,$4,$5,$6,$7,$8,$9) OFFSET $10
prisma:query SELECT "public"."zones"."id", "public"."zones"."name", "public"."zones"."description", "public"."zones"."district", "public"."zones"."color", "public"."zones"."isActive", "public"."zones"."geometry", "public"."zones"."createdById", "public"."zones"."createdAt", "public"."zones"."updatedAt", COALESCE("aggr_selection_0_User"."_aggr_count_users", 0) AS "_aggr_count_users", COALESCE("aggr_selection_1_Route"."_aggr_count_routes", 0) AS "_aggr_count_routes" FROM "public"."zones" LEFT JOIN (SELECT "public"."users"."zoneId", COUNT(*) AS "_aggr_count_users" FROM "public"."users" WHERE 1=1 GROUP BY "public"."users"."zoneId") AS "aggr_selection_0_User" ON ("public"."zones"."id" = "aggr_selection_0_User"."zoneId") LEFT JOIN (SELECT "public"."routes"."zoneId", COUNT(*) AS "_aggr_count_routes" FROM "public"."routes" WHERE 1=1 GROUP BY "public"."routes"."zoneId") AS "aggr_selection_1_Route" ON ("public"."zones"."id" = "aggr_selection_1_Route"."zoneId") WHERE 1=1 ORDER BY "public"."zones"."createdAt" DESC OFFSET $1
prisma:query SELECT "public"."vehicles"."id", "public"."vehicles"."plate", "public"."vehicles"."type"::text FROM "public"."vehicles" WHERE "public"."vehicles"."id" IN ($1,$2) OFFSET $3
prisma:query SELECT "public"."users"."id", "public"."users"."firstName", "public"."users"."lastName" FROM "public"."users" WHERE "public"."users"."id" IN ($1) OFFSET $2
prisma:query SELECT "public"."zones"."id", "public"."zones"."name", "public"."zones"."description", "public"."zones"."district", "public"."zones"."color", "public"."zones"."isActive", "public"."zones"."geometry", "public"."zones"."createdById", "public"."zones"."createdAt", "public"."zones"."updatedAt", COALESCE("aggr_selection_0_User"."_aggr_count_users", 0) AS "_aggr_count_users", COALESCE("aggr_selection_1_Route"."_aggr_count_routes", 0) AS "_aggr_count_routes" FROM "public"."zones" LEFT JOIN (SELECT "public"."users"."zoneId", COUNT(*) AS "_aggr_count_users" FROM "public"."users" WHERE 1=1 GROUP BY "public"."users"."zoneId") AS "aggr_selection_0_User" ON ("public"."zones"."id" = "aggr_selection_0_User"."zoneId") LEFT JOIN (SELECT "public"."routes"."zoneId", COUNT(*) AS "_aggr_count_routes" FROM "public"."routes" WHERE 1=1 GROUP BY "public"."routes"."zoneId") AS "aggr_selection_1_Route" ON ("public"."zones"."id" = "aggr_selection_1_Route"."zoneId") WHERE ("public"."zones"."id" = $1 AND 1=1) LIMIT $2 OFFSET $3
prisma:query SELECT "public"."users"."id", "public"."users"."firstName", "public"."users"."lastName" FROM "public"."users" WHERE "public"."users"."id" IN ($1,$2,$3,$4,$5,$6,$7,$8,$9) OFFSET $10
prisma:query SELECT "public"."routes"."id", "public"."routes"."name", "public"."routes"."status"::text, "public"."routes"."zoneId" FROM "public"."routes" WHERE "public"."routes"."zoneId" IN ($1) OFFSET $2
prisma:query SELECT "public"."users"."id", "public"."users"."zoneId" FROM "public"."users" WHERE ("public"."users"."id" = $1 AND 1=1) LIMIT $2 OFFSET $3
prisma:query SELECT "public"."routes"."id", "public"."routes"."name", "public"."routes"."status"::text, "public"."routes"."zoneId", "public"."routes"."vehicleId", "public"."routes"."operatorId", "public"."routes"."createdById", "public"."routes"."dayOfWeek", "public"."routes"."startTime", "public"."routes"."estimatedDuration", "public"."routes"."pathGeometry", "public"."routes"."createdAt", "public"."routes"."updatedAt", COALESCE("aggr_selection_0_Waypoint"."_aggr_count_waypoints", 0) AS "_aggr_count_waypoints" FROM "public"."routes" LEFT JOIN (SELECT "public"."waypoints"."routeId", COUNT(*) AS "_aggr_count_waypoints" FROM "public"."waypoints" WHERE 1=1 GROUP BY "public"."waypoints"."routeId") AS "aggr_selection_0_Waypoint" ON ("public"."routes"."id" = "aggr_selection_0_Waypoint"."routeId") WHERE 1=1 ORDER BY "public"."routes"."createdAt" DESC OFFSET $1
prisma:query SELECT "public"."incidents"."id", "public"."incidents"."type"::text, "public"."incidents"."description", "public"."incidents"."status"::text, "public"."incidents"."imageUrl", "public"."incidents"."lat", "public"."incidents"."lng", "public"."incidents"."address", "public"."incidents"."citizenId", "public"."incidents"."trackingCode", "public"."incidents"."createdAt", "public"."incidents"."updatedAt" FROM "public"."incidents" LEFT JOIN "public"."users" AS "j0" ON ("j0"."id") = ("public"."incidents"."citizenId") WHERE ("j0"."zoneId" = $1 AND ("j0"."id" IS NOT NULL)) ORDER BY "public"."incidents"."createdAt" DESC OFFSET $2
prisma:query SELECT "public"."zones"."id", "public"."zones"."name", "public"."zones"."color" FROM "public"."zones" WHERE "public"."zones"."id" IN ($1,$2,$3,$4,$5,$6,$7,$8,$9) OFFSET $10
prisma:query SELECT "public"."vehicles"."id", "public"."vehicles"."plate", "public"."vehicles"."type"::text FROM "public"."vehicles" WHERE "public"."vehicles"."id" IN ($1,$2) OFFSET $3
prisma:query SELECT "public"."users"."id", "public"."users"."firstName", "public"."users"."lastName" FROM "public"."users" WHERE "public"."users"."id" IN ($1,$2,$3,$4,$5,$6,$7,$8,$9) OFFSET $10
prisma:query SELECT "public"."users"."id", "public"."users"."email", "public"."users"."role"::text, "public"."users"."firstName", "public"."users"."lastName" FROM "public"."users" WHERE ("public"."users"."id" = $1 AND 1=1) LIMIT $2 OFFSET $3
prisma:query SELECT "public"."users"."id", "public"."users"."zoneId" FROM "public"."users" WHERE ("public"."users"."id" = $1 AND 1=1) LIMIT $2 OFFSET $3
prisma:query SELECT "public"."routes"."id", "public"."routes"."name", "public"."routes"."status"::text, "public"."routes"."zoneId", "public"."routes"."vehicleId", "public"."routes"."operatorId", "public"."routes"."createdById", "public"."routes"."dayOfWeek", "public"."routes"."startTime", "public"."routes"."estimatedDuration", "public"."routes"."pathGeometry", "public"."routes"."createdAt", "public"."routes"."updatedAt", COALESCE("aggr_selection_0_Waypoint"."_aggr_count_waypoints", 0) AS "_aggr_count_waypoints" FROM "public"."routes" LEFT JOIN (SELECT "public"."waypoints"."routeId", COUNT(*) AS "_aggr_count_waypoints" FROM "public"."waypoints" WHERE 1=1 GROUP BY "public"."waypoints"."routeId") AS "aggr_selection_0_Waypoint" ON ("public"."routes"."id" = "aggr_selection_0_Waypoint"."routeId") WHERE 1=1 ORDER BY "public"."routes"."createdAt" DESC OFFSET $1
prisma:query SELECT "public"."zones"."id", "public"."zones"."name", "public"."zones"."description", "public"."zones"."district", "public"."zones"."color", "public"."zones"."isActive", "public"."zones"."geometry", "public"."zones"."createdById", "public"."zones"."createdAt", "public"."zones"."updatedAt", COALESCE("aggr_selection_0_User"."_aggr_count_users", 0) AS "_aggr_count_users", COALESCE("aggr_selection_1_Route"."_aggr_count_routes", 0) AS "_aggr_count_routes" FROM "public"."zones" LEFT JOIN (SELECT "public"."users"."zoneId", COUNT(*) AS "_aggr_count_users" FROM "public"."users" WHERE 1=1 GROUP BY "public"."users"."zoneId") AS "aggr_selection_0_User" ON ("public"."zones"."id" = "aggr_selection_0_User"."zoneId") LEFT JOIN (SELECT "public"."routes"."zoneId", COUNT(*) AS "_aggr_count_routes" FROM "public"."routes" WHERE 1=1 GROUP BY "public"."routes"."zoneId") AS "aggr_selection_1_Route" ON ("public"."zones"."id" = "aggr_selection_1_Route"."zoneId") WHERE 1=1 ORDER BY "public"."zones"."createdAt" DESC OFFSET $1
prisma:query SELECT "public"."zones"."id", "public"."zones"."name", "public"."zones"."color" FROM "public"."zones" WHERE "public"."zones"."id" IN ($1,$2,$3,$4,$5,$6,$7,$8,$9) OFFSET $10
prisma:query SELECT "public"."zones"."id", "public"."zones"."name", "public"."zones"."description", "public"."zones"."district", "public"."zones"."color", "public"."zones"."isActive", "public"."zones"."geometry", "public"."zones"."createdById", "public"."zones"."createdAt", "public"."zones"."updatedAt", COALESCE("aggr_selection_0_User"."_aggr_count_users", 0) AS "_aggr_count_users", COALESCE("aggr_selection_1_Route"."_aggr_count_routes", 0) AS "_aggr_count_routes" FROM "public"."zones" LEFT JOIN (SELECT "public"."users"."zoneId", COUNT(*) AS "_aggr_count_users" FROM "public"."users" WHERE 1=1 GROUP BY "public"."users"."zoneId") AS "aggr_selection_0_User" ON ("public"."zones"."id" = "aggr_selection_0_User"."zoneId") LEFT JOIN (SELECT "public"."routes"."zoneId", COUNT(*) AS "_aggr_count_routes" FROM "public"."routes" WHERE 1=1 GROUP BY "public"."routes"."zoneId") AS "aggr_selection_1_Route" ON ("public"."zones"."id" = "aggr_selection_1_Route"."zoneId") WHERE ("public"."zones"."id" = $1 AND 1=1) LIMIT $2 OFFSET $3
prisma:query SELECT "public"."incidents"."id", "public"."incidents"."type"::text, "public"."incidents"."description", "public"."incidents"."status"::text, "public"."incidents"."imageUrl", "public"."incidents"."lat", "public"."incidents"."lng", "public"."incidents"."address", "public"."incidents"."citizenId", "public"."incidents"."trackingCode", "public"."incidents"."createdAt", "public"."incidents"."updatedAt" FROM "public"."incidents" LEFT JOIN "public"."users" AS "j0" ON ("j0"."id") = ("public"."incidents"."citizenId") WHERE ("j0"."zoneId" = $1 AND ("j0"."id" IS NOT NULL)) ORDER BY "public"."incidents"."createdAt" DESC OFFSET $2
prisma:query SELECT "public"."vehicles"."id", "public"."vehicles"."plate", "public"."vehicles"."type"::text FROM "public"."vehicles" WHERE "public"."vehicles"."id" IN ($1,$2) OFFSET $3
prisma:query SELECT "public"."users"."id", "public"."users"."firstName", "public"."users"."lastName" FROM "public"."users" WHERE "public"."users"."id" IN ($1) OFFSET $2
prisma:query SELECT "public"."routes"."id", "public"."routes"."name", "public"."routes"."status"::text, "public"."routes"."zoneId" FROM "public"."routes" WHERE "public"."routes"."zoneId" IN ($1) OFFSET $2
prisma:query SELECT "public"."users"."id", "public"."users"."firstName", "public"."users"."lastName" FROM "public"."users" WHERE "public"."users"."id" IN ($1,$2,$3,$4,$5,$6,$7,$8,$9) OFFSET $10
prisma:query SELECT "public"."users"."id", "public"."users"."email", "public"."users"."role"::text, "public"."users"."firstName", "public"."users"."lastName" FROM "public"."users" WHERE ("public"."users"."id" = $1 AND 1=1) LIMIT $2 OFFSET $3
prisma:query SELECT "public"."zones"."id", "public"."zones"."name", "public"."zones"."description", "public"."zones"."district", "public"."zones"."color", "public"."zones"."isActive", "public"."zones"."geometry", "public"."zones"."createdById", "public"."zones"."createdAt", "public"."zones"."updatedAt", COALESCE("aggr_selection_0_User"."_aggr_count_users", 0) AS "_aggr_count_users", COALESCE("aggr_selection_1_Route"."_aggr_count_routes", 0) AS "_aggr_count_routes" FROM "public"."zones" LEFT JOIN (SELECT "public"."users"."zoneId", COUNT(*) AS "_aggr_count_users" FROM "public"."users" WHERE 1=1 GROUP BY "public"."users"."zoneId") AS "aggr_selection_0_User" ON ("public"."zones"."id" = "aggr_selection_0_User"."zoneId") LEFT JOIN (SELECT "public"."routes"."zoneId", COUNT(*) AS "_aggr_count_routes" FROM "public"."routes" WHERE 1=1 GROUP BY "public"."routes"."zoneId") AS "aggr_selection_1_Route" ON ("public"."zones"."id" = "aggr_selection_1_Route"."zoneId") WHERE 1=1 ORDER BY "public"."zones"."createdAt" DESC OFFSET $1
prisma:query SELECT "public"."routes"."id", "public"."routes"."name", "public"."routes"."status"::text, "public"."routes"."zoneId", "public"."routes"."vehicleId", "public"."routes"."operatorId", "public"."routes"."createdById", "public"."routes"."dayOfWeek", "public"."routes"."startTime", "public"."routes"."estimatedDuration", "public"."routes"."pathGeometry", "public"."routes"."createdAt", "public"."routes"."updatedAt", COALESCE("aggr_selection_0_Waypoint"."_aggr_count_waypoints", 0) AS "_aggr_count_waypoints" FROM "public"."routes" LEFT JOIN (SELECT "public"."waypoints"."routeId", COUNT(*) AS "_aggr_count_waypoints" FROM "public"."waypoints" WHERE 1=1 GROUP BY "public"."waypoints"."routeId") AS "aggr_selection_0_Waypoint" ON ("public"."routes"."id" = "aggr_selection_0_Waypoint"."routeId") WHERE 1=1 ORDER BY "public"."routes"."createdAt" DESC OFFSET $1
prisma:query SELECT "public"."users"."id", "public"."users"."zoneId" FROM "public"."users" WHERE ("public"."users"."id" = $1 AND 1=1) LIMIT $2 OFFSET $3
prisma:query SELECT "public"."zones"."id", "public"."zones"."name", "public"."zones"."description", "public"."zones"."district", "public"."zones"."color", "public"."zones"."isActive", "public"."zones"."geometry", "public"."zones"."createdById", "public"."zones"."createdAt", "public"."zones"."updatedAt", COALESCE("aggr_selection_0_User"."_aggr_count_users", 0) AS "_aggr_count_users", COALESCE("aggr_selection_1_Route"."_aggr_count_routes", 0) AS "_aggr_count_routes" FROM "public"."zones" LEFT JOIN (SELECT "public"."users"."zoneId", COUNT(*) AS "_aggr_count_users" FROM "public"."users" WHERE 1=1 GROUP BY "public"."users"."zoneId") AS "aggr_selection_0_User" ON ("public"."zones"."id" = "aggr_selection_0_User"."zoneId") LEFT JOIN (SELECT "public"."routes"."zoneId", COUNT(*) AS "_aggr_count_routes" FROM "public"."routes" WHERE 1=1 GROUP BY "public"."routes"."zoneId") AS "aggr_selection_1_Route" ON ("public"."zones"."id" = "aggr_selection_1_Route"."zoneId") WHERE ("public"."zones"."id" = $1 AND 1=1) LIMIT $2 OFFSET $3
prisma:query SELECT "public"."users"."id", "public"."users"."firstName", "public"."users"."lastName" FROM "public"."users" WHERE "public"."users"."id" IN ($1) OFFSET $2
prisma:query SELECT "public"."zones"."id", "public"."zones"."name", "public"."zones"."color" FROM "public"."zones" WHERE "public"."zones"."id" IN ($1,$2,$3,$4,$5,$6,$7,$8,$9) OFFSET $10
prisma:query SELECT "public"."routes"."id", "public"."routes"."name", "public"."routes"."status"::text, "public"."routes"."zoneId" FROM "public"."routes" WHERE "public"."routes"."zoneId" IN ($1) OFFSET $2
prisma:query SELECT "public"."vehicles"."id", "public"."vehicles"."plate", "public"."vehicles"."type"::text FROM "public"."vehicles" WHERE "public"."vehicles"."id" IN ($1,$2) OFFSET $3
prisma:query SELECT "public"."users"."id", "public"."users"."firstName", "public"."users"."lastName" FROM "public"."users" WHERE "public"."users"."id" IN ($1,$2,$3,$4,$5,$6,$7,$8,$9) OFFSET $10
prisma:query SELECT "public"."incidents"."id", "public"."incidents"."type"::text, "public"."incidents"."description", "public"."incidents"."status"::text, "public"."incidents"."imageUrl", "public"."incidents"."lat", "public"."incidents"."lng", "public"."incidents"."address", "public"."incidents"."citizenId", "public"."incidents"."trackingCode", "public"."incidents"."createdAt", "public"."incidents"."updatedAt" FROM "public"."incidents" LEFT JOIN "public"."users" AS "j0" ON ("j0"."id") = ("public"."incidents"."citizenId") WHERE ("j0"."zoneId" = $1 AND ("j0"."id" IS NOT NULL)) ORDER BY "public"."incidents"."createdAt" DESC OFFSET $2
prisma:query SELECT "public"."users"."id", "public"."users"."email", "public"."users"."role"::text, "public"."users"."firstName", "public"."users"."lastName" FROM "public"."users" WHERE ("public"."users"."id" = $1 AND 1=1) LIMIT $2 OFFSET $3
prisma:query SELECT 1
prisma:query SELECT 1
prisma:query SELECT "public"."zones"."id", "public"."zones"."name", "public"."zones"."description", "public"."zones"."district", "public"."zones"."color", "public"."zones"."isActive", "public"."zones"."geometry", "public"."zones"."createdById", "public"."zones"."createdAt", "public"."zones"."updatedAt", COALESCE("aggr_selection_0_User"."_aggr_count_users", 0) AS "_aggr_count_users", COALESCE("aggr_selection_1_Route"."_aggr_count_routes", 0) AS "_aggr_count_routes" FROM "public"."zones" LEFT JOIN (SELECT "public"."users"."zoneId", COUNT(*) AS "_aggr_count_users" FROM "public"."users" WHERE 1=1 GROUP BY "public"."users"."zoneId") AS "aggr_selection_0_User" ON ("public"."zones"."id" = "aggr_selection_0_User"."zoneId") LEFT JOIN (SELECT "public"."routes"."zoneId", COUNT(*) AS "_aggr_count_routes" FROM "public"."routes" WHERE 1=1 GROUP BY "public"."routes"."zoneId") AS "aggr_selection_1_Route" ON ("public"."zones"."id" = "aggr_selection_1_Route"."zoneId") WHERE 1=1 ORDER BY "public"."zones"."createdAt" DESC OFFSET $1
prisma:query SELECT "public"."users"."id", "public"."users"."firstName", "public"."users"."lastName" FROM "public"."users" WHERE "public"."users"."id" IN ($1) OFFSET $2
prisma:query SELECT "public"."users"."id", "public"."users"."email", "public"."users"."firstName", "public"."users"."lastName", "public"."users"."dni", "public"."users"."phone", "public"."users"."address", "public"."users"."district", "public"."users"."role"::text, "public"."users"."isActive", "public"."users"."isVerified", "public"."users"."zoneId", "public"."users"."alertRadius" FROM "public"."users" WHERE ("public"."users"."id" = $1 AND 1=1) LIMIT $2 OFFSET $3
prisma:query SELECT "public"."zones"."id", "public"."zones"."name", "public"."zones"."district", "public"."zones"."color" FROM "public"."zones" WHERE "public"."zones"."id" IN ($1) OFFSET $2
prisma:query SELECT "public"."zones"."id", "public"."zones"."name", "public"."zones"."description", "public"."zones"."district", "public"."zones"."color", "public"."zones"."isActive", "public"."zones"."geometry", "public"."zones"."createdById", "public"."zones"."createdAt", "public"."zones"."updatedAt", COALESCE("aggr_selection_0_User"."_aggr_count_users", 0) AS "_aggr_count_users", COALESCE("aggr_selection_1_Route"."_aggr_count_routes", 0) AS "_aggr_count_routes" FROM "public"."zones" LEFT JOIN (SELECT "public"."users"."zoneId", COUNT(*) AS "_aggr_count_users" FROM "public"."users" WHERE 1=1 GROUP BY "public"."users"."zoneId") AS "aggr_selection_0_User" ON ("public"."zones"."id" = "aggr_selection_0_User"."zoneId") LEFT JOIN (SELECT "public"."routes"."zoneId", COUNT(*) AS "_aggr_count_routes" FROM "public"."routes" WHERE 1=1 GROUP BY "public"."routes"."zoneId") AS "aggr_selection_1_Route" ON ("public"."zones"."id" = "aggr_selection_1_Route"."zoneId") WHERE 1=1 ORDER BY "public"."zones"."createdAt" DESC OFFSET $1
prisma:query SELECT "public"."users"."id", "public"."users"."firstName", "public"."users"."lastName" FROM "public"."users" WHERE "public"."users"."id" IN ($1) OFFSET $2
prisma:query SELECT "public"."users"."id", "public"."users"."email", "public"."users"."firstName", "public"."users"."lastName", "public"."users"."dni", "public"."users"."phone", "public"."users"."address", "public"."users"."district", "public"."users"."role"::text, "public"."users"."isActive", "public"."users"."isVerified", "public"."users"."zoneId", "public"."users"."alertRadius" FROM "public"."users" WHERE ("public"."users"."id" = $1 AND 1=1) LIMIT $2 OFFSET $3
prisma:query SELECT "public"."zones"."id", "public"."zones"."name", "public"."zones"."district", "public"."zones"."color" FROM "public"."zones" WHERE "public"."zones"."id" IN ($1) OFFSET $2
prisma:query SELECT 1
prisma:query SELECT 1
prisma:query SELECT "public"."routes"."id", "public"."routes"."name", "public"."routes"."status"::text, "public"."routes"."zoneId", "public"."routes"."vehicleId", "public"."routes"."operatorId", "public"."routes"."createdById", "public"."routes"."dayOfWeek", "public"."routes"."startTime", "public"."routes"."estimatedDuration", "public"."routes"."pathGeometry", "public"."routes"."createdAt", "public"."routes"."updatedAt", COALESCE("aggr_selection_0_Waypoint"."_aggr_count_waypoints", 0) AS "_aggr_count_waypoints" FROM "public"."routes" LEFT JOIN (SELECT "public"."waypoints"."routeId", COUNT(*) AS "_aggr_count_waypoints" FROM "public"."waypoints" WHERE 1=1 GROUP BY "public"."waypoints"."routeId") AS "aggr_selection_0_Waypoint" ON ("public"."routes"."id" = "aggr_selection_0_Waypoint"."routeId") WHERE 1=1 ORDER BY "public"."routes"."createdAt" DESC OFFSET $1
prisma:query SELECT "public"."zones"."id", "public"."zones"."name", "public"."zones"."description", "public"."zones"."district", "public"."zones"."color", "public"."zones"."isActive", "public"."zones"."geometry", "public"."zones"."createdById", "public"."zones"."createdAt", "public"."zones"."updatedAt", COALESCE("aggr_selection_0_User"."_aggr_count_users", 0) AS "_aggr_count_users", COALESCE("aggr_selection_1_Route"."_aggr_count_routes", 0) AS "_aggr_count_routes" FROM "public"."zones" LEFT JOIN (SELECT "public"."users"."zoneId", COUNT(*) AS "_aggr_count_users" FROM "public"."users" WHERE 1=1 GROUP BY "public"."users"."zoneId") AS "aggr_selection_0_User" ON ("public"."zones"."id" = "aggr_selection_0_User"."zoneId") LEFT JOIN (SELECT "public"."routes"."zoneId", COUNT(*) AS "_aggr_count_routes" FROM "public"."routes" WHERE 1=1 GROUP BY "public"."routes"."zoneId") AS "aggr_selection_1_Route" ON ("public"."zones"."id" = "aggr_selection_1_Route"."zoneId") WHERE 1=1 ORDER BY "public"."zones"."createdAt" DESC OFFSET $1
prisma:query SELECT "public"."users"."id", "public"."users"."zoneId" FROM "public"."users" WHERE ("public"."users"."id" = $1 AND 1=1) LIMIT $2 OFFSET $3
prisma:query SELECT "public"."zones"."id", "public"."zones"."name", "public"."zones"."color" FROM "public"."zones" WHERE "public"."zones"."id" IN ($1,$2,$3,$4,$5,$6,$7,$8,$9) OFFSET $10
prisma:query SELECT "public"."users"."id", "public"."users"."firstName", "public"."users"."lastName" FROM "public"."users" WHERE "public"."users"."id" IN ($1) OFFSET $2
prisma:query SELECT "public"."zones"."id", "public"."zones"."name", "public"."zones"."description", "public"."zones"."district", "public"."zones"."color", "public"."zones"."isActive", "public"."zones"."geometry", "public"."zones"."createdById", "public"."zones"."createdAt", "public"."zones"."updatedAt", COALESCE("aggr_selection_0_User"."_aggr_count_users", 0) AS "_aggr_count_users", COALESCE("aggr_selection_1_Route"."_aggr_count_routes", 0) AS "_aggr_count_routes" FROM "public"."zones" LEFT JOIN (SELECT "public"."users"."zoneId", COUNT(*) AS "_aggr_count_users" FROM "public"."users" WHERE 1=1 GROUP BY "public"."users"."zoneId") AS "aggr_selection_0_User" ON ("public"."zones"."id" = "aggr_selection_0_User"."zoneId") LEFT JOIN (SELECT "public"."routes"."zoneId", COUNT(*) AS "_aggr_count_routes" FROM "public"."routes" WHERE 1=1 GROUP BY "public"."routes"."zoneId") AS "aggr_selection_1_Route" ON ("public"."zones"."id" = "aggr_selection_1_Route"."zoneId") WHERE ("public"."zones"."id" = $1 AND 1=1) LIMIT $2 OFFSET $3
prisma:query SELECT "public"."vehicles"."id", "public"."vehicles"."plate", "public"."vehicles"."type"::text FROM "public"."vehicles" WHERE "public"."vehicles"."id" IN ($1,$2) OFFSET $3
prisma:query SELECT "public"."routes"."id", "public"."routes"."name", "public"."routes"."status"::text, "public"."routes"."zoneId" FROM "public"."routes" WHERE "public"."routes"."zoneId" IN ($1) OFFSET $2
prisma:query SELECT "public"."incidents"."id", "public"."incidents"."type"::text, "public"."incidents"."description", "public"."incidents"."status"::text, "public"."incidents"."imageUrl", "public"."incidents"."lat", "public"."incidents"."lng", "public"."incidents"."address", "public"."incidents"."citizenId", "public"."incidents"."trackingCode", "public"."incidents"."createdAt", "public"."incidents"."updatedAt" FROM "public"."incidents" LEFT JOIN "public"."users" AS "j0" ON ("j0"."id") = ("public"."incidents"."citizenId") WHERE ("j0"."zoneId" = $1 AND ("j0"."id" IS NOT NULL)) ORDER BY "public"."incidents"."createdAt" DESC OFFSET $2
prisma:query SELECT "public"."users"."id", "public"."users"."firstName", "public"."users"."lastName" FROM "public"."users" WHERE "public"."users"."id" IN ($1,$2,$3,$4,$5,$6,$7,$8,$9) OFFSET $10
prisma:query SELECT "public"."zones"."id", "public"."zones"."name", "public"."zones"."description", "public"."zones"."district", "public"."zones"."color", "public"."zones"."isActive", "public"."zones"."geometry", "public"."zones"."createdById", "public"."zones"."createdAt", "public"."zones"."updatedAt", COALESCE("aggr_selection_0_User"."_aggr_count_users", 0) AS "_aggr_count_users", COALESCE("aggr_selection_1_Route"."_aggr_count_routes", 0) AS "_aggr_count_routes" FROM "public"."zones" LEFT JOIN (SELECT "public"."users"."zoneId", COUNT(*) AS "_aggr_count_users" FROM "public"."users" WHERE 1=1 GROUP BY "public"."users"."zoneId") AS "aggr_selection_0_User" ON ("public"."zones"."id" = "aggr_selection_0_User"."zoneId") LEFT JOIN (SELECT "public"."routes"."zoneId", COUNT(*) AS "_aggr_count_routes" FROM "public"."routes" WHERE 1=1 GROUP BY "public"."routes"."zoneId") AS "aggr_selection_1_Route" ON ("public"."zones"."id" = "aggr_selection_1_Route"."zoneId") WHERE 1=1 ORDER BY "public"."zones"."createdAt" DESC OFFSET $1
prisma:query SELECT "public"."zones"."id", "public"."zones"."name", "public"."zones"."description", "public"."zones"."district", "public"."zones"."color", "public"."zones"."isActive", "public"."zones"."geometry", "public"."zones"."createdById", "public"."zones"."createdAt", "public"."zones"."updatedAt", COALESCE("aggr_selection_0_User"."_aggr_count_users", 0) AS "_aggr_count_users", COALESCE("aggr_selection_1_Route"."_aggr_count_routes", 0) AS "_aggr_count_routes" FROM "public"."zones" LEFT JOIN (SELECT "public"."users"."zoneId", COUNT(*) AS "_aggr_count_users" FROM "public"."users" WHERE 1=1 GROUP BY "public"."users"."zoneId") AS "aggr_selection_0_User" ON ("public"."zones"."id" = "aggr_selection_0_User"."zoneId") LEFT JOIN (SELECT "public"."routes"."zoneId", COUNT(*) AS "_aggr_count_routes" FROM "public"."routes" WHERE 1=1 GROUP BY "public"."routes"."zoneId") AS "aggr_selection_1_Route" ON ("public"."zones"."id" = "aggr_selection_1_Route"."zoneId") WHERE ("public"."zones"."id" = $1 AND 1=1) LIMIT $2 OFFSET $3
prisma:query SELECT "public"."users"."id", "public"."users"."firstName", "public"."users"."lastName" FROM "public"."users" WHERE "public"."users"."id" IN ($1) OFFSET $2
prisma:query SELECT "public"."users"."id", "public"."users"."zoneId" FROM "public"."users" WHERE ("public"."users"."id" = $1 AND 1=1) LIMIT $2 OFFSET $3
prisma:query SELECT "public"."routes"."id", "public"."routes"."name", "public"."routes"."status"::text, "public"."routes"."zoneId" FROM "public"."routes" WHERE "public"."routes"."zoneId" IN ($1) OFFSET $2
prisma:query SELECT "public"."routes"."id", "public"."routes"."name", "public"."routes"."status"::text, "public"."routes"."zoneId", "public"."routes"."vehicleId", "public"."routes"."operatorId", "public"."routes"."createdById", "public"."routes"."dayOfWeek", "public"."routes"."startTime", "public"."routes"."estimatedDuration", "public"."routes"."pathGeometry", "public"."routes"."createdAt", "public"."routes"."updatedAt", COALESCE("aggr_selection_0_Waypoint"."_aggr_count_waypoints", 0) AS "_aggr_count_waypoints" FROM "public"."routes" LEFT JOIN (SELECT "public"."waypoints"."routeId", COUNT(*) AS "_aggr_count_waypoints" FROM "public"."waypoints" WHERE 1=1 GROUP BY "public"."waypoints"."routeId") AS "aggr_selection_0_Waypoint" ON ("public"."routes"."id" = "aggr_selection_0_Waypoint"."routeId") WHERE 1=1 ORDER BY "public"."routes"."createdAt" DESC OFFSET $1
prisma:query SELECT "public"."zones"."id", "public"."zones"."name", "public"."zones"."color" FROM "public"."zones" WHERE "public"."zones"."id" IN ($1,$2,$3,$4,$5,$6,$7,$8,$9) OFFSET $10
prisma:query SELECT "public"."incidents"."id", "public"."incidents"."type"::text, "public"."incidents"."description", "public"."incidents"."status"::text, "public"."incidents"."imageUrl", "public"."incidents"."lat", "public"."incidents"."lng", "public"."incidents"."address", "public"."incidents"."citizenId", "public"."incidents"."trackingCode", "public"."incidents"."createdAt", "public"."incidents"."updatedAt" FROM "public"."incidents" LEFT JOIN "public"."users" AS "j0" ON ("j0"."id") = ("public"."incidents"."citizenId") WHERE ("j0"."zoneId" = $1 AND ("j0"."id" IS NOT NULL)) ORDER BY "public"."incidents"."createdAt" DESC OFFSET $2
prisma:query SELECT "public"."vehicles"."id", "public"."vehicles"."plate", "public"."vehicles"."type"::text FROM "public"."vehicles" WHERE "public"."vehicles"."id" IN ($1,$2) OFFSET $3
prisma:query SELECT "public"."users"."id", "public"."users"."firstName", "public"."users"."lastName" FROM "public"."users" WHERE "public"."users"."id" IN ($1,$2,$3,$4,$5,$6,$7,$8,$9) OFFSET $10
prisma:query SELECT "public"."waste_types"."id", "public"."waste_types"."name", "public"."waste_types"."category"::text, "public"."waste_types"."description", "public"."waste_types"."colorCode", "public"."waste_types"."examples", "public"."waste_types"."instructions", "public"."waste_types"."isActive", "public"."waste_types"."createdAt", "public"."waste_types"."updatedAt" FROM "public"."waste_types" WHERE "public"."waste_types"."isActive" = $1 ORDER BY "public"."waste_types"."category" ASC, "public"."waste_types"."name" ASC OFFSET $2
prisma:query SELECT "public"."waste_types"."id", "public"."waste_types"."name", "public"."waste_types"."category"::text, "public"."waste_types"."description", "public"."waste_types"."colorCode", "public"."waste_types"."examples", "public"."waste_types"."instructions", "public"."waste_types"."isActive", "public"."waste_types"."createdAt", "public"."waste_types"."updatedAt" FROM "public"."waste_types" WHERE "public"."waste_types"."isActive" = $1 ORDER BY "public"."waste_types"."category" ASC, "public"."waste_types"."name" ASC OFFSET $2
prisma:query SELECT "public"."waste_types"."id", "public"."waste_types"."name", "public"."waste_types"."category"::text, "public"."waste_types"."description", "public"."waste_types"."colorCode", "public"."waste_types"."examples", "public"."waste_types"."instructions", "public"."waste_types"."isActive", "public"."waste_types"."createdAt", "public"."waste_types"."updatedAt" FROM "public"."waste_types" WHERE "public"."waste_types"."isActive" = $1 ORDER BY "public"."waste_types"."category" ASC, "public"."waste_types"."name" ASC OFFSET $2
prisma:query SELECT "public"."users"."id", "public"."users"."zoneId" FROM "public"."users" WHERE ("public"."users"."id" = $1 AND 1=1) LIMIT $2 OFFSET $3
prisma:query SELECT "public"."users"."id", "public"."users"."zoneId" FROM "public"."users" WHERE ("public"."users"."id" = $1 AND 1=1) LIMIT $2 OFFSET $3
prisma:query SELECT "public"."waste_types"."id", "public"."waste_types"."name", "public"."waste_types"."category"::text, "public"."waste_types"."description", "public"."waste_types"."colorCode", "public"."waste_types"."examples", "public"."waste_types"."instructions", "public"."waste_types"."isActive", "public"."waste_types"."createdAt", "public"."waste_types"."updatedAt" FROM "public"."waste_types" WHERE "public"."waste_types"."isActive" = $1 ORDER BY "public"."waste_types"."category" ASC, "public"."waste_types"."name" ASC OFFSET $2
prisma:query INSERT INTO "public"."learn_visits" ("id","userId","zoneId","createdAt") VALUES ($1,$2,$3,$4) RETURNING "public"."learn_visits"."id", "public"."learn_visits"."userId", "public"."learn_visits"."zoneId", "public"."learn_visits"."createdAt"
prisma:query INSERT INTO "public"."learn_visits" ("id","userId","zoneId","createdAt") VALUES ($1,$2,$3,$4) RETURNING "public"."learn_visits"."id", "public"."learn_visits"."userId", "public"."learn_visits"."zoneId", "public"."learn_visits"."createdAt"
prisma:query SELECT "public"."zones"."id", "public"."zones"."name", "public"."zones"."description", "public"."zones"."district", "public"."zones"."color", "public"."zones"."isActive", "public"."zones"."geometry", "public"."zones"."createdById", "public"."zones"."createdAt", "public"."zones"."updatedAt", COALESCE("aggr_selection_0_User"."_aggr_count_users", 0) AS "_aggr_count_users", COALESCE("aggr_selection_1_Route"."_aggr_count_routes", 0) AS "_aggr_count_routes" FROM "public"."zones" LEFT JOIN (SELECT "public"."users"."zoneId", COUNT(*) AS "_aggr_count_users" FROM "public"."users" WHERE 1=1 GROUP BY "public"."users"."zoneId") AS "aggr_selection_0_User" ON ("public"."zones"."id" = "aggr_selection_0_User"."zoneId") LEFT JOIN (SELECT "public"."routes"."zoneId", COUNT(*) AS "_aggr_count_routes" FROM "public"."routes" WHERE 1=1 GROUP BY "public"."routes"."zoneId") AS "aggr_selection_1_Route" ON ("public"."zones"."id" = "aggr_selection_1_Route"."zoneId") WHERE 1=1 ORDER BY "public"."zones"."createdAt" DESC OFFSET $1
prisma:query SELECT "public"."users"."id", "public"."users"."zoneId" FROM "public"."users" WHERE ("public"."users"."id" = $1 AND 1=1) LIMIT $2 OFFSET $3
prisma:query SELECT "public"."routes"."id", "public"."routes"."name", "public"."routes"."status"::text, "public"."routes"."zoneId", "public"."routes"."vehicleId", "public"."routes"."operatorId", "public"."routes"."createdById", "public"."routes"."dayOfWeek", "public"."routes"."startTime", "public"."routes"."estimatedDuration", "public"."routes"."pathGeometry", "public"."routes"."createdAt", "public"."routes"."updatedAt", COALESCE("aggr_selection_0_Waypoint"."_aggr_count_waypoints", 0) AS "_aggr_count_waypoints" FROM "public"."routes" LEFT JOIN (SELECT "public"."waypoints"."routeId", COUNT(*) AS "_aggr_count_waypoints" FROM "public"."waypoints" WHERE 1=1 GROUP BY "public"."waypoints"."routeId") AS "aggr_selection_0_Waypoint" ON ("public"."routes"."id" = "aggr_selection_0_Waypoint"."routeId") WHERE 1=1 ORDER BY "public"."routes"."createdAt" DESC OFFSET $1
prisma:query SELECT "public"."zones"."id", "public"."zones"."name", "public"."zones"."description", "public"."zones"."district", "public"."zones"."color", "public"."zones"."isActive", "public"."zones"."geometry", "public"."zones"."createdById", "public"."zones"."createdAt", "public"."zones"."updatedAt", COALESCE("aggr_selection_0_User"."_aggr_count_users", 0) AS "_aggr_count_users", COALESCE("aggr_selection_1_Route"."_aggr_count_routes", 0) AS "_aggr_count_routes" FROM "public"."zones" LEFT JOIN (SELECT "public"."users"."zoneId", COUNT(*) AS "_aggr_count_users" FROM "public"."users" WHERE 1=1 GROUP BY "public"."users"."zoneId") AS "aggr_selection_0_User" ON ("public"."zones"."id" = "aggr_selection_0_User"."zoneId") LEFT JOIN (SELECT "public"."routes"."zoneId", COUNT(*) AS "_aggr_count_routes" FROM "public"."routes" WHERE 1=1 GROUP BY "public"."routes"."zoneId") AS "aggr_selection_1_Route" ON ("public"."zones"."id" = "aggr_selection_1_Route"."zoneId") WHERE ("public"."zones"."id" = $1 AND 1=1) LIMIT $2 OFFSET $3
prisma:query SELECT "public"."users"."id", "public"."users"."firstName", "public"."users"."lastName" FROM "public"."users" WHERE "public"."users"."id" IN ($1) OFFSET $2
prisma:query SELECT "public"."zones"."id", "public"."zones"."name", "public"."zones"."color" FROM "public"."zones" WHERE "public"."zones"."id" IN ($1,$2,$3,$4,$5,$6,$7,$8,$9) OFFSET $10
prisma:query SELECT "public"."routes"."id", "public"."routes"."name", "public"."routes"."status"::text, "public"."routes"."zoneId" FROM "public"."routes" WHERE "public"."routes"."zoneId" IN ($1) OFFSET $2
prisma:query SELECT "public"."vehicles"."id", "public"."vehicles"."plate", "public"."vehicles"."type"::text FROM "public"."vehicles" WHERE "public"."vehicles"."id" IN ($1,$2) OFFSET $3
prisma:query SELECT "public"."incidents"."id", "public"."incidents"."type"::text, "public"."incidents"."description", "public"."incidents"."status"::text, "public"."incidents"."imageUrl", "public"."incidents"."lat", "public"."incidents"."lng", "public"."incidents"."address", "public"."incidents"."citizenId", "public"."incidents"."trackingCode", "public"."incidents"."createdAt", "public"."incidents"."updatedAt" FROM "public"."incidents" LEFT JOIN "public"."users" AS "j0" ON ("j0"."id") = ("public"."incidents"."citizenId") WHERE ("j0"."zoneId" = $1 AND ("j0"."id" IS NOT NULL)) ORDER BY "public"."incidents"."createdAt" DESC OFFSET $2
prisma:query SELECT "public"."users"."id", "public"."users"."firstName", "public"."users"."lastName" FROM "public"."users" WHERE "public"."users"."id" IN ($1,$2,$3,$4,$5,$6,$7,$8,$9) OFFSET $10
prisma:query SELECT "public"."zones"."id", "public"."zones"."name", "public"."zones"."description", "public"."zones"."district", "public"."zones"."color", "public"."zones"."isActive", "public"."zones"."geometry", "public"."zones"."createdById", "public"."zones"."createdAt", "public"."zones"."updatedAt", COALESCE("aggr_selection_0_User"."_aggr_count_users", 0) AS "_aggr_count_users", COALESCE("aggr_selection_1_Route"."_aggr_count_routes", 0) AS "_aggr_count_routes" FROM "public"."zones" LEFT JOIN (SELECT "public"."users"."zoneId", COUNT(*) AS "_aggr_count_users" FROM "public"."users" WHERE 1=1 GROUP BY "public"."users"."zoneId") AS "aggr_selection_0_User" ON ("public"."zones"."id" = "aggr_selection_0_User"."zoneId") LEFT JOIN (SELECT "public"."routes"."zoneId", COUNT(*) AS "_aggr_count_routes" FROM "public"."routes" WHERE 1=1 GROUP BY "public"."routes"."zoneId") AS "aggr_selection_1_Route" ON ("public"."zones"."id" = "aggr_selection_1_Route"."zoneId") WHERE 1=1 ORDER BY "public"."zones"."createdAt" DESC OFFSET $1
prisma:query SELECT "public"."zones"."id", "public"."zones"."name", "public"."zones"."description", "public"."zones"."district", "public"."zones"."color", "public"."zones"."isActive", "public"."zones"."geometry", "public"."zones"."createdById", "public"."zones"."createdAt", "public"."zones"."updatedAt", COALESCE("aggr_selection_0_User"."_aggr_count_users", 0) AS "_aggr_count_users", COALESCE("aggr_selection_1_Route"."_aggr_count_routes", 0) AS "_aggr_count_routes" FROM "public"."zones" LEFT JOIN (SELECT "public"."users"."zoneId", COUNT(*) AS "_aggr_count_users" FROM "public"."users" WHERE 1=1 GROUP BY "public"."users"."zoneId") AS "aggr_selection_0_User" ON ("public"."zones"."id" = "aggr_selection_0_User"."zoneId") LEFT JOIN (SELECT "public"."routes"."zoneId", COUNT(*) AS "_aggr_count_routes" FROM "public"."routes" WHERE 1=1 GROUP BY "public"."routes"."zoneId") AS "aggr_selection_1_Route" ON ("public"."zones"."id" = "aggr_selection_1_Route"."zoneId") WHERE ("public"."zones"."id" = $1 AND 1=1) LIMIT $2 OFFSET $3
prisma:query SELECT "public"."users"."id", "public"."users"."firstName", "public"."users"."lastName" FROM "public"."users" WHERE "public"."users"."id" IN ($1) OFFSET $2
prisma:query SELECT "public"."routes"."id", "public"."routes"."name", "public"."routes"."status"::text, "public"."routes"."zoneId" FROM "public"."routes" WHERE "public"."routes"."zoneId" IN ($1) OFFSET $2
prisma:query SELECT "public"."users"."id", "public"."users"."zoneId" FROM "public"."users" WHERE ("public"."users"."id" = $1 AND 1=1) LIMIT $2 OFFSET $3
prisma:query SELECT "public"."routes"."id", "public"."routes"."name", "public"."routes"."status"::text, "public"."routes"."zoneId", "public"."routes"."vehicleId", "public"."routes"."operatorId", "public"."routes"."createdById", "public"."routes"."dayOfWeek", "public"."routes"."startTime", "public"."routes"."estimatedDuration", "public"."routes"."pathGeometry", "public"."routes"."createdAt", "public"."routes"."updatedAt", COALESCE("aggr_selection_0_Waypoint"."_aggr_count_waypoints", 0) AS "_aggr_count_waypoints" FROM "public"."routes" LEFT JOIN (SELECT "public"."waypoints"."routeId", COUNT(*) AS "_aggr_count_waypoints" FROM "public"."waypoints" WHERE 1=1 GROUP BY "public"."waypoints"."routeId") AS "aggr_selection_0_Waypoint" ON ("public"."routes"."id" = "aggr_selection_0_Waypoint"."routeId") WHERE 1=1 ORDER BY "public"."routes"."createdAt" DESC OFFSET $1
prisma:query SELECT "public"."zones"."id", "public"."zones"."name", "public"."zones"."color" FROM "public"."zones" WHERE "public"."zones"."id" IN ($1,$2,$3,$4,$5,$6,$7,$8,$9) OFFSET $10
prisma:query SELECT "public"."vehicles"."id", "public"."vehicles"."plate", "public"."vehicles"."type"::text FROM "public"."vehicles" WHERE "public"."vehicles"."id" IN ($1,$2) OFFSET $3
prisma:query SELECT "public"."incidents"."id", "public"."incidents"."type"::text, "public"."incidents"."description", "public"."incidents"."status"::text, "public"."incidents"."imageUrl", "public"."incidents"."lat", "public"."incidents"."lng", "public"."incidents"."address", "public"."incidents"."citizenId", "public"."incidents"."trackingCode", "public"."incidents"."createdAt", "public"."incidents"."updatedAt" FROM "public"."incidents" LEFT JOIN "public"."users" AS "j0" ON ("j0"."id") = ("public"."incidents"."citizenId") WHERE ("j0"."zoneId" = $1 AND ("j0"."id" IS NOT NULL)) ORDER BY "public"."incidents"."createdAt" DESC OFFSET $2
prisma:query SELECT "public"."users"."id", "public"."users"."firstName", "public"."users"."lastName" FROM "public"."users" WHERE "public"."users"."id" IN ($1,$2,$3,$4,$5,$6,$7,$8,$9) OFFSET $10
prisma:query SELECT "public"."zones"."id", "public"."zones"."name", "public"."zones"."description", "public"."zones"."district", "public"."zones"."color", "public"."zones"."isActive", "public"."zones"."geometry", "public"."zones"."createdById", "public"."zones"."createdAt", "public"."zones"."updatedAt", COALESCE("aggr_selection_0_User"."_aggr_count_users", 0) AS "_aggr_count_users", COALESCE("aggr_selection_1_Route"."_aggr_count_routes", 0) AS "_aggr_count_routes" FROM "public"."zones" LEFT JOIN (SELECT "public"."users"."zoneId", COUNT(*) AS "_aggr_count_users" FROM "public"."users" WHERE 1=1 GROUP BY "public"."users"."zoneId") AS "aggr_selection_0_User" ON ("public"."zones"."id" = "aggr_selection_0_User"."zoneId") LEFT JOIN (SELECT "public"."routes"."zoneId", COUNT(*) AS "_aggr_count_routes" FROM "public"."routes" WHERE 1=1 GROUP BY "public"."routes"."zoneId") AS "aggr_selection_1_Route" ON ("public"."zones"."id" = "aggr_selection_1_Route"."zoneId") WHERE 1=1 ORDER BY "public"."zones"."createdAt" DESC OFFSET $1
prisma:query SELECT "public"."users"."id", "public"."users"."firstName", "public"."users"."lastName" FROM "public"."users" WHERE "public"."users"."id" IN ($1) OFFSET $2
prisma:query SELECT "public"."zones"."id", "public"."zones"."name", "public"."zones"."description", "public"."zones"."district", "public"."zones"."color", "public"."zones"."isActive", "public"."zones"."geometry", "public"."zones"."createdById", "public"."zones"."createdAt", "public"."zones"."updatedAt", COALESCE("aggr_selection_0_User"."_aggr_count_users", 0) AS "_aggr_count_users", COALESCE("aggr_selection_1_Route"."_aggr_count_routes", 0) AS "_aggr_count_routes" FROM "public"."zones" LEFT JOIN (SELECT "public"."users"."zoneId", COUNT(*) AS "_aggr_count_users" FROM "public"."users" WHERE 1=1 GROUP BY "public"."users"."zoneId") AS "aggr_selection_0_User" ON ("public"."zones"."id" = "aggr_selection_0_User"."zoneId") LEFT JOIN (SELECT "public"."routes"."zoneId", COUNT(*) AS "_aggr_count_routes" FROM "public"."routes" WHERE 1=1 GROUP BY "public"."routes"."zoneId") AS "aggr_selection_1_Route" ON ("public"."zones"."id" = "aggr_selection_1_Route"."zoneId") WHERE 1=1 ORDER BY "public"."zones"."createdAt" DESC OFFSET $1
prisma:query SELECT "public"."users"."id", "public"."users"."firstName", "public"."users"."lastName" FROM "public"."users" WHERE "public"."users"."id" IN ($1) OFFSET $2
prisma:query SELECT 1
prisma:query SELECT 1
prisma:query SELECT 1
prisma:query SELECT 1
prisma:query SELECT "public"."zones"."id", "public"."zones"."name", "public"."zones"."description", "public"."zones"."district", "public"."zones"."color", "public"."zones"."isActive", "public"."zones"."geometry", "public"."zones"."createdById", "public"."zones"."createdAt", "public"."zones"."updatedAt", COALESCE("aggr_selection_0_User"."_aggr_count_users", 0) AS "_aggr_count_users", COALESCE("aggr_selection_1_Route"."_aggr_count_routes", 0) AS "_aggr_count_routes" FROM "public"."zones" LEFT JOIN (SELECT "public"."users"."zoneId", COUNT(*) AS "_aggr_count_users" FROM "public"."users" WHERE 1=1 GROUP BY "public"."users"."zoneId") AS "aggr_selection_0_User" ON ("public"."zones"."id" = "aggr_selection_0_User"."zoneId") LEFT JOIN (SELECT "public"."routes"."zoneId", COUNT(*) AS "_aggr_count_routes" FROM "public"."routes" WHERE 1=1 GROUP BY "public"."routes"."zoneId") AS "aggr_selection_1_Route" ON ("public"."zones"."id" = "aggr_selection_1_Route"."zoneId") WHERE 1=1 ORDER BY "public"."zones"."createdAt" DESC OFFSET $1
prisma:query SELECT "public"."users"."id", "public"."users"."zoneId" FROM "public"."users" WHERE ("public"."users"."id" = $1 AND 1=1) LIMIT $2 OFFSET $3
prisma:query SELECT "public"."users"."id", "public"."users"."firstName", "public"."users"."lastName" FROM "public"."users" WHERE "public"."users"."id" IN ($1) OFFSET $2
prisma:query SELECT "public"."zones"."id", "public"."zones"."name", "public"."zones"."description", "public"."zones"."district", "public"."zones"."color", "public"."zones"."isActive", "public"."zones"."geometry", "public"."zones"."createdById", "public"."zones"."createdAt", "public"."zones"."updatedAt", COALESCE("aggr_selection_0_User"."_aggr_count_users", 0) AS "_aggr_count_users", COALESCE("aggr_selection_1_Route"."_aggr_count_routes", 0) AS "_aggr_count_routes" FROM "public"."zones" LEFT JOIN (SELECT "public"."users"."zoneId", COUNT(*) AS "_aggr_count_users" FROM "public"."users" WHERE 1=1 GROUP BY "public"."users"."zoneId") AS "aggr_selection_0_User" ON ("public"."zones"."id" = "aggr_selection_0_User"."zoneId") LEFT JOIN (SELECT "public"."routes"."zoneId", COUNT(*) AS "_aggr_count_routes" FROM "public"."routes" WHERE 1=1 GROUP BY "public"."routes"."zoneId") AS "aggr_selection_1_Route" ON ("public"."zones"."id" = "aggr_selection_1_Route"."zoneId") WHERE ("public"."zones"."id" = $1 AND 1=1) LIMIT $2 OFFSET $3
prisma:query SELECT "public"."routes"."id", "public"."routes"."name", "public"."routes"."status"::text, "public"."routes"."zoneId", "public"."routes"."vehicleId", "public"."routes"."operatorId", "public"."routes"."createdById", "public"."routes"."dayOfWeek", "public"."routes"."startTime", "public"."routes"."estimatedDuration", "public"."routes"."pathGeometry", "public"."routes"."createdAt", "public"."routes"."updatedAt", COALESCE("aggr_selection_0_Waypoint"."_aggr_count_waypoints", 0) AS "_aggr_count_waypoints" FROM "public"."routes" LEFT JOIN (SELECT "public"."waypoints"."routeId", COUNT(*) AS "_aggr_count_waypoints" FROM "public"."waypoints" WHERE 1=1 GROUP BY "public"."waypoints"."routeId") AS "aggr_selection_0_Waypoint" ON ("public"."routes"."id" = "aggr_selection_0_Waypoint"."routeId") WHERE 1=1 ORDER BY "public"."routes"."createdAt" DESC OFFSET $1
prisma:query SELECT "public"."routes"."id", "public"."routes"."name", "public"."routes"."status"::text, "public"."routes"."zoneId" FROM "public"."routes" WHERE "public"."routes"."zoneId" IN ($1) OFFSET $2
prisma:query SELECT "public"."incidents"."id", "public"."incidents"."type"::text, "public"."incidents"."description", "public"."incidents"."status"::text, "public"."incidents"."imageUrl", "public"."incidents"."lat", "public"."incidents"."lng", "public"."incidents"."address", "public"."incidents"."citizenId", "public"."incidents"."trackingCode", "public"."incidents"."createdAt", "public"."incidents"."updatedAt" FROM "public"."incidents" LEFT JOIN "public"."users" AS "j0" ON ("j0"."id") = ("public"."incidents"."citizenId") WHERE ("j0"."zoneId" = $1 AND ("j0"."id" IS NOT NULL)) ORDER BY "public"."incidents"."createdAt" DESC OFFSET $2
prisma:query SELECT "public"."zones"."id", "public"."zones"."name", "public"."zones"."color" FROM "public"."zones" WHERE "public"."zones"."id" IN ($1,$2,$3,$4,$5,$6,$7,$8,$9) OFFSET $10
prisma:query SELECT "public"."vehicles"."id", "public"."vehicles"."plate", "public"."vehicles"."type"::text FROM "public"."vehicles" WHERE "public"."vehicles"."id" IN ($1,$2) OFFSET $3
prisma:query SELECT "public"."users"."id", "public"."users"."firstName", "public"."users"."lastName" FROM "public"."users" WHERE "public"."users"."id" IN ($1,$2,$3,$4,$5,$6,$7,$8,$9) OFFSET $10
prisma:query SELECT "public"."zones"."id", "public"."zones"."name", "public"."zones"."description", "public"."zones"."district", "public"."zones"."color", "public"."zones"."isActive", "public"."zones"."geometry", "public"."zones"."createdById", "public"."zones"."createdAt", "public"."zones"."updatedAt", COALESCE("aggr_selection_0_User"."_aggr_count_users", 0) AS "_aggr_count_users", COALESCE("aggr_selection_1_Route"."_aggr_count_routes", 0) AS "_aggr_count_routes" FROM "public"."zones" LEFT JOIN (SELECT "public"."users"."zoneId", COUNT(*) AS "_aggr_count_users" FROM "public"."users" WHERE 1=1 GROUP BY "public"."users"."zoneId") AS "aggr_selection_0_User" ON ("public"."zones"."id" = "aggr_selection_0_User"."zoneId") LEFT JOIN (SELECT "public"."routes"."zoneId", COUNT(*) AS "_aggr_count_routes" FROM "public"."routes" WHERE 1=1 GROUP BY "public"."routes"."zoneId") AS "aggr_selection_1_Route" ON ("public"."zones"."id" = "aggr_selection_1_Route"."zoneId") WHERE 1=1 ORDER BY "public"."zones"."createdAt" DESC OFFSET $1
prisma:query SELECT "public"."users"."id", "public"."users"."firstName", "public"."users"."lastName" FROM "public"."users" WHERE "public"."users"."id" IN ($1) OFFSET $2
prisma:query SELECT "public"."zones"."id", "public"."zones"."name", "public"."zones"."description", "public"."zones"."district", "public"."zones"."color", "public"."zones"."isActive", "public"."zones"."geometry", "public"."zones"."createdById", "public"."zones"."createdAt", "public"."zones"."updatedAt", COALESCE("aggr_selection_0_User"."_aggr_count_users", 0) AS "_aggr_count_users", COALESCE("aggr_selection_1_Route"."_aggr_count_routes", 0) AS "_aggr_count_routes" FROM "public"."zones" LEFT JOIN (SELECT "public"."users"."zoneId", COUNT(*) AS "_aggr_count_users" FROM "public"."users" WHERE 1=1 GROUP BY "public"."users"."zoneId") AS "aggr_selection_0_User" ON ("public"."zones"."id" = "aggr_selection_0_User"."zoneId") LEFT JOIN (SELECT "public"."routes"."zoneId", COUNT(*) AS "_aggr_count_routes" FROM "public"."routes" WHERE 1=1 GROUP BY "public"."routes"."zoneId") AS "aggr_selection_1_Route" ON ("public"."zones"."id" = "aggr_selection_1_Route"."zoneId") WHERE 1=1 ORDER BY "public"."zones"."createdAt" DESC OFFSET $1
prisma:query SELECT "public"."users"."id", "public"."users"."zoneId" FROM "public"."users" WHERE ("public"."users"."id" = $1 AND 1=1) LIMIT $2 OFFSET $3
prisma:query SELECT "public"."routes"."id", "public"."routes"."name", "public"."routes"."status"::text, "public"."routes"."zoneId", "public"."routes"."vehicleId", "public"."routes"."operatorId", "public"."routes"."createdById", "public"."routes"."dayOfWeek", "public"."routes"."startTime", "public"."routes"."estimatedDuration", "public"."routes"."pathGeometry", "public"."routes"."createdAt", "public"."routes"."updatedAt", COALESCE("aggr_selection_0_Waypoint"."_aggr_count_waypoints", 0) AS "_aggr_count_waypoints" FROM "public"."routes" LEFT JOIN (SELECT "public"."waypoints"."routeId", COUNT(*) AS "_aggr_count_waypoints" FROM "public"."waypoints" WHERE 1=1 GROUP BY "public"."waypoints"."routeId") AS "aggr_selection_0_Waypoint" ON ("public"."routes"."id" = "aggr_selection_0_Waypoint"."routeId") WHERE 1=1 ORDER BY "public"."routes"."createdAt" DESC OFFSET $1
prisma:query SELECT "public"."zones"."id", "public"."zones"."name", "public"."zones"."description", "public"."zones"."district", "public"."zones"."color", "public"."zones"."isActive", "public"."zones"."geometry", "public"."zones"."createdById", "public"."zones"."createdAt", "public"."zones"."updatedAt", COALESCE("aggr_selection_0_User"."_aggr_count_users", 0) AS "_aggr_count_users", COALESCE("aggr_selection_1_Route"."_aggr_count_routes", 0) AS "_aggr_count_routes" FROM "public"."zones" LEFT JOIN (SELECT "public"."users"."zoneId", COUNT(*) AS "_aggr_count_users" FROM "public"."users" WHERE 1=1 GROUP BY "public"."users"."zoneId") AS "aggr_selection_0_User" ON ("public"."zones"."id" = "aggr_selection_0_User"."zoneId") LEFT JOIN (SELECT "public"."routes"."zoneId", COUNT(*) AS "_aggr_count_routes" FROM "public"."routes" WHERE 1=1 GROUP BY "public"."routes"."zoneId") AS "aggr_selection_1_Route" ON ("public"."zones"."id" = "aggr_selection_1_Route"."zoneId") WHERE ("public"."zones"."id" = $1 AND 1=1) LIMIT $2 OFFSET $3
prisma:query SELECT "public"."users"."id", "public"."users"."firstName", "public"."users"."lastName" FROM "public"."users" WHERE "public"."users"."id" IN ($1) OFFSET $2
prisma:query SELECT "public"."zones"."id", "public"."zones"."name", "public"."zones"."color" FROM "public"."zones" WHERE "public"."zones"."id" IN ($1,$2,$3,$4,$5,$6,$7,$8,$9) OFFSET $10
prisma:query SELECT "public"."routes"."id", "public"."routes"."name", "public"."routes"."status"::text, "public"."routes"."zoneId" FROM "public"."routes" WHERE "public"."routes"."zoneId" IN ($1) OFFSET $2
prisma:query SELECT "public"."incidents"."id", "public"."incidents"."type"::text, "public"."incidents"."description", "public"."incidents"."status"::text, "public"."incidents"."imageUrl", "public"."incidents"."lat", "public"."incidents"."lng", "public"."incidents"."address", "public"."incidents"."citizenId", "public"."incidents"."trackingCode", "public"."incidents"."createdAt", "public"."incidents"."updatedAt" FROM "public"."incidents" LEFT JOIN "public"."users" AS "j0" ON ("j0"."id") = ("public"."incidents"."citizenId") WHERE ("j0"."zoneId" = $1 AND ("j0"."id" IS NOT NULL)) ORDER BY "public"."incidents"."createdAt" DESC OFFSET $2
prisma:query SELECT "public"."vehicles"."id", "public"."vehicles"."plate", "public"."vehicles"."type"::text FROM "public"."vehicles" WHERE "public"."vehicles"."id" IN ($1,$2) OFFSET $3
prisma:query SELECT "public"."users"."id", "public"."users"."firstName", "public"."users"."lastName" FROM "public"."users" WHERE "public"."users"."id" IN ($1,$2,$3,$4,$5,$6,$7,$8,$9) OFFSET $10
prisma:query SELECT "public"."users"."id", "public"."users"."email", "public"."users"."role"::text, "public"."users"."firstName", "public"."users"."lastName" FROM "public"."users" WHERE ("public"."users"."id" = $1 AND 1=1) LIMIT $2 OFFSET $3
prisma:query SELECT "public"."zones"."id", "public"."zones"."name", "public"."zones"."description", "public"."zones"."district", "public"."zones"."color", "public"."zones"."isActive", "public"."zones"."geometry", "public"."zones"."createdById", "public"."zones"."createdAt", "public"."zones"."updatedAt", COALESCE("aggr_selection_0_User"."_aggr_count_users", 0) AS "_aggr_count_users", COALESCE("aggr_selection_1_Route"."_aggr_count_routes", 0) AS "_aggr_count_routes" FROM "public"."zones" LEFT JOIN (SELECT "public"."users"."zoneId", COUNT(*) AS "_aggr_count_users" FROM "public"."users" WHERE 1=1 GROUP BY "public"."users"."zoneId") AS "aggr_selection_0_User" ON ("public"."zones"."id" = "aggr_selection_0_User"."zoneId") LEFT JOIN (SELECT "public"."routes"."zoneId", COUNT(*) AS "_aggr_count_routes" FROM "public"."routes" WHERE 1=1 GROUP BY "public"."routes"."zoneId") AS "aggr_selection_1_Route" ON ("public"."zones"."id" = "aggr_selection_1_Route"."zoneId") WHERE 1=1 ORDER BY "public"."zones"."createdAt" DESC OFFSET $1
prisma:query SELECT "public"."users"."id", "public"."users"."firstName", "public"."users"."lastName" FROM "public"."users" WHERE "public"."users"."id" IN ($1) OFFSET $2
prisma:query SELECT "public"."users"."id", "public"."users"."email", "public"."users"."role"::text, "public"."users"."firstName", "public"."users"."lastName" FROM "public"."users" WHERE ("public"."users"."id" = $1 AND 1=1) LIMIT $2 OFFSET $3
prisma:query SELECT 1
prisma:query SELECT "public"."zones"."id", "public"."zones"."name", "public"."zones"."description", "public"."zones"."district", "public"."zones"."color", "public"."zones"."isActive", "public"."zones"."geometry", "public"."zones"."createdById", "public"."zones"."createdAt", "public"."zones"."updatedAt", COALESCE("aggr_selection_0_User"."_aggr_count_users", 0) AS "_aggr_count_users", COALESCE("aggr_selection_1_Route"."_aggr_count_routes", 0) AS "_aggr_count_routes" FROM "public"."zones" LEFT JOIN (SELECT "public"."users"."zoneId", COUNT(*) AS "_aggr_count_users" FROM "public"."users" WHERE 1=1 GROUP BY "public"."users"."zoneId") AS "aggr_selection_0_User" ON ("public"."zones"."id" = "aggr_selection_0_User"."zoneId") LEFT JOIN (SELECT "public"."routes"."zoneId", COUNT(*) AS "_aggr_count_routes" FROM "public"."routes" WHERE 1=1 GROUP BY "public"."routes"."zoneId") AS "aggr_selection_1_Route" ON ("public"."zones"."id" = "aggr_selection_1_Route"."zoneId") WHERE 1=1 ORDER BY "public"."zones"."createdAt" DESC OFFSET $1
prisma:query SELECT "public"."users"."id", "public"."users"."firstName", "public"."users"."lastName" FROM "public"."users" WHERE "public"."users"."id" IN ($1) OFFSET $2
prisma:query SELECT 1
prisma:query SELECT 1
prisma:query SELECT "public"."zones"."id", "public"."zones"."name", "public"."zones"."description", "public"."zones"."district", "public"."zones"."color", "public"."zones"."isActive", "public"."zones"."geometry", "public"."zones"."createdById", "public"."zones"."createdAt", "public"."zones"."updatedAt", COALESCE("aggr_selection_0_User"."_aggr_count_users", 0) AS "_aggr_count_users", COALESCE("aggr_selection_1_Route"."_aggr_count_routes", 0) AS "_aggr_count_routes" FROM "public"."zones" LEFT JOIN (SELECT "public"."users"."zoneId", COUNT(*) AS "_aggr_count_users" FROM "public"."users" WHERE 1=1 GROUP BY "public"."users"."zoneId") AS "aggr_selection_0_User" ON ("public"."zones"."id" = "aggr_selection_0_User"."zoneId") LEFT JOIN (SELECT "public"."routes"."zoneId", COUNT(*) AS "_aggr_count_routes" FROM "public"."routes" WHERE 1=1 GROUP BY "public"."routes"."zoneId") AS "aggr_selection_1_Route" ON ("public"."zones"."id" = "aggr_selection_1_Route"."zoneId") WHERE 1=1 ORDER BY "public"."zones"."createdAt" DESC OFFSET $1
prisma:query SELECT 1
prisma:query SELECT "public"."users"."id", "public"."users"."firstName", "public"."users"."lastName" FROM "public"."users" WHERE "public"."users"."id" IN ($1) OFFSET $2
prisma:query SELECT "public"."users"."id", "public"."users"."zoneId" FROM "public"."users" WHERE ("public"."users"."id" = $1 AND 1=1) LIMIT $2 OFFSET $3
prisma:query SELECT "public"."routes"."id", "public"."routes"."name", "public"."routes"."status"::text, "public"."routes"."zoneId", "public"."routes"."vehicleId", "public"."routes"."operatorId", "public"."routes"."createdById", "public"."routes"."dayOfWeek", "public"."routes"."startTime", "public"."routes"."estimatedDuration", "public"."routes"."pathGeometry", "public"."routes"."createdAt", "public"."routes"."updatedAt", COALESCE("aggr_selection_0_Waypoint"."_aggr_count_waypoints", 0) AS "_aggr_count_waypoints" FROM "public"."routes" LEFT JOIN (SELECT "public"."waypoints"."routeId", COUNT(*) AS "_aggr_count_waypoints" FROM "public"."waypoints" WHERE 1=1 GROUP BY "public"."waypoints"."routeId") AS "aggr_selection_0_Waypoint" ON ("public"."routes"."id" = "aggr_selection_0_Waypoint"."routeId") WHERE 1=1 ORDER BY "public"."routes"."createdAt" DESC OFFSET $1
prisma:query SELECT "public"."zones"."id", "public"."zones"."name", "public"."zones"."color" FROM "public"."zones" WHERE "public"."zones"."id" IN ($1,$2,$3,$4,$5,$6,$7,$8,$9) OFFSET $10
prisma:query SELECT "public"."zones"."id", "public"."zones"."name", "public"."zones"."description", "public"."zones"."district", "public"."zones"."color", "public"."zones"."isActive", "public"."zones"."geometry", "public"."zones"."createdById", "public"."zones"."createdAt", "public"."zones"."updatedAt", COALESCE("aggr_selection_0_User"."_aggr_count_users", 0) AS "_aggr_count_users", COALESCE("aggr_selection_1_Route"."_aggr_count_routes", 0) AS "_aggr_count_routes" FROM "public"."zones" LEFT JOIN (SELECT "public"."users"."zoneId", COUNT(*) AS "_aggr_count_users" FROM "public"."users" WHERE 1=1 GROUP BY "public"."users"."zoneId") AS "aggr_selection_0_User" ON ("public"."zones"."id" = "aggr_selection_0_User"."zoneId") LEFT JOIN (SELECT "public"."routes"."zoneId", COUNT(*) AS "_aggr_count_routes" FROM "public"."routes" WHERE 1=1 GROUP BY "public"."routes"."zoneId") AS "aggr_selection_1_Route" ON ("public"."zones"."id" = "aggr_selection_1_Route"."zoneId") WHERE ("public"."zones"."id" = $1 AND 1=1) LIMIT $2 OFFSET $3
prisma:query SELECT "public"."vehicles"."id", "public"."vehicles"."plate", "public"."vehicles"."type"::text FROM "public"."vehicles" WHERE "public"."vehicles"."id" IN ($1,$2) OFFSET $3
prisma:query SELECT "public"."incidents"."id", "public"."incidents"."type"::text, "public"."incidents"."description", "public"."incidents"."status"::text, "public"."incidents"."imageUrl", "public"."incidents"."lat", "public"."incidents"."lng", "public"."incidents"."address", "public"."incidents"."citizenId", "public"."incidents"."trackingCode", "public"."incidents"."createdAt", "public"."incidents"."updatedAt" FROM "public"."incidents" LEFT JOIN "public"."users" AS "j0" ON ("j0"."id") = ("public"."incidents"."citizenId") WHERE ("j0"."zoneId" = $1 AND ("j0"."id" IS NOT NULL)) ORDER BY "public"."incidents"."createdAt" DESC OFFSET $2
prisma:query SELECT "public"."users"."id", "public"."users"."firstName", "public"."users"."lastName" FROM "public"."users" WHERE "public"."users"."id" IN ($1,$2,$3,$4,$5,$6,$7,$8,$9) OFFSET $10
prisma:query SELECT "public"."routes"."id", "public"."routes"."name", "public"."routes"."status"::text, "public"."routes"."zoneId" FROM "public"."routes" WHERE "public"."routes"."zoneId" IN ($1) OFFSET $2
prisma:query SELECT "public"."users"."id", "public"."users"."email", "public"."users"."role"::text, "public"."users"."firstName", "public"."users"."lastName" FROM "public"."users" WHERE ("public"."users"."id" = $1 AND 1=1) LIMIT $2 OFFSET $3
prisma:query SELECT "public"."users"."id", "public"."users"."email", "public"."users"."role"::text, "public"."users"."firstName", "public"."users"."lastName" FROM "public"."users" WHERE ("public"."users"."id" = $1 AND 1=1) LIMIT $2 OFFSET $3
prisma:query SELECT "public"."refresh_tokens"."id", "public"."refresh_tokens"."token", "public"."refresh_tokens"."userId", "public"."refresh_tokens"."expiresAt", "public"."refresh_tokens"."createdAt" FROM "public"."refresh_tokens" WHERE ("public"."refresh_tokens"."token" = $1 AND 1=1) LIMIT $2 OFFSET $3
prisma:query SELECT "public"."users"."id", "public"."users"."email", "public"."users"."role"::text, "public"."users"."isActive" FROM "public"."users" WHERE "public"."users"."id" IN ($1) OFFSET $2
prisma:query BEGIN
prisma:query DELETE FROM "public"."refresh_tokens" WHERE ("public"."refresh_tokens"."token" = $1 AND 1=1) RETURNING "public"."refresh_tokens"."id", "public"."refresh_tokens"."token", "public"."refresh_tokens"."userId", "public"."refresh_tokens"."expiresAt", "public"."refresh_tokens"."createdAt"
prisma:query INSERT INTO "public"."refresh_tokens" ("id","token","userId","expiresAt","createdAt") VALUES ($1,$2,$3,$4,$5) RETURNING "public"."refresh_tokens"."id", "public"."refresh_tokens"."token", "public"."refresh_tokens"."userId", "public"."refresh_tokens"."expiresAt", "public"."refresh_tokens"."createdAt"
prisma:query COMMIT
prisma:query SELECT "public"."zones"."id", "public"."zones"."name", "public"."zones"."description", "public"."zones"."district", "public"."zones"."color", "public"."zones"."isActive", "public"."zones"."geometry", "public"."zones"."createdById", "public"."zones"."createdAt", "public"."zones"."updatedAt", COALESCE("aggr_selection_0_User"."_aggr_count_users", 0) AS "_aggr_count_users", COALESCE("aggr_selection_1_Route"."_aggr_count_routes", 0) AS "_aggr_count_routes" FROM "public"."zones" LEFT JOIN (SELECT "public"."users"."zoneId", COUNT(*) AS "_aggr_count_users" FROM "public"."users" WHERE 1=1 GROUP BY "public"."users"."zoneId") AS "aggr_selection_0_User" ON ("public"."zones"."id" = "aggr_selection_0_User"."zoneId") LEFT JOIN (SELECT "public"."routes"."zoneId", COUNT(*) AS "_aggr_count_routes" FROM "public"."routes" WHERE 1=1 GROUP BY "public"."routes"."zoneId") AS "aggr_selection_1_Route" ON ("public"."zones"."id" = "aggr_selection_1_Route"."zoneId") WHERE 1=1 ORDER BY "public"."zones"."createdAt" DESC OFFSET $1
prisma:query SELECT "public"."users"."id", "public"."users"."firstName", "public"."users"."lastName" FROM "public"."users" WHERE "public"."users"."id" IN ($1) OFFSET $2
prisma:query SELECT "public"."users"."id", "public"."users"."zoneId" FROM "public"."users" WHERE ("public"."users"."id" = $1 AND 1=1) LIMIT $2 OFFSET $3
prisma:query SELECT "public"."zones"."id", "public"."zones"."name", "public"."zones"."description", "public"."zones"."district", "public"."zones"."color", "public"."zones"."isActive", "public"."zones"."geometry", "public"."zones"."createdById", "public"."zones"."createdAt", "public"."zones"."updatedAt", COALESCE("aggr_selection_0_User"."_aggr_count_users", 0) AS "_aggr_count_users", COALESCE("aggr_selection_1_Route"."_aggr_count_routes", 0) AS "_aggr_count_routes" FROM "public"."zones" LEFT JOIN (SELECT "public"."users"."zoneId", COUNT(*) AS "_aggr_count_users" FROM "public"."users" WHERE 1=1 GROUP BY "public"."users"."zoneId") AS "aggr_selection_0_User" ON ("public"."zones"."id" = "aggr_selection_0_User"."zoneId") LEFT JOIN (SELECT "public"."routes"."zoneId", COUNT(*) AS "_aggr_count_routes" FROM "public"."routes" WHERE 1=1 GROUP BY "public"."routes"."zoneId") AS "aggr_selection_1_Route" ON ("public"."zones"."id" = "aggr_selection_1_Route"."zoneId") WHERE 1=1 ORDER BY "public"."zones"."createdAt" DESC OFFSET $1
prisma:query SELECT "public"."routes"."id", "public"."routes"."name", "public"."routes"."status"::text, "public"."routes"."zoneId", "public"."routes"."vehicleId", "public"."routes"."operatorId", "public"."routes"."createdById", "public"."routes"."dayOfWeek", "public"."routes"."startTime", "public"."routes"."estimatedDuration", "public"."routes"."pathGeometry", "public"."routes"."createdAt", "public"."routes"."updatedAt", COALESCE("aggr_selection_0_Waypoint"."_aggr_count_waypoints", 0) AS "_aggr_count_waypoints" FROM "public"."routes" LEFT JOIN (SELECT "public"."waypoints"."routeId", COUNT(*) AS "_aggr_count_waypoints" FROM "public"."waypoints" WHERE 1=1 GROUP BY "public"."waypoints"."routeId") AS "aggr_selection_0_Waypoint" ON ("public"."routes"."id" = "aggr_selection_0_Waypoint"."routeId") WHERE 1=1 ORDER BY "public"."routes"."createdAt" DESC OFFSET $1
prisma:query SELECT "public"."users"."id", "public"."users"."firstName", "public"."users"."lastName" FROM "public"."users" WHERE "public"."users"."id" IN ($1) OFFSET $2
prisma:query SELECT "public"."zones"."id", "public"."zones"."name", "public"."zones"."color" FROM "public"."zones" WHERE "public"."zones"."id" IN ($1,$2,$3,$4,$5,$6,$7,$8,$9) OFFSET $10
prisma:query SELECT "public"."zones"."id", "public"."zones"."name", "public"."zones"."description", "public"."zones"."district", "public"."zones"."color", "public"."zones"."isActive", "public"."zones"."geometry", "public"."zones"."createdById", "public"."zones"."createdAt", "public"."zones"."updatedAt", COALESCE("aggr_selection_0_User"."_aggr_count_users", 0) AS "_aggr_count_users", COALESCE("aggr_selection_1_Route"."_aggr_count_routes", 0) AS "_aggr_count_routes" FROM "public"."zones" LEFT JOIN (SELECT "public"."users"."zoneId", COUNT(*) AS "_aggr_count_users" FROM "public"."users" WHERE 1=1 GROUP BY "public"."users"."zoneId") AS "aggr_selection_0_User" ON ("public"."zones"."id" = "aggr_selection_0_User"."zoneId") LEFT JOIN (SELECT "public"."routes"."zoneId", COUNT(*) AS "_aggr_count_routes" FROM "public"."routes" WHERE 1=1 GROUP BY "public"."routes"."zoneId") AS "aggr_selection_1_Route" ON ("public"."zones"."id" = "aggr_selection_1_Route"."zoneId") WHERE ("public"."zones"."id" = $1 AND 1=1) LIMIT $2 OFFSET $3
prisma:query SELECT "public"."incidents"."id", "public"."incidents"."type"::text, "public"."incidents"."description", "public"."incidents"."status"::text, "public"."incidents"."imageUrl", "public"."incidents"."lat", "public"."incidents"."lng", "public"."incidents"."address", "public"."incidents"."citizenId", "public"."incidents"."trackingCode", "public"."incidents"."createdAt", "public"."incidents"."updatedAt" FROM "public"."incidents" LEFT JOIN "public"."users" AS "j0" ON ("j0"."id") = ("public"."incidents"."citizenId") WHERE ("j0"."zoneId" = $1 AND ("j0"."id" IS NOT NULL)) ORDER BY "public"."incidents"."createdAt" DESC OFFSET $2
prisma:query SELECT "public"."vehicles"."id", "public"."vehicles"."plate", "public"."vehicles"."type"::text FROM "public"."vehicles" WHERE "public"."vehicles"."id" IN ($1,$2) OFFSET $3
prisma:query SELECT "public"."routes"."id", "public"."routes"."name", "public"."routes"."status"::text, "public"."routes"."zoneId" FROM "public"."routes" WHERE "public"."routes"."zoneId" IN ($1) OFFSET $2
prisma:query SELECT "public"."zones"."id", "public"."zones"."name", "public"."zones"."description", "public"."zones"."district", "public"."zones"."color", "public"."zones"."isActive", "public"."zones"."geometry", "public"."zones"."createdById", "public"."zones"."createdAt", "public"."zones"."updatedAt", COALESCE("aggr_selection_0_User"."_aggr_count_users", 0) AS "_aggr_count_users", COALESCE("aggr_selection_1_Route"."_aggr_count_routes", 0) AS "_aggr_count_routes" FROM "public"."zones" LEFT JOIN (SELECT "public"."users"."zoneId", COUNT(*) AS "_aggr_count_users" FROM "public"."users" WHERE 1=1 GROUP BY "public"."users"."zoneId") AS "aggr_selection_0_User" ON ("public"."zones"."id" = "aggr_selection_0_User"."zoneId") LEFT JOIN (SELECT "public"."routes"."zoneId", COUNT(*) AS "_aggr_count_routes" FROM "public"."routes" WHERE 1=1 GROUP BY "public"."routes"."zoneId") AS "aggr_selection_1_Route" ON ("public"."zones"."id" = "aggr_selection_1_Route"."zoneId") WHERE 1=1 ORDER BY "public"."zones"."createdAt" DESC OFFSET $1
prisma:query SELECT "public"."users"."id", "public"."users"."firstName", "public"."users"."lastName" FROM "public"."users" WHERE "public"."users"."id" IN ($1) OFFSET $2
prisma:query SELECT "public"."users"."id", "public"."users"."firstName", "public"."users"."lastName" FROM "public"."users" WHERE "public"."users"."id" IN ($1,$2,$3,$4,$5,$6,$7,$8,$9) OFFSET $10
prisma:query SELECT "public"."users"."id", "public"."users"."zoneId" FROM "public"."users" WHERE ("public"."users"."id" = $1 AND 1=1) LIMIT $2 OFFSET $3
prisma:query SELECT "public"."zones"."id", "public"."zones"."name", "public"."zones"."description", "public"."zones"."district", "public"."zones"."color", "public"."zones"."isActive", "public"."zones"."geometry", "public"."zones"."createdById", "public"."zones"."createdAt", "public"."zones"."updatedAt", COALESCE("aggr_selection_0_User"."_aggr_count_users", 0) AS "_aggr_count_users", COALESCE("aggr_selection_1_Route"."_aggr_count_routes", 0) AS "_aggr_count_routes" FROM "public"."zones" LEFT JOIN (SELECT "public"."users"."zoneId", COUNT(*) AS "_aggr_count_users" FROM "public"."users" WHERE 1=1 GROUP BY "public"."users"."zoneId") AS "aggr_selection_0_User" ON ("public"."zones"."id" = "aggr_selection_0_User"."zoneId") LEFT JOIN (SELECT "public"."routes"."zoneId", COUNT(*) AS "_aggr_count_routes" FROM "public"."routes" WHERE 1=1 GROUP BY "public"."routes"."zoneId") AS "aggr_selection_1_Route" ON ("public"."zones"."id" = "aggr_selection_1_Route"."zoneId") WHERE ("public"."zones"."id" = $1 AND 1=1) LIMIT $2 OFFSET $3
prisma:query SELECT "public"."incidents"."id", "public"."incidents"."type"::text, "public"."incidents"."description", "public"."incidents"."status"::text, "public"."incidents"."imageUrl", "public"."incidents"."lat", "public"."incidents"."lng", "public"."incidents"."address", "public"."incidents"."citizenId", "public"."incidents"."trackingCode", "public"."incidents"."createdAt", "public"."incidents"."updatedAt" FROM "public"."incidents" LEFT JOIN "public"."users" AS "j0" ON ("j0"."id") = ("public"."incidents"."citizenId") WHERE ("j0"."zoneId" = $1 AND ("j0"."id" IS NOT NULL)) ORDER BY "public"."incidents"."createdAt" DESC OFFSET $2
prisma:query SELECT "public"."routes"."id", "public"."routes"."name", "public"."routes"."status"::text, "public"."routes"."zoneId" FROM "public"."routes" WHERE "public"."routes"."zoneId" IN ($1) OFFSET $2
prisma:query SELECT "public"."routes"."id", "public"."routes"."name", "public"."routes"."status"::text, "public"."routes"."zoneId", "public"."routes"."vehicleId", "public"."routes"."operatorId", "public"."routes"."createdById", "public"."routes"."dayOfWeek", "public"."routes"."startTime", "public"."routes"."estimatedDuration", "public"."routes"."pathGeometry", "public"."routes"."createdAt", "public"."routes"."updatedAt", COALESCE("aggr_selection_0_Waypoint"."_aggr_count_waypoints", 0) AS "_aggr_count_waypoints" FROM "public"."routes" LEFT JOIN (SELECT "public"."waypoints"."routeId", COUNT(*) AS "_aggr_count_waypoints" FROM "public"."waypoints" WHERE 1=1 GROUP BY "public"."waypoints"."routeId") AS "aggr_selection_0_Waypoint" ON ("public"."routes"."id" = "aggr_selection_0_Waypoint"."routeId") WHERE 1=1 ORDER BY "public"."routes"."createdAt" DESC OFFSET $1
prisma:query SELECT "public"."zones"."id", "public"."zones"."name", "public"."zones"."color" FROM "public"."zones" WHERE "public"."zones"."id" IN ($1,$2,$3,$4,$5,$6,$7,$8,$9) OFFSET $10
prisma:query SELECT "public"."vehicles"."id", "public"."vehicles"."plate", "public"."vehicles"."type"::text FROM "public"."vehicles" WHERE "public"."vehicles"."id" IN ($1,$2) OFFSET $3
prisma:query SELECT "public"."users"."id", "public"."users"."firstName", "public"."users"."lastName" FROM "public"."users" WHERE "public"."users"."id" IN ($1,$2,$3,$4,$5,$6,$7,$8,$9) OFFSET $10
prisma:query DELETE FROM "public"."refresh_tokens" WHERE "public"."refresh_tokens"."token" = $1
prisma:query SELECT 1
prisma:query SELECT "public"."users"."id", "public"."users"."email", "public"."users"."password", "public"."users"."role"::text, "public"."users"."firstName", "public"."users"."lastName", "public"."users"."zoneId", "public"."users"."isActive", "public"."users"."isVerified", "public"."users"."lockedUntil", "public"."users"."failedLoginAttempts" FROM "public"."users" WHERE ("public"."users"."email" = $1 AND 1=1) LIMIT $2 OFFSET $3
prisma:query BEGIN
prisma:query UPDATE "public"."users" SET "failedLoginAttempts" = $1, "lockedUntil" = $2, "lastLoginAt" = $3, "updatedAt" = $4 WHERE ("public"."users"."id" = $5 AND 1=1) RETURNING "public"."users"."id", "public"."users"."email", "public"."users"."password", "public"."users"."dni", "public"."users"."firstName", "public"."users"."lastName", "public"."users"."phone", "public"."users"."address", "public"."users"."district", "public"."users"."role"::text, "public"."users"."isActive", "public"."users"."isVerified", "public"."users"."emailVerificationToken", "public"."users"."emailVerificationExpiry", "public"."users"."passwordResetToken", "public"."users"."passwordResetExpiry", "public"."users"."failedLoginAttempts", "public"."users"."lockedUntil", "public"."users"."lastLoginAt", "public"."users"."zoneId", "public"."users"."homeLat", "public"."users"."homeLng", "public"."users"."alertRadius", "public"."users"."createdAt", "public"."users"."updatedAt"
prisma:query INSERT INTO "public"."refresh_tokens" ("id","token","userId","expiresAt","createdAt") VALUES ($1,$2,$3,$4,$5) RETURNING "public"."refresh_tokens"."id", "public"."refresh_tokens"."token", "public"."refresh_tokens"."userId", "public"."refresh_tokens"."expiresAt", "public"."refresh_tokens"."createdAt"
prisma:query COMMIT
prisma:query SELECT 1
prisma:query SELECT "public"."zones"."id", "public"."zones"."name", "public"."zones"."description", "public"."zones"."district", "public"."zones"."color", "public"."zones"."isActive", "public"."zones"."geometry", "public"."zones"."createdById", "public"."zones"."createdAt", "public"."zones"."updatedAt", COALESCE("aggr_selection_0_User"."_aggr_count_users", 0) AS "_aggr_count_users", COALESCE("aggr_selection_1_Route"."_aggr_count_routes", 0) AS "_aggr_count_routes" FROM "public"."zones" LEFT JOIN (SELECT "public"."users"."zoneId", COUNT(*) AS "_aggr_count_users" FROM "public"."users" WHERE 1=1 GROUP BY "public"."users"."zoneId") AS "aggr_selection_0_User" ON ("public"."zones"."id" = "aggr_selection_0_User"."zoneId") LEFT JOIN (SELECT "public"."routes"."zoneId", COUNT(*) AS "_aggr_count_routes" FROM "public"."routes" WHERE 1=1 GROUP BY "public"."routes"."zoneId") AS "aggr_selection_1_Route" ON ("public"."zones"."id" = "aggr_selection_1_Route"."zoneId") WHERE 1=1 ORDER BY "public"."zones"."createdAt" DESC OFFSET $1
prisma:query SELECT 1
prisma:query SELECT 1
prisma:query SELECT "public"."users"."id", "public"."users"."firstName", "public"."users"."lastName" FROM "public"."users" WHERE "public"."users"."id" IN ($1) OFFSET $2
prisma:query SELECT "public"."routes"."id", "public"."routes"."name", "public"."routes"."status"::text, "public"."routes"."zoneId", "public"."routes"."vehicleId", "public"."routes"."operatorId", "public"."routes"."createdById", "public"."routes"."dayOfWeek", "public"."routes"."startTime", "public"."routes"."estimatedDuration", "public"."routes"."pathGeometry", "public"."routes"."createdAt", "public"."routes"."updatedAt", COALESCE("aggr_selection_0_Waypoint"."_aggr_count_waypoints", 0) AS "_aggr_count_waypoints" FROM "public"."routes" LEFT JOIN (SELECT "public"."waypoints"."routeId", COUNT(*) AS "_aggr_count_waypoints" FROM "public"."waypoints" WHERE 1=1 GROUP BY "public"."waypoints"."routeId") AS "aggr_selection_0_Waypoint" ON ("public"."routes"."id" = "aggr_selection_0_Waypoint"."routeId") WHERE 1=1 ORDER BY "public"."routes"."createdAt" DESC OFFSET $1
prisma:query SELECT "public"."incidents"."id", "public"."incidents"."type"::text, "public"."incidents"."description", "public"."incidents"."status"::text, "public"."incidents"."imageUrl", "public"."incidents"."lat", "public"."incidents"."lng", "public"."incidents"."address", "public"."incidents"."citizenId", "public"."incidents"."trackingCode", "public"."incidents"."createdAt", "public"."incidents"."updatedAt" FROM "public"."incidents" WHERE 1=1 ORDER BY "public"."incidents"."createdAt" DESC OFFSET $1
prisma:query SELECT "public"."zones"."id", "public"."zones"."name", "public"."zones"."color" FROM "public"."zones" WHERE "public"."zones"."id" IN ($1,$2,$3,$4,$5,$6,$7,$8,$9) OFFSET $10
prisma:query SELECT "public"."vehicles"."id", "public"."vehicles"."plate", "public"."vehicles"."type"::text FROM "public"."vehicles" WHERE "public"."vehicles"."id" IN ($1,$2) OFFSET $3
prisma:query SELECT "public"."vehicles"."id", "public"."vehicles"."plate", "public"."vehicles"."type"::text, "public"."vehicles"."brand", "public"."vehicles"."model", "public"."vehicles"."year", "public"."vehicles"."capacity", "public"."vehicles"."status"::text, "public"."vehicles"."isActive", "public"."vehicles"."currentLat", "public"."vehicles"."currentLng", "public"."vehicles"."createdAt", "public"."vehicles"."updatedAt" FROM "public"."vehicles" WHERE 1=1 ORDER BY "public"."vehicles"."createdAt" DESC OFFSET $1
prisma:query SELECT "public"."users"."id", "public"."users"."firstName", "public"."users"."lastName" FROM "public"."users" WHERE "public"."users"."id" IN ($1,$2,$3,$4,$5,$6,$7,$8,$9) OFFSET $10
prisma:query SELECT "public"."zones"."id", "public"."zones"."name", "public"."zones"."description", "public"."zones"."district", "public"."zones"."color", "public"."zones"."isActive", "public"."zones"."geometry", "public"."zones"."createdById", "public"."zones"."createdAt", "public"."zones"."updatedAt", COALESCE("aggr_selection_0_User"."_aggr_count_users", 0) AS "_aggr_count_users", COALESCE("aggr_selection_1_Route"."_aggr_count_routes", 0) AS "_aggr_count_routes" FROM "public"."zones" LEFT JOIN (SELECT "public"."users"."zoneId", COUNT(*) AS "_aggr_count_users" FROM "public"."users" WHERE 1=1 GROUP BY "public"."users"."zoneId") AS "aggr_selection_0_User" ON ("public"."zones"."id" = "aggr_selection_0_User"."zoneId") LEFT JOIN (SELECT "public"."routes"."zoneId", COUNT(*) AS "_aggr_count_routes" FROM "public"."routes" WHERE 1=1 GROUP BY "public"."routes"."zoneId") AS "aggr_selection_1_Route" ON ("public"."zones"."id" = "aggr_selection_1_Route"."zoneId") WHERE 1=1 ORDER BY "public"."zones"."createdAt" DESC OFFSET $1
prisma:query SELECT "public"."incidents"."id", "public"."incidents"."type"::text, "public"."incidents"."description", "public"."incidents"."status"::text, "public"."incidents"."imageUrl", "public"."incidents"."lat", "public"."incidents"."lng", "public"."incidents"."address", "public"."incidents"."citizenId", "public"."incidents"."trackingCode", "public"."incidents"."createdAt", "public"."incidents"."updatedAt" FROM "public"."incidents" WHERE 1=1 ORDER BY "public"."incidents"."createdAt" DESC OFFSET $1
prisma:query SELECT "public"."vehicles"."id", "public"."vehicles"."plate", "public"."vehicles"."type"::text, "public"."vehicles"."brand", "public"."vehicles"."model", "public"."vehicles"."year", "public"."vehicles"."capacity", "public"."vehicles"."status"::text, "public"."vehicles"."isActive", "public"."vehicles"."currentLat", "public"."vehicles"."currentLng", "public"."vehicles"."createdAt", "public"."vehicles"."updatedAt" FROM "public"."vehicles" WHERE 1=1 ORDER BY "public"."vehicles"."createdAt" DESC OFFSET $1
prisma:query SELECT "public"."users"."id", "public"."users"."firstName", "public"."users"."lastName" FROM "public"."users" WHERE "public"."users"."id" IN ($1) OFFSET $2
prisma:query SELECT "public"."routes"."id", "public"."routes"."name", "public"."routes"."status"::text, "public"."routes"."zoneId", "public"."routes"."vehicleId", "public"."routes"."operatorId", "public"."routes"."createdById", "public"."routes"."dayOfWeek", "public"."routes"."startTime", "public"."routes"."estimatedDuration", "public"."routes"."pathGeometry", "public"."routes"."createdAt", "public"."routes"."updatedAt", COALESCE("aggr_selection_0_Waypoint"."_aggr_count_waypoints", 0) AS "_aggr_count_waypoints" FROM "public"."routes" LEFT JOIN (SELECT "public"."waypoints"."routeId", COUNT(*) AS "_aggr_count_waypoints" FROM "public"."waypoints" WHERE 1=1 GROUP BY "public"."waypoints"."routeId") AS "aggr_selection_0_Waypoint" ON ("public"."routes"."id" = "aggr_selection_0_Waypoint"."routeId") WHERE 1=1 ORDER BY "public"."routes"."createdAt" DESC OFFSET $1
prisma:query SELECT "public"."zones"."id", "public"."zones"."name", "public"."zones"."color" FROM "public"."zones" WHERE "public"."zones"."id" IN ($1,$2,$3,$4,$5,$6,$7,$8,$9) OFFSET $10
prisma:query SELECT "public"."vehicles"."id", "public"."vehicles"."plate", "public"."vehicles"."type"::text FROM "public"."vehicles" WHERE "public"."vehicles"."id" IN ($1,$2) OFFSET $3
prisma:query SELECT "public"."users"."id", "public"."users"."firstName", "public"."users"."lastName" FROM "public"."users" WHERE "public"."users"."id" IN ($1,$2,$3,$4,$5,$6,$7,$8,$9) OFFSET $10
prisma:query SELECT "public"."vehicles"."id", "public"."vehicles"."plate", "public"."vehicles"."type"::text, "public"."vehicles"."brand", "public"."vehicles"."model", "public"."vehicles"."year", "public"."vehicles"."capacity", "public"."vehicles"."status"::text, "public"."vehicles"."isActive", "public"."vehicles"."currentLat", "public"."vehicles"."currentLng", "public"."vehicles"."createdAt", "public"."vehicles"."updatedAt" FROM "public"."vehicles" WHERE 1=1 ORDER BY "public"."vehicles"."createdAt" DESC OFFSET $1
prisma:query SELECT "public"."routes"."id", "public"."routes"."name", "public"."routes"."status"::text, "public"."routes"."zoneId", "public"."routes"."vehicleId", "public"."routes"."operatorId", "public"."routes"."createdById", "public"."routes"."dayOfWeek", "public"."routes"."startTime", "public"."routes"."estimatedDuration", "public"."routes"."pathGeometry", "public"."routes"."createdAt", "public"."routes"."updatedAt", COALESCE("aggr_selection_0_Waypoint"."_aggr_count_waypoints", 0) AS "_aggr_count_waypoints" FROM "public"."routes" LEFT JOIN (SELECT "public"."waypoints"."routeId", COUNT(*) AS "_aggr_count_waypoints" FROM "public"."waypoints" WHERE 1=1 GROUP BY "public"."waypoints"."routeId") AS "aggr_selection_0_Waypoint" ON ("public"."routes"."id" = "aggr_selection_0_Waypoint"."routeId") WHERE 1=1 ORDER BY "public"."routes"."createdAt" DESC OFFSET $1
prisma:query SELECT "public"."zones"."id", "public"."zones"."name", "public"."zones"."description", "public"."zones"."district", "public"."zones"."color", "public"."zones"."isActive", "public"."zones"."geometry", "public"."zones"."createdById", "public"."zones"."createdAt", "public"."zones"."updatedAt", COALESCE("aggr_selection_0_User"."_aggr_count_users", 0) AS "_aggr_count_users", COALESCE("aggr_selection_1_Route"."_aggr_count_routes", 0) AS "_aggr_count_routes" FROM "public"."zones" LEFT JOIN (SELECT "public"."users"."zoneId", COUNT(*) AS "_aggr_count_users" FROM "public"."users" WHERE 1=1 GROUP BY "public"."users"."zoneId") AS "aggr_selection_0_User" ON ("public"."zones"."id" = "aggr_selection_0_User"."zoneId") LEFT JOIN (SELECT "public"."routes"."zoneId", COUNT(*) AS "_aggr_count_routes" FROM "public"."routes" WHERE 1=1 GROUP BY "public"."routes"."zoneId") AS "aggr_selection_1_Route" ON ("public"."zones"."id" = "aggr_selection_1_Route"."zoneId") WHERE 1=1 ORDER BY "public"."zones"."createdAt" DESC OFFSET $1
prisma:query SELECT "public"."users"."id", "public"."users"."firstName", "public"."users"."lastName" FROM "public"."users" WHERE "public"."users"."id" IN ($1) OFFSET $2
prisma:query SELECT "public"."zones"."id", "public"."zones"."name", "public"."zones"."color" FROM "public"."zones" WHERE "public"."zones"."id" IN ($1,$2,$3,$4,$5,$6,$7,$8,$9) OFFSET $10
prisma:query SELECT "public"."vehicles"."id", "public"."vehicles"."plate", "public"."vehicles"."type"::text FROM "public"."vehicles" WHERE "public"."vehicles"."id" IN ($1,$2) OFFSET $3
prisma:query SELECT "public"."users"."id", "public"."users"."firstName", "public"."users"."lastName" FROM "public"."users" WHERE "public"."users"."id" IN ($1,$2,$3,$4,$5,$6,$7,$8,$9) OFFSET $10
prisma:query SELECT "public"."users"."id", "public"."users"."firstName", "public"."users"."lastName", "public"."users"."email" FROM "public"."users" WHERE ("public"."users"."role" = CAST($1::text AS "public"."Role") AND "public"."users"."isActive" = $2) ORDER BY "public"."users"."firstName" ASC OFFSET $3
prisma:query SELECT "public"."zones"."id", "public"."zones"."name", "public"."zones"."description", "public"."zones"."district", "public"."zones"."color", "public"."zones"."isActive", "public"."zones"."geometry", "public"."zones"."createdById", "public"."zones"."createdAt", "public"."zones"."updatedAt", COALESCE("aggr_selection_0_User"."_aggr_count_users", 0) AS "_aggr_count_users", COALESCE("aggr_selection_1_Route"."_aggr_count_routes", 0) AS "_aggr_count_routes" FROM "public"."zones" LEFT JOIN (SELECT "public"."users"."zoneId", COUNT(*) AS "_aggr_count_users" FROM "public"."users" WHERE 1=1 GROUP BY "public"."users"."zoneId") AS "aggr_selection_0_User" ON ("public"."zones"."id" = "aggr_selection_0_User"."zoneId") LEFT JOIN (SELECT "public"."routes"."zoneId", COUNT(*) AS "_aggr_count_routes" FROM "public"."routes" WHERE 1=1 GROUP BY "public"."routes"."zoneId") AS "aggr_selection_1_Route" ON ("public"."zones"."id" = "aggr_selection_1_Route"."zoneId") WHERE 1=1 ORDER BY "public"."zones"."createdAt" DESC OFFSET $1
prisma:query SELECT "public"."users"."id", "public"."users"."firstName", "public"."users"."lastName" FROM "public"."users" WHERE "public"."users"."id" IN ($1) OFFSET $2
prisma:query SELECT "public"."zones"."id", "public"."zones"."name", "public"."zones"."description", "public"."zones"."district", "public"."zones"."color", "public"."zones"."isActive", "public"."zones"."geometry", "public"."zones"."createdById", "public"."zones"."createdAt", "public"."zones"."updatedAt", COALESCE("aggr_selection_0_User"."_aggr_count_users", 0) AS "_aggr_count_users", COALESCE("aggr_selection_1_Route"."_aggr_count_routes", 0) AS "_aggr_count_routes" FROM "public"."zones" LEFT JOIN (SELECT "public"."users"."zoneId", COUNT(*) AS "_aggr_count_users" FROM "public"."users" WHERE 1=1 GROUP BY "public"."users"."zoneId") AS "aggr_selection_0_User" ON ("public"."zones"."id" = "aggr_selection_0_User"."zoneId") LEFT JOIN (SELECT "public"."routes"."zoneId", COUNT(*) AS "_aggr_count_routes" FROM "public"."routes" WHERE 1=1 GROUP BY "public"."routes"."zoneId") AS "aggr_selection_1_Route" ON ("public"."zones"."id" = "aggr_selection_1_Route"."zoneId") WHERE 1=1 ORDER BY "public"."zones"."createdAt" DESC OFFSET $1
prisma:query SELECT "public"."users"."id", "public"."users"."firstName", "public"."users"."lastName" FROM "public"."users" WHERE "public"."users"."id" IN ($1) OFFSET $2
prisma:query SELECT "public"."vehicles"."id", "public"."vehicles"."plate", "public"."vehicles"."type"::text, "public"."vehicles"."brand", "public"."vehicles"."model", "public"."vehicles"."year", "public"."vehicles"."capacity", "public"."vehicles"."status"::text, "public"."vehicles"."isActive", "public"."vehicles"."currentLat", "public"."vehicles"."currentLng", "public"."vehicles"."createdAt", "public"."vehicles"."updatedAt" FROM "public"."vehicles" WHERE 1=1 ORDER BY "public"."vehicles"."createdAt" DESC OFFSET $1
prisma:query SELECT "public"."routes"."id", "public"."routes"."name", "public"."routes"."status"::text, "public"."routes"."zoneId", "public"."routes"."vehicleId", "public"."routes"."operatorId", "public"."routes"."createdById", "public"."routes"."dayOfWeek", "public"."routes"."startTime", "public"."routes"."estimatedDuration", "public"."routes"."pathGeometry", "public"."routes"."createdAt", "public"."routes"."updatedAt", COALESCE("aggr_selection_0_Waypoint"."_aggr_count_waypoints", 0) AS "_aggr_count_waypoints" FROM "public"."routes" LEFT JOIN (SELECT "public"."waypoints"."routeId", COUNT(*) AS "_aggr_count_waypoints" FROM "public"."waypoints" WHERE 1=1 GROUP BY "public"."waypoints"."routeId") AS "aggr_selection_0_Waypoint" ON ("public"."routes"."id" = "aggr_selection_0_Waypoint"."routeId") WHERE 1=1 ORDER BY "public"."routes"."createdAt" DESC OFFSET $1
prisma:query SELECT "public"."zones"."id", "public"."zones"."name", "public"."zones"."description", "public"."zones"."district", "public"."zones"."color", "public"."zones"."isActive", "public"."zones"."geometry", "public"."zones"."createdById", "public"."zones"."createdAt", "public"."zones"."updatedAt", COALESCE("aggr_selection_0_User"."_aggr_count_users", 0) AS "_aggr_count_users", COALESCE("aggr_selection_1_Route"."_aggr_count_routes", 0) AS "_aggr_count_routes" FROM "public"."zones" LEFT JOIN (SELECT "public"."users"."zoneId", COUNT(*) AS "_aggr_count_users" FROM "public"."users" WHERE 1=1 GROUP BY "public"."users"."zoneId") AS "aggr_selection_0_User" ON ("public"."zones"."id" = "aggr_selection_0_User"."zoneId") LEFT JOIN (SELECT "public"."routes"."zoneId", COUNT(*) AS "_aggr_count_routes" FROM "public"."routes" WHERE 1=1 GROUP BY "public"."routes"."zoneId") AS "aggr_selection_1_Route" ON ("public"."zones"."id" = "aggr_selection_1_Route"."zoneId") WHERE 1=1 ORDER BY "public"."zones"."createdAt" DESC OFFSET $1
prisma:query SELECT "public"."users"."id", "public"."users"."firstName", "public"."users"."lastName" FROM "public"."users" WHERE "public"."users"."id" IN ($1) OFFSET $2
prisma:query SELECT "public"."zones"."id", "public"."zones"."name", "public"."zones"."color" FROM "public"."zones" WHERE "public"."zones"."id" IN ($1,$2,$3,$4,$5,$6,$7,$8,$9) OFFSET $10
prisma:query SELECT "public"."vehicles"."id", "public"."vehicles"."plate", "public"."vehicles"."type"::text FROM "public"."vehicles" WHERE "public"."vehicles"."id" IN ($1,$2) OFFSET $3
prisma:query SELECT "public"."users"."id", "public"."users"."firstName", "public"."users"."lastName" FROM "public"."users" WHERE "public"."users"."id" IN ($1,$2,$3,$4,$5,$6,$7,$8,$9) OFFSET $10
prisma:query SELECT "public"."users"."id", "public"."users"."firstName", "public"."users"."lastName", "public"."users"."email" FROM "public"."users" WHERE ("public"."users"."role" = CAST($1::text AS "public"."Role") AND "public"."users"."isActive" = $2) ORDER BY "public"."users"."firstName" ASC OFFSET $3
prisma:query DELETE FROM "public"."refresh_tokens" WHERE "public"."refresh_tokens"."token" = $1
[INFO] 05:48:34 Restarting: D:\Proyectos\Ing de Sofware\recoleccion\backend\src\services\incident.service.ts has been modified
✅ Conectado a PostgreSQL
🚀 Backend corriendo en http://localhost:4000
   WebSocket (Socket.io) activo
   Ambiente: development
   Frontend: http://localhost:3000
[INFO] 05:59:32 Restarting: D:\Proyectos\Ing de Sofware\recoleccion\backend\src\services\incident.service.ts has been modified
✅ Conectado a PostgreSQL
🚀 Backend corriendo en http://localhost:4000
   WebSocket (Socket.io) activo
   Ambiente: development
   Frontend: http://localhost:3000
